"MasterID","GeneID","JoinKey","Sequence","SeqIndex","AlnCol","AlnLength","Residue","File","Gene","Script ID","Modification","Fraction modified","Highest Intensity","Median Intensity","source_file"
42,"Aarg_AgSp1__FC511","Aarg_AgSp1__FC511","Aarg_AgSp1__FC511_nt",1,42,157,"S","Aa_Updated_RM_Final_File.fasta","Aarg_AgSp1__FC511",1,"Phos","0.9161311388128238",318410000,7930100,"A_argentata_quantified_raw.txt"
42,"Aarg_AgSp1__FC511","Aarg_AgSp1__FC511","Aarg_AgSp1__FC511_nt",1,42,157,"S","Aa_Updated_RM_Final_File.fasta","Aarg_AgSp1__FC511",3,"Phos","0.8535227536725317",496680000,48876000,"A_argentata_quantified_raw.txt"
42,"Aarg_AgSp1__FC511","Aarg_AgSp1__FC511","Aarg_AgSp1__FC511_nt",1,42,157,"S","Aa_Updated_RM_Final_File.fasta","Aarg_AgSp1__FC511",5,"Phos","Cannot Determine",496680000,48876000,"A_argentata_quantified_raw.txt"
43,"Aarg_AgSp1__FC511","Aarg_AgSp1__FC511","Aarg_AgSp1__FC511_nt",1,43,157,"S","Aa_Updated_RM_Final_File.fasta","Aarg_AgSp1__FC511",1,"Phos","0.872778507464619",318410000,7930100,"A_argentata_quantified_raw.txt"
43,"Aarg_AgSp1__FC511","Aarg_AgSp1__FC511","Aarg_AgSp1__FC511_nt",1,43,157,"S","Aa_Updated_RM_Final_File.fasta","Aarg_AgSp1__FC511",3,"Phos","0.8796338481582716",496680000,48876000,"A_argentata_quantified_raw.txt"
43,"Aarg_AgSp1__FC511","Aarg_AgSp1__FC511","Aarg_AgSp1__FC511_nt",1,43,157,"S","Aa_Updated_RM_Final_File.fasta","Aarg_AgSp1__FC511",5,"Phos","Cannot Determine",496680000,48876000,"A_argentata_quantified_raw.txt"
44,"Aarg_AgSp1__FC511","Aarg_AgSp1__FC511","Aarg_AgSp1__FC511_nt",1,44,157,"T","Aa_Updated_RM_Final_File.fasta","Aarg_AgSp1__FC511",1,"Phos","0.8855326014777076",318410000,7930100,"A_argentata_quantified_raw.txt"
295,"Aarg_AgSp1__FC511_rr_1","Aarg_AgSp1__FC511","Aarg_AgSp1__FC511_rr_1",3,28,48,"S","Aa_Updated_RM_Final_File.fasta","Aarg_AgSp1__FC511",1,"Phos","Only modified detected",3261300,3261300,"A_argentata_quantified_raw.txt"
295,"Aarg_AgSp1__FC511_rr_1","Aarg_AgSp1__FC511","Aarg_AgSp1__FC511_rr_1",3,28,48,"S","Aa_Updated_RM_Final_File.fasta","Aarg_AgSp1__FC511",3,"Phos","Only modified detected",12240000,8848950,"A_argentata_quantified_raw.txt"
295,"Aarg_AgSp1__FC511_rr_1","Aarg_AgSp1__FC511","Aarg_AgSp1__FC511_rr_1",3,28,48,"S","Aa_Updated_RM_Final_File.fasta","Aarg_AgSp1__FC511",5,"Phos","Only modified detected",12240000,8848950,"A_argentata_quantified_raw.txt"
339,"Aarg_AgSp1__FC511_rr_2","Aarg_AgSp1__FC511","Aarg_AgSp1__FC511_rr_2",4,24,68,"T","Aa_Updated_RM_Final_File.fasta","Aarg_AgSp1__FC511",7,"Hex","Cannot Determine",49352000,6424600,"A_argentata_quantified_raw.txt"
339,"Aarg_AgSp1__FC511_rr_2","Aarg_AgSp1__FC511","Aarg_AgSp1__FC511_rr_2",4,24,68,"T","Aa_Updated_RM_Final_File.fasta","Aarg_AgSp1__FC511",9,"Hex","0.9288568380013014",70144000,11356000,"A_argentata_quantified_raw.txt"
339,"Aarg_AgSp1__FC511_rr_2","Aarg_AgSp1__FC511","Aarg_AgSp1__FC511_rr_2",4,24,68,"T","Aa_Updated_RM_Final_File.fasta","Aarg_AgSp1__FC511",11,"Hex","0.22875422142546645",70144000,11356000,"A_argentata_quantified_raw.txt"
341,"Aarg_AgSp1__FC511_rr_2","Aarg_AgSp1__FC511","Aarg_AgSp1__FC511_rr_2",4,26,68,"T","Aa_Updated_RM_Final_File.fasta","Aarg_AgSp1__FC511",7,"Hex","0.3365812654273041",49352000,6424600,"A_argentata_quantified_raw.txt"
341,"Aarg_AgSp1__FC511_rr_2","Aarg_AgSp1__FC511","Aarg_AgSp1__FC511_rr_2",4,26,68,"T","Aa_Updated_RM_Final_File.fasta","Aarg_AgSp1__FC511",9,"Hex","0.3105292166481214",70144000,11356000,"A_argentata_quantified_raw.txt"
341,"Aarg_AgSp1__FC511_rr_2","Aarg_AgSp1__FC511","Aarg_AgSp1__FC511_rr_2",4,26,68,"T","Aa_Updated_RM_Final_File.fasta","Aarg_AgSp1__FC511",11,"Hex","Cannot Determine",70144000,11356000,"A_argentata_quantified_raw.txt"
342,"Aarg_AgSp1__FC511_rr_2","Aarg_AgSp1__FC511","Aarg_AgSp1__FC511_rr_2",4,27,68,"T","Aa_Updated_RM_Final_File.fasta","Aarg_AgSp1__FC511",7,"Hex","Only modified detected",49352000,6424600,"A_argentata_quantified_raw.txt"
342,"Aarg_AgSp1__FC511_rr_2","Aarg_AgSp1__FC511","Aarg_AgSp1__FC511_rr_2",4,27,68,"T","Aa_Updated_RM_Final_File.fasta","Aarg_AgSp1__FC511",9,"Hex","Only modified detected",70144000,11356000,"A_argentata_quantified_raw.txt"
342,"Aarg_AgSp1__FC511_rr_2","Aarg_AgSp1__FC511","Aarg_AgSp1__FC511_rr_2",4,27,68,"T","Aa_Updated_RM_Final_File.fasta","Aarg_AgSp1__FC511",11,"Hex","Only modified detected",70144000,11356000,"A_argentata_quantified_raw.txt"
347,"Aarg_AgSp1__FC511_rr_2","Aarg_AgSp1__FC511","Aarg_AgSp1__FC511_rr_2",4,32,68,"T","Aa_Updated_RM_Final_File.fasta","Aarg_AgSp1__FC511",7,"Hex","Cannot Determine",49352000,6424600,"A_argentata_quantified_raw.txt"
347,"Aarg_AgSp1__FC511_rr_2","Aarg_AgSp1__FC511","Aarg_AgSp1__FC511_rr_2",4,32,68,"T","Aa_Updated_RM_Final_File.fasta","Aarg_AgSp1__FC511",9,"Hex","0.07114316199869863",70144000,11356000,"A_argentata_quantified_raw.txt"
347,"Aarg_AgSp1__FC511_rr_2","Aarg_AgSp1__FC511","Aarg_AgSp1__FC511_rr_2",4,32,68,"T","Aa_Updated_RM_Final_File.fasta","Aarg_AgSp1__FC511",11,"Hex","0.7712457785745337",70144000,11356000,"A_argentata_quantified_raw.txt"
365,"Aarg_AgSp1__FC511_rr_2","Aarg_AgSp1__FC511","Aarg_AgSp1__FC511_rr_2",4,50,68,"T","Aa_Updated_RM_Final_File.fasta","Aarg_AgSp1__FC511",7,"Hex","Only modified detected",13456000,13044500,"A_argentata_quantified_raw.txt"
365,"Aarg_AgSp1__FC511_rr_2","Aarg_AgSp1__FC511","Aarg_AgSp1__FC511_rr_2",4,50,68,"T","Aa_Updated_RM_Final_File.fasta","Aarg_AgSp1__FC511",9,"Hex","Only modified detected",16005000,15492500,"A_argentata_quantified_raw.txt"
365,"Aarg_AgSp1__FC511_rr_2","Aarg_AgSp1__FC511","Aarg_AgSp1__FC511_rr_2",4,50,68,"T","Aa_Updated_RM_Final_File.fasta","Aarg_AgSp1__FC511",11,"Hex","Only modified detected",16005000,15492500,"A_argentata_quantified_raw.txt"
368,"Aarg_AgSp1__FC511_rr_2","Aarg_AgSp1__FC511","Aarg_AgSp1__FC511_rr_2",4,53,68,"T","Aa_Updated_RM_Final_File.fasta","Aarg_AgSp1__FC511",7,"Hex","0.5248583656972159",13456000,13044500,"A_argentata_quantified_raw.txt"
368,"Aarg_AgSp1__FC511_rr_2","Aarg_AgSp1__FC511","Aarg_AgSp1__FC511_rr_2",4,53,68,"T","Aa_Updated_RM_Final_File.fasta","Aarg_AgSp1__FC511",9,"Hex","Cannot Determine",16005000,15492500,"A_argentata_quantified_raw.txt"
368,"Aarg_AgSp1__FC511_rr_2","Aarg_AgSp1__FC511","Aarg_AgSp1__FC511_rr_2",4,53,68,"T","Aa_Updated_RM_Final_File.fasta","Aarg_AgSp1__FC511",11,"Hex","0.43275634352579073",16005000,15492500,"A_argentata_quantified_raw.txt"
370,"Aarg_AgSp1__FC511_rr_2","Aarg_AgSp1__FC511","Aarg_AgSp1__FC511_rr_2",4,55,68,"T","Aa_Updated_RM_Final_File.fasta","Aarg_AgSp1__FC511",7,"Hex","0.47514163430278394",13456000,13044500,"A_argentata_quantified_raw.txt"
370,"Aarg_AgSp1__FC511_rr_2","Aarg_AgSp1__FC511","Aarg_AgSp1__FC511_rr_2",4,55,68,"T","Aa_Updated_RM_Final_File.fasta","Aarg_AgSp1__FC511",9,"Hex","Cannot Determine",16005000,15492500,"A_argentata_quantified_raw.txt"
370,"Aarg_AgSp1__FC511_rr_2","Aarg_AgSp1__FC511","Aarg_AgSp1__FC511_rr_2",4,55,68,"T","Aa_Updated_RM_Final_File.fasta","Aarg_AgSp1__FC511",11,"Hex","0.5672436564742093",16005000,15492500,"A_argentata_quantified_raw.txt"
408,"Aarg_AgSp1__FC511_rr_3","Aarg_AgSp1__FC511","Aarg_AgSp1__FC511_rr_3",5,25,91,"T","Aa_Updated_RM_Final_File.fasta","Aarg_AgSp1__FC511",7,"Hex","Only modified detected",7211800,6238000,"A_argentata_quantified_raw.txt"
408,"Aarg_AgSp1__FC511_rr_3","Aarg_AgSp1__FC511","Aarg_AgSp1__FC511_rr_3",5,25,91,"T","Aa_Updated_RM_Final_File.fasta","Aarg_AgSp1__FC511",9,"Hex","Cannot Determine",2387200,1544165,"A_argentata_quantified_raw.txt"
408,"Aarg_AgSp1__FC511_rr_3","Aarg_AgSp1__FC511","Aarg_AgSp1__FC511_rr_3",5,25,91,"T","Aa_Updated_RM_Final_File.fasta","Aarg_AgSp1__FC511",11,"Hex","Cannot Determine",2387200,1544165,"A_argentata_quantified_raw.txt"
415,"Aarg_AgSp1__FC511_rr_3","Aarg_AgSp1__FC511","Aarg_AgSp1__FC511_rr_3",5,32,91,"S","Aa_Updated_RM_Final_File.fasta","Aarg_AgSp1__FC511",7,"Hex","Cannot Determine",7211800,6238000,"A_argentata_quantified_raw.txt"
416,"Aarg_AgSp1__FC511_rr_3","Aarg_AgSp1__FC511","Aarg_AgSp1__FC511_rr_3",5,33,91,"T","Aa_Updated_RM_Final_File.fasta","Aarg_AgSp1__FC511",7,"Hex","Cannot Determine",7211800,6238000,"A_argentata_quantified_raw.txt"
433,"Aarg_AgSp1__FC511_rr_3","Aarg_AgSp1__FC511","Aarg_AgSp1__FC511_rr_3",5,50,91,"T","Aa_Updated_RM_Final_File.fasta","Aarg_AgSp1__FC511",7,"Hex","Only modified detected",23855000,10984750,"A_argentata_quantified_raw.txt"
433,"Aarg_AgSp1__FC511_rr_3","Aarg_AgSp1__FC511","Aarg_AgSp1__FC511_rr_3",5,50,91,"T","Aa_Updated_RM_Final_File.fasta","Aarg_AgSp1__FC511",9,"Hex","Cannot Determine",47184000,15257500,"A_argentata_quantified_raw.txt"
433,"Aarg_AgSp1__FC511_rr_3","Aarg_AgSp1__FC511","Aarg_AgSp1__FC511_rr_3",5,50,91,"T","Aa_Updated_RM_Final_File.fasta","Aarg_AgSp1__FC511",11,"Hex","Cannot Determine",47184000,15257500,"A_argentata_quantified_raw.txt"
438,"Aarg_AgSp1__FC511_rr_3","Aarg_AgSp1__FC511","Aarg_AgSp1__FC511_rr_3",5,55,91,"T","Aa_Updated_RM_Final_File.fasta","Aarg_AgSp1__FC511",7,"Hex","Only modified detected",23855000,10984750,"A_argentata_quantified_raw.txt"
438,"Aarg_AgSp1__FC511_rr_3","Aarg_AgSp1__FC511","Aarg_AgSp1__FC511_rr_3",5,55,91,"T","Aa_Updated_RM_Final_File.fasta","Aarg_AgSp1__FC511",9,"Hex","Only modified detected",47184000,15257500,"A_argentata_quantified_raw.txt"
438,"Aarg_AgSp1__FC511_rr_3","Aarg_AgSp1__FC511","Aarg_AgSp1__FC511_rr_3",5,55,91,"T","Aa_Updated_RM_Final_File.fasta","Aarg_AgSp1__FC511",11,"Hex","Only modified detected",47184000,15257500,"A_argentata_quantified_raw.txt"
455,"Aarg_AgSp1__FC511_rr_3","Aarg_AgSp1__FC511","Aarg_AgSp1__FC511_rr_3",5,72,91,"T","Aa_Updated_RM_Final_File.fasta","Aarg_AgSp1__FC511",7,"Hex","Only modified detected",17611000,17611000,"A_argentata_quantified_raw.txt"
455,"Aarg_AgSp1__FC511_rr_3","Aarg_AgSp1__FC511","Aarg_AgSp1__FC511_rr_3",5,72,91,"T","Aa_Updated_RM_Final_File.fasta","Aarg_AgSp1__FC511",9,"Hex","Only modified detected",29874000,29874000,"A_argentata_quantified_raw.txt"
455,"Aarg_AgSp1__FC511_rr_3","Aarg_AgSp1__FC511","Aarg_AgSp1__FC511_rr_3",5,72,91,"T","Aa_Updated_RM_Final_File.fasta","Aarg_AgSp1__FC511",11,"Hex","Only modified detected",29874000,29874000,"A_argentata_quantified_raw.txt"
459,"Aarg_AgSp1__FC511_rr_3","Aarg_AgSp1__FC511","Aarg_AgSp1__FC511_rr_3",5,76,91,"T","Aa_Updated_RM_Final_File.fasta","Aarg_AgSp1__FC511",7,"Hex","Only modified detected",17611000,17611000,"A_argentata_quantified_raw.txt"
459,"Aarg_AgSp1__FC511_rr_3","Aarg_AgSp1__FC511","Aarg_AgSp1__FC511_rr_3",5,76,91,"T","Aa_Updated_RM_Final_File.fasta","Aarg_AgSp1__FC511",9,"Hex","Only modified detected",29874000,29874000,"A_argentata_quantified_raw.txt"
459,"Aarg_AgSp1__FC511_rr_3","Aarg_AgSp1__FC511","Aarg_AgSp1__FC511_rr_3",5,76,91,"T","Aa_Updated_RM_Final_File.fasta","Aarg_AgSp1__FC511",11,"Hex","Only modified detected",29874000,29874000,"A_argentata_quantified_raw.txt"
474,"Aarg_AgSp1__FC511_rr_3","Aarg_AgSp1__FC511","Aarg_AgSp1__FC511_rr_3",5,91,91,"S","Aa_Updated_RM_Final_File.fasta","Aarg_AgSp1__FC511",7,"Hex","Only modified detected",3060800,2172400,"A_argentata_quantified_raw.txt"
477,"Aarg_AgSp1__FC511_rr_4","Aarg_AgSp1__FC511","Aarg_AgSp1__FC511_rr_4",6,3,88,"T","Aa_Updated_RM_Final_File.fasta","Aarg_AgSp1__FC511",7,"Hex","Only modified detected",3060800,2172400,"A_argentata_quantified_raw.txt"
478,"Aarg_AgSp1__FC511_rr_4","Aarg_AgSp1__FC511","Aarg_AgSp1__FC511_rr_4",6,4,88,"T","Aa_Updated_RM_Final_File.fasta","Aarg_AgSp1__FC511",7,"Hex","Only modified detected",3060800,2172400,"A_argentata_quantified_raw.txt"
496,"Aarg_AgSp1__FC511_rr_4","Aarg_AgSp1__FC511","Aarg_AgSp1__FC511_rr_4",6,22,88,"T","Aa_Updated_RM_Final_File.fasta","Aarg_AgSp1__FC511",7,"Hex","Only modified detected",17209000,11348400,"A_argentata_quantified_raw.txt"
496,"Aarg_AgSp1__FC511_rr_4","Aarg_AgSp1__FC511","Aarg_AgSp1__FC511_rr_4",6,22,88,"T","Aa_Updated_RM_Final_File.fasta","Aarg_AgSp1__FC511",9,"Hex","Only modified detected",19029000,12284450,"A_argentata_quantified_raw.txt"
496,"Aarg_AgSp1__FC511_rr_4","Aarg_AgSp1__FC511","Aarg_AgSp1__FC511_rr_4",6,22,88,"T","Aa_Updated_RM_Final_File.fasta","Aarg_AgSp1__FC511",11,"Hex","Only modified detected",19029000,12284450,"A_argentata_quantified_raw.txt"
584,"Aarg_AgSp1__FC511_rr_5","Aarg_AgSp1__FC511","Aarg_AgSp1__FC511_rr_5",7,22,88,"T","Aa_Updated_RM_Final_File.fasta","Aarg_AgSp1__FC511",7,"Hex","Cannot Determine",32929000,28121000,"A_argentata_quantified_raw.txt"
584,"Aarg_AgSp1__FC511_rr_5","Aarg_AgSp1__FC511","Aarg_AgSp1__FC511_rr_5",7,22,88,"T","Aa_Updated_RM_Final_File.fasta","Aarg_AgSp1__FC511",9,"Hex","Cannot Determine",39117000,37678000,"A_argentata_quantified_raw.txt"
584,"Aarg_AgSp1__FC511_rr_5","Aarg_AgSp1__FC511","Aarg_AgSp1__FC511_rr_5",7,22,88,"T","Aa_Updated_RM_Final_File.fasta","Aarg_AgSp1__FC511",11,"Hex","Cannot Determine",39117000,37678000,"A_argentata_quantified_raw.txt"
591,"Aarg_AgSp1__FC511_rr_5","Aarg_AgSp1__FC511","Aarg_AgSp1__FC511_rr_5",7,29,88,"T","Aa_Updated_RM_Final_File.fasta","Aarg_AgSp1__FC511",7,"Hex","Only modified detected",24691000,14569650,"A_argentata_quantified_raw.txt"
591,"Aarg_AgSp1__FC511_rr_5","Aarg_AgSp1__FC511","Aarg_AgSp1__FC511_rr_5",7,29,88,"T","Aa_Updated_RM_Final_File.fasta","Aarg_AgSp1__FC511",9,"Hex","Cannot Determine",44447000,9170600,"A_argentata_quantified_raw.txt"
591,"Aarg_AgSp1__FC511_rr_5","Aarg_AgSp1__FC511","Aarg_AgSp1__FC511_rr_5",7,29,88,"T","Aa_Updated_RM_Final_File.fasta","Aarg_AgSp1__FC511",11,"Hex","Cannot Determine",44447000,9170600,"A_argentata_quantified_raw.txt"
608,"Aarg_AgSp1__FC511_rr_5","Aarg_AgSp1__FC511","Aarg_AgSp1__FC511_rr_5",7,46,88,"S","Aa_Updated_RM_Final_File.fasta","Aarg_AgSp1__FC511",7,"Hex","Only modified detected",24691000,14569650,"A_argentata_quantified_raw.txt"
608,"Aarg_AgSp1__FC511_rr_5","Aarg_AgSp1__FC511","Aarg_AgSp1__FC511_rr_5",7,46,88,"S","Aa_Updated_RM_Final_File.fasta","Aarg_AgSp1__FC511",9,"Hex","Only modified detected",44447000,9170600,"A_argentata_quantified_raw.txt"
608,"Aarg_AgSp1__FC511_rr_5","Aarg_AgSp1__FC511","Aarg_AgSp1__FC511_rr_5",7,46,88,"S","Aa_Updated_RM_Final_File.fasta","Aarg_AgSp1__FC511",11,"Hex","Only modified detected",44447000,9170600,"A_argentata_quantified_raw.txt"
609,"Aarg_AgSp1__FC511_rr_5","Aarg_AgSp1__FC511","Aarg_AgSp1__FC511_rr_5",7,47,88,"S","Aa_Updated_RM_Final_File.fasta","Aarg_AgSp1__FC511",7,"Hex","Cannot Determine",24691000,14569650,"A_argentata_quantified_raw.txt"
609,"Aarg_AgSp1__FC511_rr_5","Aarg_AgSp1__FC511","Aarg_AgSp1__FC511_rr_5",7,47,88,"S","Aa_Updated_RM_Final_File.fasta","Aarg_AgSp1__FC511",9,"Hex","Cannot Determine",44447000,9170600,"A_argentata_quantified_raw.txt"
609,"Aarg_AgSp1__FC511_rr_5","Aarg_AgSp1__FC511","Aarg_AgSp1__FC511_rr_5",7,47,88,"S","Aa_Updated_RM_Final_File.fasta","Aarg_AgSp1__FC511",11,"Hex","Cannot Determine",44447000,9170600,"A_argentata_quantified_raw.txt"
614,"Aarg_AgSp1__FC511_rr_5","Aarg_AgSp1__FC511","Aarg_AgSp1__FC511_rr_5",7,52,88,"T","Aa_Updated_RM_Final_File.fasta","Aarg_AgSp1__FC511",9,"Hex","Cannot Determine",44447000,9170600,"A_argentata_quantified_raw.txt"
614,"Aarg_AgSp1__FC511_rr_5","Aarg_AgSp1__FC511","Aarg_AgSp1__FC511_rr_5",7,52,88,"T","Aa_Updated_RM_Final_File.fasta","Aarg_AgSp1__FC511",11,"Hex","Cannot Determine",44447000,9170600,"A_argentata_quantified_raw.txt"
672,"Aarg_AgSp1__FC511_rr_6","Aarg_AgSp1__FC511","Aarg_AgSp1__FC511_rr_6",8,22,43,"T","Aa_Updated_RM_Final_File.fasta","Aarg_AgSp1__FC511",7,"Hex","Only modified detected",57194000,24665000,"A_argentata_quantified_raw.txt"
672,"Aarg_AgSp1__FC511_rr_6","Aarg_AgSp1__FC511","Aarg_AgSp1__FC511_rr_6",8,22,43,"T","Aa_Updated_RM_Final_File.fasta","Aarg_AgSp1__FC511",9,"Hex","Cannot Determine",70953000,22729000,"A_argentata_quantified_raw.txt"
672,"Aarg_AgSp1__FC511_rr_6","Aarg_AgSp1__FC511","Aarg_AgSp1__FC511_rr_6",8,22,43,"T","Aa_Updated_RM_Final_File.fasta","Aarg_AgSp1__FC511",11,"Hex","0.6355769417419311",70953000,22729000,"A_argentata_quantified_raw.txt"
696,"Aarg_AgSp1__FC511_rr_7","Aarg_AgSp1__FC511","Aarg_AgSp1__FC511_rr_7",9,3,45,"T","Aa_Updated_RM_Final_File.fasta","Aarg_AgSp1__FC511",9,"Hex","Only modified detected",4667500,4667500,"A_argentata_quantified_raw.txt"
696,"Aarg_AgSp1__FC511_rr_7","Aarg_AgSp1__FC511","Aarg_AgSp1__FC511_rr_7",9,3,45,"T","Aa_Updated_RM_Final_File.fasta","Aarg_AgSp1__FC511",11,"Hex","Only modified detected",4667500,4667500,"A_argentata_quantified_raw.txt"
697,"Aarg_AgSp1__FC511_rr_7","Aarg_AgSp1__FC511","Aarg_AgSp1__FC511_rr_7",9,4,45,"T","Aa_Updated_RM_Final_File.fasta","Aarg_AgSp1__FC511",9,"Hex","Only modified detected",4667500,4667500,"A_argentata_quantified_raw.txt"
697,"Aarg_AgSp1__FC511_rr_7","Aarg_AgSp1__FC511","Aarg_AgSp1__FC511_rr_7",9,4,45,"T","Aa_Updated_RM_Final_File.fasta","Aarg_AgSp1__FC511",11,"Hex","Only modified detected",4667500,4667500,"A_argentata_quantified_raw.txt"
700,"Aarg_AgSp1__FC511_rr_7","Aarg_AgSp1__FC511","Aarg_AgSp1__FC511_rr_7",9,7,45,"T","Aa_Updated_RM_Final_File.fasta","Aarg_AgSp1__FC511",9,"Hex","Only modified detected",4667500,4667500,"A_argentata_quantified_raw.txt"
700,"Aarg_AgSp1__FC511_rr_7","Aarg_AgSp1__FC511","Aarg_AgSp1__FC511_rr_7",9,7,45,"T","Aa_Updated_RM_Final_File.fasta","Aarg_AgSp1__FC511",11,"Hex","Only modified detected",4667500,4667500,"A_argentata_quantified_raw.txt"
717,"Aarg_AgSp1__FC511_rr_7","Aarg_AgSp1__FC511","Aarg_AgSp1__FC511_rr_7",9,24,45,"S","Aa_Updated_RM_Final_File.fasta","Aarg_AgSp1__FC511",7,"Hex","0.9943425372992684",13343000,8936600,"A_argentata_quantified_raw.txt"
717,"Aarg_AgSp1__FC511_rr_7","Aarg_AgSp1__FC511","Aarg_AgSp1__FC511_rr_7",9,24,45,"S","Aa_Updated_RM_Final_File.fasta","Aarg_AgSp1__FC511",9,"Hex","Only modified detected",21598000,13448750,"A_argentata_quantified_raw.txt"
717,"Aarg_AgSp1__FC511_rr_7","Aarg_AgSp1__FC511","Aarg_AgSp1__FC511_rr_7",9,24,45,"S","Aa_Updated_RM_Final_File.fasta","Aarg_AgSp1__FC511",11,"Hex","Only modified detected",21598000,13448750,"A_argentata_quantified_raw.txt"
720,"Aarg_AgSp1__FC511_rr_7","Aarg_AgSp1__FC511","Aarg_AgSp1__FC511_rr_7",9,27,45,"T","Aa_Updated_RM_Final_File.fasta","Aarg_AgSp1__FC511",7,"Hex","0.005657462700731687",13343000,8936600,"A_argentata_quantified_raw.txt"
723,"Aarg_AgSp1__FC511_rr_7","Aarg_AgSp1__FC511","Aarg_AgSp1__FC511_rr_7",9,30,45,"T","Aa_Updated_RM_Final_File.fasta","Aarg_AgSp1__FC511",7,"Hex","Only modified detected",13343000,8936600,"A_argentata_quantified_raw.txt"
723,"Aarg_AgSp1__FC511_rr_7","Aarg_AgSp1__FC511","Aarg_AgSp1__FC511_rr_7",9,30,45,"T","Aa_Updated_RM_Final_File.fasta","Aarg_AgSp1__FC511",9,"Hex","Only modified detected",21598000,13448750,"A_argentata_quantified_raw.txt"
723,"Aarg_AgSp1__FC511_rr_7","Aarg_AgSp1__FC511","Aarg_AgSp1__FC511_rr_7",9,30,45,"T","Aa_Updated_RM_Final_File.fasta","Aarg_AgSp1__FC511",11,"Hex","Only modified detected",21598000,13448750,"A_argentata_quantified_raw.txt"
809,"Aarg_AgSp1__FC511_rr_9","Aarg_AgSp1__FC511","Aarg_AgSp1__FC511_rr_9",11,3,88,"T","Aa_Updated_RM_Final_File.fasta","Aarg_AgSp1__FC511",7,"Hex","Only modified detected",6593500,6593500,"A_argentata_quantified_raw.txt"
809,"Aarg_AgSp1__FC511_rr_9","Aarg_AgSp1__FC511","Aarg_AgSp1__FC511_rr_9",11,3,88,"T","Aa_Updated_RM_Final_File.fasta","Aarg_AgSp1__FC511",9,"Hex","Only modified detected",7313800,7313800,"A_argentata_quantified_raw.txt"
809,"Aarg_AgSp1__FC511_rr_9","Aarg_AgSp1__FC511","Aarg_AgSp1__FC511_rr_9",11,3,88,"T","Aa_Updated_RM_Final_File.fasta","Aarg_AgSp1__FC511",11,"Hex","Only modified detected",7313800,7313800,"A_argentata_quantified_raw.txt"
815,"Aarg_AgSp1__FC511_rr_9","Aarg_AgSp1__FC511","Aarg_AgSp1__FC511_rr_9",11,9,88,"T","Aa_Updated_RM_Final_File.fasta","Aarg_AgSp1__FC511",7,"Hex","Only modified detected",6593500,6593500,"A_argentata_quantified_raw.txt"
815,"Aarg_AgSp1__FC511_rr_9","Aarg_AgSp1__FC511","Aarg_AgSp1__FC511_rr_9",11,9,88,"T","Aa_Updated_RM_Final_File.fasta","Aarg_AgSp1__FC511",9,"Hex","Only modified detected",7313800,7313800,"A_argentata_quantified_raw.txt"
815,"Aarg_AgSp1__FC511_rr_9","Aarg_AgSp1__FC511","Aarg_AgSp1__FC511_rr_9",11,9,88,"T","Aa_Updated_RM_Final_File.fasta","Aarg_AgSp1__FC511",11,"Hex","Only modified detected",7313800,7313800,"A_argentata_quantified_raw.txt"
830,"Aarg_AgSp1__FC511_rr_9","Aarg_AgSp1__FC511","Aarg_AgSp1__FC511_rr_9",11,24,88,"T","Aa_Updated_RM_Final_File.fasta","Aarg_AgSp1__FC511",7,"Hex","Only modified detected",9936800,6548800,"A_argentata_quantified_raw.txt"
830,"Aarg_AgSp1__FC511_rr_9","Aarg_AgSp1__FC511","Aarg_AgSp1__FC511_rr_9",11,24,88,"T","Aa_Updated_RM_Final_File.fasta","Aarg_AgSp1__FC511",9,"Hex","Only modified detected",14526000,14526000,"A_argentata_quantified_raw.txt"
830,"Aarg_AgSp1__FC511_rr_9","Aarg_AgSp1__FC511","Aarg_AgSp1__FC511_rr_9",11,24,88,"T","Aa_Updated_RM_Final_File.fasta","Aarg_AgSp1__FC511",11,"Hex","Only modified detected",14526000,14526000,"A_argentata_quantified_raw.txt"
831,"Aarg_AgSp1__FC511_rr_9","Aarg_AgSp1__FC511","Aarg_AgSp1__FC511_rr_9",11,25,88,"T","Aa_Updated_RM_Final_File.fasta","Aarg_AgSp1__FC511",7,"Hex","Only modified detected",9936800,6548800,"A_argentata_quantified_raw.txt"
831,"Aarg_AgSp1__FC511_rr_9","Aarg_AgSp1__FC511","Aarg_AgSp1__FC511_rr_9",11,25,88,"T","Aa_Updated_RM_Final_File.fasta","Aarg_AgSp1__FC511",9,"Hex","Only modified detected",14526000,14526000,"A_argentata_quantified_raw.txt"
831,"Aarg_AgSp1__FC511_rr_9","Aarg_AgSp1__FC511","Aarg_AgSp1__FC511_rr_9",11,25,88,"T","Aa_Updated_RM_Final_File.fasta","Aarg_AgSp1__FC511",11,"Hex","Only modified detected",14526000,14526000,"A_argentata_quantified_raw.txt"
853,"Aarg_AgSp1__FC511_rr_9","Aarg_AgSp1__FC511","Aarg_AgSp1__FC511_rr_9",11,47,88,"T","Aa_Updated_RM_Final_File.fasta","Aarg_AgSp1__FC511",7,"Hex","Cannot Determine",46507000,24722950,"A_argentata_quantified_raw.txt"
853,"Aarg_AgSp1__FC511_rr_9","Aarg_AgSp1__FC511","Aarg_AgSp1__FC511_rr_9",11,47,88,"T","Aa_Updated_RM_Final_File.fasta","Aarg_AgSp1__FC511",9,"Hex","Cannot Determine",70311000,38237400,"A_argentata_quantified_raw.txt"
853,"Aarg_AgSp1__FC511_rr_9","Aarg_AgSp1__FC511","Aarg_AgSp1__FC511_rr_9",11,47,88,"T","Aa_Updated_RM_Final_File.fasta","Aarg_AgSp1__FC511",11,"Hex","Only modified detected",70311000,70311000,"A_argentata_quantified_raw.txt"
856,"Aarg_AgSp1__FC511_rr_9","Aarg_AgSp1__FC511","Aarg_AgSp1__FC511_rr_9",11,50,88,"T","Aa_Updated_RM_Final_File.fasta","Aarg_AgSp1__FC511",7,"Hex","Cannot Determine",46507000,24722950,"A_argentata_quantified_raw.txt"
858,"Aarg_AgSp1__FC511_rr_9","Aarg_AgSp1__FC511","Aarg_AgSp1__FC511_rr_9",11,52,88,"T","Aa_Updated_RM_Final_File.fasta","Aarg_AgSp1__FC511",7,"Hex","Cannot Determine",46507000,24722950,"A_argentata_quantified_raw.txt"
858,"Aarg_AgSp1__FC511_rr_9","Aarg_AgSp1__FC511","Aarg_AgSp1__FC511_rr_9",11,52,88,"T","Aa_Updated_RM_Final_File.fasta","Aarg_AgSp1__FC511",9,"Hex","Only modified detected",70311000,38237400,"A_argentata_quantified_raw.txt"
858,"Aarg_AgSp1__FC511_rr_9","Aarg_AgSp1__FC511","Aarg_AgSp1__FC511_rr_9",11,52,88,"T","Aa_Updated_RM_Final_File.fasta","Aarg_AgSp1__FC511",11,"Hex","Only modified detected",70311000,70311000,"A_argentata_quantified_raw.txt"
876,"Aarg_AgSp1__FC511_rr_9","Aarg_AgSp1__FC511","Aarg_AgSp1__FC511_rr_9",11,70,88,"T","Aa_Updated_RM_Final_File.fasta","Aarg_AgSp1__FC511",7,"Hex","0.9755366254265231",197260000,11784000,"A_argentata_quantified_raw.txt"
876,"Aarg_AgSp1__FC511_rr_9","Aarg_AgSp1__FC511","Aarg_AgSp1__FC511_rr_9",11,70,88,"T","Aa_Updated_RM_Final_File.fasta","Aarg_AgSp1__FC511",9,"Hex","Cannot Determine",181830000,11765500,"A_argentata_quantified_raw.txt"
876,"Aarg_AgSp1__FC511_rr_9","Aarg_AgSp1__FC511","Aarg_AgSp1__FC511_rr_9",11,70,88,"T","Aa_Updated_RM_Final_File.fasta","Aarg_AgSp1__FC511",11,"Hex","Cannot Determine",181830000,11765500,"A_argentata_quantified_raw.txt"
878,"Aarg_AgSp1__FC511_rr_9","Aarg_AgSp1__FC511","Aarg_AgSp1__FC511_rr_9",11,72,88,"S","Aa_Updated_RM_Final_File.fasta","Aarg_AgSp1__FC511",7,"Hex","0.9230083556681582",197260000,11784000,"A_argentata_quantified_raw.txt"
878,"Aarg_AgSp1__FC511_rr_9","Aarg_AgSp1__FC511","Aarg_AgSp1__FC511_rr_9",11,72,88,"S","Aa_Updated_RM_Final_File.fasta","Aarg_AgSp1__FC511",9,"Hex","Cannot Determine",181830000,11765500,"A_argentata_quantified_raw.txt"
878,"Aarg_AgSp1__FC511_rr_9","Aarg_AgSp1__FC511","Aarg_AgSp1__FC511_rr_9",11,72,88,"S","Aa_Updated_RM_Final_File.fasta","Aarg_AgSp1__FC511",11,"Hex","Cannot Determine",181830000,11765500,"A_argentata_quantified_raw.txt"
895,"Aarg_AgSp1__FC511_rr_10","Aarg_AgSp1__FC511","Aarg_AgSp1__FC511_rr_10",12,1,87,"S","Aa_Updated_RM_Final_File.fasta","Aarg_AgSp1__FC511",7,"Hex","Cannot Determine",11564000,9568500,"A_argentata_quantified_raw.txt"
895,"Aarg_AgSp1__FC511_rr_10","Aarg_AgSp1__FC511","Aarg_AgSp1__FC511_rr_10",12,1,87,"S","Aa_Updated_RM_Final_File.fasta","Aarg_AgSp1__FC511",9,"Hex","Only modified detected",8761000,8761000,"A_argentata_quantified_raw.txt"
895,"Aarg_AgSp1__FC511_rr_10","Aarg_AgSp1__FC511","Aarg_AgSp1__FC511_rr_10",12,1,87,"S","Aa_Updated_RM_Final_File.fasta","Aarg_AgSp1__FC511",11,"Hex","Only modified detected",8761000,8761000,"A_argentata_quantified_raw.txt"
897,"Aarg_AgSp1__FC511_rr_10","Aarg_AgSp1__FC511","Aarg_AgSp1__FC511_rr_10",12,3,87,"T","Aa_Updated_RM_Final_File.fasta","Aarg_AgSp1__FC511",7,"Hex","Only modified detected",11564000,9568500,"A_argentata_quantified_raw.txt"
897,"Aarg_AgSp1__FC511_rr_10","Aarg_AgSp1__FC511","Aarg_AgSp1__FC511_rr_10",12,3,87,"T","Aa_Updated_RM_Final_File.fasta","Aarg_AgSp1__FC511",9,"Hex","Only modified detected",8761000,8761000,"A_argentata_quantified_raw.txt"
897,"Aarg_AgSp1__FC511_rr_10","Aarg_AgSp1__FC511","Aarg_AgSp1__FC511_rr_10",12,3,87,"T","Aa_Updated_RM_Final_File.fasta","Aarg_AgSp1__FC511",11,"Hex","Only modified detected",8761000,8761000,"A_argentata_quantified_raw.txt"
898,"Aarg_AgSp1__FC511_rr_10","Aarg_AgSp1__FC511","Aarg_AgSp1__FC511_rr_10",12,4,87,"T","Aa_Updated_RM_Final_File.fasta","Aarg_AgSp1__FC511",7,"Hex","Only modified detected",11564000,9568500,"A_argentata_quantified_raw.txt"
898,"Aarg_AgSp1__FC511_rr_10","Aarg_AgSp1__FC511","Aarg_AgSp1__FC511_rr_10",12,4,87,"T","Aa_Updated_RM_Final_File.fasta","Aarg_AgSp1__FC511",9,"Hex","Only modified detected",8761000,8761000,"A_argentata_quantified_raw.txt"
898,"Aarg_AgSp1__FC511_rr_10","Aarg_AgSp1__FC511","Aarg_AgSp1__FC511_rr_10",12,4,87,"T","Aa_Updated_RM_Final_File.fasta","Aarg_AgSp1__FC511",11,"Hex","Only modified detected",8761000,8761000,"A_argentata_quantified_raw.txt"
903,"Aarg_AgSp1__FC511_rr_10","Aarg_AgSp1__FC511","Aarg_AgSp1__FC511_rr_10",12,9,87,"T","Aa_Updated_RM_Final_File.fasta","Aarg_AgSp1__FC511",7,"Hex","Cannot Determine",11564000,9568500,"A_argentata_quantified_raw.txt"
916,"Aarg_AgSp1__FC511_rr_10","Aarg_AgSp1__FC511","Aarg_AgSp1__FC511_rr_10",12,22,87,"T","Aa_Updated_RM_Final_File.fasta","Aarg_AgSp1__FC511",7,"Hex","Cannot Determine",387210000,24628000,"A_argentata_quantified_raw.txt"
916,"Aarg_AgSp1__FC511_rr_10","Aarg_AgSp1__FC511","Aarg_AgSp1__FC511_rr_10",12,22,87,"T","Aa_Updated_RM_Final_File.fasta","Aarg_AgSp1__FC511",9,"Hex","Cannot Determine",507340000,41288000,"A_argentata_quantified_raw.txt"
916,"Aarg_AgSp1__FC511_rr_10","Aarg_AgSp1__FC511","Aarg_AgSp1__FC511_rr_10",12,22,87,"T","Aa_Updated_RM_Final_File.fasta","Aarg_AgSp1__FC511",11,"Hex","Cannot Determine",507340000,41288000,"A_argentata_quantified_raw.txt"
1003,"Aarg_AgSp1__FC511_rr_11","Aarg_AgSp1__FC511","Aarg_AgSp1__FC511_rr_11",13,22,44,"T","Aa_Updated_RM_Final_File.fasta","Aarg_AgSp1__FC511",7,"Hex","0.38554116191885135",37563000,3750100,"A_argentata_quantified_raw.txt"
1003,"Aarg_AgSp1__FC511_rr_11","Aarg_AgSp1__FC511","Aarg_AgSp1__FC511_rr_11",13,22,44,"T","Aa_Updated_RM_Final_File.fasta","Aarg_AgSp1__FC511",9,"Hex","0.2784821122050054",37347000,4344500,"A_argentata_quantified_raw.txt"
1003,"Aarg_AgSp1__FC511_rr_11","Aarg_AgSp1__FC511","Aarg_AgSp1__FC511_rr_11",13,22,44,"T","Aa_Updated_RM_Final_File.fasta","Aarg_AgSp1__FC511",11,"Hex","Cannot Determine",37347000,4344500,"A_argentata_quantified_raw.txt"
1029,"Aarg_AgSp1__FC511_rr_12","Aarg_AgSp1__FC511","Aarg_AgSp1__FC511_rr_12",14,4,45,"T","Aa_Updated_RM_Final_File.fasta","Aarg_AgSp1__FC511",9,"Hex","Only modified detected",11201000,11201000,"A_argentata_quantified_raw.txt"
1029,"Aarg_AgSp1__FC511_rr_12","Aarg_AgSp1__FC511","Aarg_AgSp1__FC511_rr_12",14,4,45,"T","Aa_Updated_RM_Final_File.fasta","Aarg_AgSp1__FC511",11,"Hex","Only modified detected",11201000,11201000,"A_argentata_quantified_raw.txt"
1032,"Aarg_AgSp1__FC511_rr_12","Aarg_AgSp1__FC511","Aarg_AgSp1__FC511_rr_12",14,7,45,"T","Aa_Updated_RM_Final_File.fasta","Aarg_AgSp1__FC511",9,"Hex","Only modified detected",11201000,11201000,"A_argentata_quantified_raw.txt"
1032,"Aarg_AgSp1__FC511_rr_12","Aarg_AgSp1__FC511","Aarg_AgSp1__FC511_rr_12",14,7,45,"T","Aa_Updated_RM_Final_File.fasta","Aarg_AgSp1__FC511",11,"Hex","Only modified detected",11201000,11201000,"A_argentata_quantified_raw.txt"
1034,"Aarg_AgSp1__FC511_rr_12","Aarg_AgSp1__FC511","Aarg_AgSp1__FC511_rr_12",14,9,45,"T","Aa_Updated_RM_Final_File.fasta","Aarg_AgSp1__FC511",9,"Hex","Only modified detected",11201000,11201000,"A_argentata_quantified_raw.txt"
1034,"Aarg_AgSp1__FC511_rr_12","Aarg_AgSp1__FC511","Aarg_AgSp1__FC511_rr_12",14,9,45,"T","Aa_Updated_RM_Final_File.fasta","Aarg_AgSp1__FC511",11,"Hex","Only modified detected",11201000,11201000,"A_argentata_quantified_raw.txt"
1098,"Aarg_AgSp1__FC511_rr_13","Aarg_AgSp1__FC511","Aarg_AgSp1__FC511_rr_13",15,28,89,"T","Aa_Updated_RM_Final_File.fasta","Aarg_AgSp1__FC511",7,"Hex","Cannot Determine",68159000,6623100,"A_argentata_quantified_raw.txt"
1098,"Aarg_AgSp1__FC511_rr_13","Aarg_AgSp1__FC511","Aarg_AgSp1__FC511_rr_13",15,28,89,"T","Aa_Updated_RM_Final_File.fasta","Aarg_AgSp1__FC511",9,"Hex","Cannot Determine",83594000,18990600,"A_argentata_quantified_raw.txt"
1098,"Aarg_AgSp1__FC511_rr_13","Aarg_AgSp1__FC511","Aarg_AgSp1__FC511_rr_13",15,28,89,"T","Aa_Updated_RM_Final_File.fasta","Aarg_AgSp1__FC511",11,"Hex","Cannot Determine",83594000,18990600,"A_argentata_quantified_raw.txt"
1140,"Aarg_AgSp1__FC511_rr_13","Aarg_AgSp1__FC511","Aarg_AgSp1__FC511_rr_13",15,70,89,"T","Aa_Updated_RM_Final_File.fasta","Aarg_AgSp1__FC511",7,"Hex","Cannot Determine",44003000,14249000,"A_argentata_quantified_raw.txt"
1140,"Aarg_AgSp1__FC511_rr_13","Aarg_AgSp1__FC511","Aarg_AgSp1__FC511_rr_13",15,70,89,"T","Aa_Updated_RM_Final_File.fasta","Aarg_AgSp1__FC511",9,"Hex","0.6554131112751668",59988000,11839400,"A_argentata_quantified_raw.txt"
1140,"Aarg_AgSp1__FC511_rr_13","Aarg_AgSp1__FC511","Aarg_AgSp1__FC511_rr_13",15,70,89,"T","Aa_Updated_RM_Final_File.fasta","Aarg_AgSp1__FC511",11,"Hex","0.42783818328656037",59988000,11839400,"A_argentata_quantified_raw.txt"
1141,"Aarg_AgSp1__FC511_rr_13","Aarg_AgSp1__FC511","Aarg_AgSp1__FC511_rr_13",15,71,89,"T","Aa_Updated_RM_Final_File.fasta","Aarg_AgSp1__FC511",7,"Hex","Cannot Determine",44003000,14249000,"A_argentata_quantified_raw.txt"
1141,"Aarg_AgSp1__FC511_rr_13","Aarg_AgSp1__FC511","Aarg_AgSp1__FC511_rr_13",15,71,89,"T","Aa_Updated_RM_Final_File.fasta","Aarg_AgSp1__FC511",9,"Hex","0.8593087625117197",59988000,11839400,"A_argentata_quantified_raw.txt"
1141,"Aarg_AgSp1__FC511_rr_13","Aarg_AgSp1__FC511","Aarg_AgSp1__FC511_rr_13",15,71,89,"T","Aa_Updated_RM_Final_File.fasta","Aarg_AgSp1__FC511",11,"Hex","Cannot Determine",59988000,11839400,"A_argentata_quantified_raw.txt"
1144,"Aarg_AgSp1__FC511_rr_13","Aarg_AgSp1__FC511","Aarg_AgSp1__FC511_rr_13",15,74,89,"S","Aa_Updated_RM_Final_File.fasta","Aarg_AgSp1__FC511",7,"Hex","Only modified detected",44003000,14249000,"A_argentata_quantified_raw.txt"
1144,"Aarg_AgSp1__FC511_rr_13","Aarg_AgSp1__FC511","Aarg_AgSp1__FC511_rr_13",15,74,89,"S","Aa_Updated_RM_Final_File.fasta","Aarg_AgSp1__FC511",9,"Hex","Only modified detected",59988000,11839400,"A_argentata_quantified_raw.txt"
1144,"Aarg_AgSp1__FC511_rr_13","Aarg_AgSp1__FC511","Aarg_AgSp1__FC511_rr_13",15,74,89,"S","Aa_Updated_RM_Final_File.fasta","Aarg_AgSp1__FC511",11,"Hex","Only modified detected",59988000,11839400,"A_argentata_quantified_raw.txt"
1146,"Aarg_AgSp1__FC511_rr_13","Aarg_AgSp1__FC511","Aarg_AgSp1__FC511_rr_13",15,76,89,"T","Aa_Updated_RM_Final_File.fasta","Aarg_AgSp1__FC511",7,"Hex","Cannot Determine",44003000,14249000,"A_argentata_quantified_raw.txt"
1146,"Aarg_AgSp1__FC511_rr_13","Aarg_AgSp1__FC511","Aarg_AgSp1__FC511_rr_13",15,76,89,"T","Aa_Updated_RM_Final_File.fasta","Aarg_AgSp1__FC511",9,"Hex","0.16029349070093937",59988000,11839400,"A_argentata_quantified_raw.txt"
1146,"Aarg_AgSp1__FC511_rr_13","Aarg_AgSp1__FC511","Aarg_AgSp1__FC511_rr_13",15,76,89,"T","Aa_Updated_RM_Final_File.fasta","Aarg_AgSp1__FC511",11,"Hex","0.9308659997826877",59988000,11839400,"A_argentata_quantified_raw.txt"
1186,"Aarg_AgSp1__FC511_rr_14","Aarg_AgSp1__FC511","Aarg_AgSp1__FC511_rr_14",16,27,61,"T","Aa_Updated_RM_Final_File.fasta","Aarg_AgSp1__FC511",11,"Hex","Only modified detected",5910500,5910500,"A_argentata_quantified_raw.txt"
1187,"Aarg_AgSp1__FC511_rr_14","Aarg_AgSp1__FC511","Aarg_AgSp1__FC511_rr_14",16,28,61,"T","Aa_Updated_RM_Final_File.fasta","Aarg_AgSp1__FC511",11,"Hex","Only modified detected",5910500,5910500,"A_argentata_quantified_raw.txt"
1192,"Aarg_AgSp1__FC511_rr_14","Aarg_AgSp1__FC511","Aarg_AgSp1__FC511_rr_14",16,33,61,"S","Aa_Updated_RM_Final_File.fasta","Aarg_AgSp1__FC511",11,"Hex","Only modified detected",5910500,5910500,"A_argentata_quantified_raw.txt"
1199,"Aarg_AgSp1__FC511_rr_14","Aarg_AgSp1__FC511","Aarg_AgSp1__FC511_rr_14",16,40,61,"S","Aa_Updated_RM_Final_File.fasta","Aarg_AgSp1__FC511",11,"Hex","Only modified detected",5910500,5910500,"A_argentata_quantified_raw.txt"
1204,"Aarg_AgSp1__FC511_rr_14","Aarg_AgSp1__FC511","Aarg_AgSp1__FC511_rr_14",16,45,61,"T","Aa_Updated_RM_Final_File.fasta","Aarg_AgSp1__FC511",3,"Phos","0.8497040436892268",7086700,4630200,"A_argentata_quantified_raw.txt"
1204,"Aarg_AgSp1__FC511_rr_14","Aarg_AgSp1__FC511","Aarg_AgSp1__FC511_rr_14",16,45,61,"T","Aa_Updated_RM_Final_File.fasta","Aarg_AgSp1__FC511",5,"Phos","0.8638740748337683",7086700,4630200,"A_argentata_quantified_raw.txt"
1223,"Aarg_AgSp1__FC511_rr_15","Aarg_AgSp1__FC511","Aarg_AgSp1__FC511_rr_15",17,3,106,"T","Aa_Updated_RM_Final_File.fasta","Aarg_AgSp1__FC511",7,"Hex","Cannot Determine",47437000,4210000,"A_argentata_quantified_raw.txt"
1223,"Aarg_AgSp1__FC511_rr_15","Aarg_AgSp1__FC511","Aarg_AgSp1__FC511_rr_15",17,3,106,"T","Aa_Updated_RM_Final_File.fasta","Aarg_AgSp1__FC511",9,"Hex","Cannot Determine",46568000,13688000,"A_argentata_quantified_raw.txt"
1223,"Aarg_AgSp1__FC511_rr_15","Aarg_AgSp1__FC511","Aarg_AgSp1__FC511_rr_15",17,3,106,"T","Aa_Updated_RM_Final_File.fasta","Aarg_AgSp1__FC511",11,"Hex","Cannot Determine",46568000,3187000,"A_argentata_quantified_raw.txt"
1224,"Aarg_AgSp1__FC511_rr_15","Aarg_AgSp1__FC511","Aarg_AgSp1__FC511_rr_15",17,4,106,"T","Aa_Updated_RM_Final_File.fasta","Aarg_AgSp1__FC511",7,"Hex","0.968533856689174",47437000,4210000,"A_argentata_quantified_raw.txt"
1224,"Aarg_AgSp1__FC511_rr_15","Aarg_AgSp1__FC511","Aarg_AgSp1__FC511_rr_15",17,4,106,"T","Aa_Updated_RM_Final_File.fasta","Aarg_AgSp1__FC511",9,"Hex","Cannot Determine",46568000,13688000,"A_argentata_quantified_raw.txt"
1224,"Aarg_AgSp1__FC511_rr_15","Aarg_AgSp1__FC511","Aarg_AgSp1__FC511_rr_15",17,4,106,"T","Aa_Updated_RM_Final_File.fasta","Aarg_AgSp1__FC511",11,"Hex","Cannot Determine",46568000,3187000,"A_argentata_quantified_raw.txt"
1229,"Aarg_AgSp1__FC511_rr_15","Aarg_AgSp1__FC511","Aarg_AgSp1__FC511_rr_15",17,9,106,"T","Aa_Updated_RM_Final_File.fasta","Aarg_AgSp1__FC511",7,"Hex","Cannot Determine",47437000,4210000,"A_argentata_quantified_raw.txt"
1229,"Aarg_AgSp1__FC511_rr_15","Aarg_AgSp1__FC511","Aarg_AgSp1__FC511_rr_15",17,9,106,"T","Aa_Updated_RM_Final_File.fasta","Aarg_AgSp1__FC511",9,"Hex","Cannot Determine",46568000,13688000,"A_argentata_quantified_raw.txt"
1229,"Aarg_AgSp1__FC511_rr_15","Aarg_AgSp1__FC511","Aarg_AgSp1__FC511_rr_15",17,9,106,"T","Aa_Updated_RM_Final_File.fasta","Aarg_AgSp1__FC511",11,"Hex","Cannot Determine",46568000,3187000,"A_argentata_quantified_raw.txt"
1287,"Aarg_AgSp1__FC511_rr_15","Aarg_AgSp1__FC511","Aarg_AgSp1__FC511_rr_15",17,67,106,"T","Aa_Updated_RM_Final_File.fasta","Aarg_AgSp1__FC511",7,"Hex","0.38041386057822896",4086200,2523855,"A_argentata_quantified_raw.txt"
1287,"Aarg_AgSp1__FC511_rr_15","Aarg_AgSp1__FC511","Aarg_AgSp1__FC511_rr_15",17,67,106,"T","Aa_Updated_RM_Final_File.fasta","Aarg_AgSp1__FC511",9,"Hex","Only modified detected",11528000,8782250,"A_argentata_quantified_raw.txt"
1287,"Aarg_AgSp1__FC511_rr_15","Aarg_AgSp1__FC511","Aarg_AgSp1__FC511_rr_15",17,67,106,"T","Aa_Updated_RM_Final_File.fasta","Aarg_AgSp1__FC511",11,"Hex","Only modified detected",11528000,8782250,"A_argentata_quantified_raw.txt"
1294,"Aarg_AgSp1__FC511_rr_15","Aarg_AgSp1__FC511","Aarg_AgSp1__FC511_rr_15",17,74,106,"S","Aa_Updated_RM_Final_File.fasta","Aarg_AgSp1__FC511",3,"Phos","0.8749179389632549",11528000,8782250,"A_argentata_quantified_raw.txt"
1294,"Aarg_AgSp1__FC511_rr_15","Aarg_AgSp1__FC511","Aarg_AgSp1__FC511_rr_15",17,74,106,"S","Aa_Updated_RM_Final_File.fasta","Aarg_AgSp1__FC511",5,"Phos","0.7740734197415797",11528000,8782250,"A_argentata_quantified_raw.txt"
1294,"Aarg_AgSp1__FC511_rr_15","Aarg_AgSp1__FC511","Aarg_AgSp1__FC511_rr_15",17,74,106,"S","Aa_Updated_RM_Final_File.fasta","Aarg_AgSp1__FC511",7,"Hex","0.6195861394217711",4086200,2523855,"A_argentata_quantified_raw.txt"
1301,"Aarg_AgSp1__FC511_rr_15","Aarg_AgSp1__FC511","Aarg_AgSp1__FC511_rr_15",17,81,106,"S","Aa_Updated_RM_Final_File.fasta","Aarg_AgSp1__FC511",7,"Hex","0.38041386057822896",4086200,2523855,"A_argentata_quantified_raw.txt"
1301,"Aarg_AgSp1__FC511_rr_15","Aarg_AgSp1__FC511","Aarg_AgSp1__FC511_rr_15",17,81,106,"S","Aa_Updated_RM_Final_File.fasta","Aarg_AgSp1__FC511",9,"Hex","Only modified detected",11528000,8782250,"A_argentata_quantified_raw.txt"
1301,"Aarg_AgSp1__FC511_rr_15","Aarg_AgSp1__FC511","Aarg_AgSp1__FC511_rr_15",17,81,106,"S","Aa_Updated_RM_Final_File.fasta","Aarg_AgSp1__FC511",11,"Hex","Only modified detected",11528000,8782250,"A_argentata_quantified_raw.txt"
1449,"Aarg_AgSp1__FC511_tr_rm1_3","Aarg_AgSp1__FC511","Aarg_AgSp1__FC511_tr_rm1_3",20,26,58,"T","Aa_Updated_RM_Final_File.fasta","Aarg_AgSp1__FC511",7,"Hex","Only modified detected",46503000,6319350,"A_argentata_quantified_raw.txt"
1449,"Aarg_AgSp1__FC511_tr_rm1_3","Aarg_AgSp1__FC511","Aarg_AgSp1__FC511_tr_rm1_3",20,26,58,"T","Aa_Updated_RM_Final_File.fasta","Aarg_AgSp1__FC511",9,"Hex","Cannot Determine",55283000,10519000,"A_argentata_quantified_raw.txt"
1449,"Aarg_AgSp1__FC511_tr_rm1_3","Aarg_AgSp1__FC511","Aarg_AgSp1__FC511_tr_rm1_3",20,26,58,"T","Aa_Updated_RM_Final_File.fasta","Aarg_AgSp1__FC511",11,"Hex","Cannot Determine",55283000,10519000,"A_argentata_quantified_raw.txt"
1450,"Aarg_AgSp1__FC511_tr_rm1_3","Aarg_AgSp1__FC511","Aarg_AgSp1__FC511_tr_rm1_3",20,27,58,"T","Aa_Updated_RM_Final_File.fasta","Aarg_AgSp1__FC511",7,"Hex","Cannot Determine",46503000,6319350,"A_argentata_quantified_raw.txt"
1450,"Aarg_AgSp1__FC511_tr_rm1_3","Aarg_AgSp1__FC511","Aarg_AgSp1__FC511_tr_rm1_3",20,27,58,"T","Aa_Updated_RM_Final_File.fasta","Aarg_AgSp1__FC511",9,"Hex","Cannot Determine",55283000,10519000,"A_argentata_quantified_raw.txt"
1450,"Aarg_AgSp1__FC511_tr_rm1_3","Aarg_AgSp1__FC511","Aarg_AgSp1__FC511_tr_rm1_3",20,27,58,"T","Aa_Updated_RM_Final_File.fasta","Aarg_AgSp1__FC511",11,"Hex","0.45964370656788284",55283000,10519000,"A_argentata_quantified_raw.txt"
1453,"Aarg_AgSp1__FC511_tr_rm1_3","Aarg_AgSp1__FC511","Aarg_AgSp1__FC511_tr_rm1_3",20,30,58,"S","Aa_Updated_RM_Final_File.fasta","Aarg_AgSp1__FC511",1,"Phos","Only modified detected",46503000,6319350,"A_argentata_quantified_raw.txt"
1453,"Aarg_AgSp1__FC511_tr_rm1_3","Aarg_AgSp1__FC511","Aarg_AgSp1__FC511_tr_rm1_3",20,30,58,"S","Aa_Updated_RM_Final_File.fasta","Aarg_AgSp1__FC511",3,"Phos","Only modified detected",55283000,10519000,"A_argentata_quantified_raw.txt"
1453,"Aarg_AgSp1__FC511_tr_rm1_3","Aarg_AgSp1__FC511","Aarg_AgSp1__FC511_tr_rm1_3",20,30,58,"S","Aa_Updated_RM_Final_File.fasta","Aarg_AgSp1__FC511",5,"Phos","Only modified detected",55283000,10519000,"A_argentata_quantified_raw.txt"
1453,"Aarg_AgSp1__FC511_tr_rm1_3","Aarg_AgSp1__FC511","Aarg_AgSp1__FC511_tr_rm1_3",20,30,58,"S","Aa_Updated_RM_Final_File.fasta","Aarg_AgSp1__FC511",7,"Hex","Only modified detected",46503000,6319350,"A_argentata_quantified_raw.txt"
1453,"Aarg_AgSp1__FC511_tr_rm1_3","Aarg_AgSp1__FC511","Aarg_AgSp1__FC511_tr_rm1_3",20,30,58,"S","Aa_Updated_RM_Final_File.fasta","Aarg_AgSp1__FC511",9,"Hex","Only modified detected",55283000,10519000,"A_argentata_quantified_raw.txt"
1453,"Aarg_AgSp1__FC511_tr_rm1_3","Aarg_AgSp1__FC511","Aarg_AgSp1__FC511_tr_rm1_3",20,30,58,"S","Aa_Updated_RM_Final_File.fasta","Aarg_AgSp1__FC511",11,"Hex","Only modified detected",55283000,10519000,"A_argentata_quantified_raw.txt"
1490,"Aarg_AgSp1__FC511_tr_rm1_4","Aarg_AgSp1__FC511","Aarg_AgSp1__FC511_tr_rm1_4",21,22,58,"T","Aa_Updated_RM_Final_File.fasta","Aarg_AgSp1__FC511",7,"Hex","Cannot Determine",34930000,1917500,"A_argentata_quantified_raw.txt"
1490,"Aarg_AgSp1__FC511_tr_rm1_4","Aarg_AgSp1__FC511","Aarg_AgSp1__FC511_tr_rm1_4",21,22,58,"T","Aa_Updated_RM_Final_File.fasta","Aarg_AgSp1__FC511",9,"Hex","Cannot Determine",36757000,2335000,"A_argentata_quantified_raw.txt"
1490,"Aarg_AgSp1__FC511_tr_rm1_4","Aarg_AgSp1__FC511","Aarg_AgSp1__FC511_tr_rm1_4",21,22,58,"T","Aa_Updated_RM_Final_File.fasta","Aarg_AgSp1__FC511",11,"Hex","Cannot Determine",36757000,2032500,"A_argentata_quantified_raw.txt"
1491,"Aarg_AgSp1__FC511_tr_rm1_4","Aarg_AgSp1__FC511","Aarg_AgSp1__FC511_tr_rm1_4",21,23,58,"T","Aa_Updated_RM_Final_File.fasta","Aarg_AgSp1__FC511",7,"Hex","Cannot Determine",34930000,1917500,"A_argentata_quantified_raw.txt"
1491,"Aarg_AgSp1__FC511_tr_rm1_4","Aarg_AgSp1__FC511","Aarg_AgSp1__FC511_tr_rm1_4",21,23,58,"T","Aa_Updated_RM_Final_File.fasta","Aarg_AgSp1__FC511",9,"Hex","Cannot Determine",36757000,2335000,"A_argentata_quantified_raw.txt"
1491,"Aarg_AgSp1__FC511_tr_rm1_4","Aarg_AgSp1__FC511","Aarg_AgSp1__FC511_tr_rm1_4",21,23,58,"T","Aa_Updated_RM_Final_File.fasta","Aarg_AgSp1__FC511",11,"Hex","Cannot Determine",36757000,2032500,"A_argentata_quantified_raw.txt"
1586,"Aarg_AgSp1__FC511_tr_rm1_6","Aarg_AgSp1__FC511","Aarg_AgSp1__FC511_tr_rm1_6",23,17,58,"S","Aa_Updated_RM_Final_File.fasta","Aarg_AgSp1__FC511",7,"Hex","Only modified detected",115990000,9668100,"A_argentata_quantified_raw.txt"
1586,"Aarg_AgSp1__FC511_tr_rm1_6","Aarg_AgSp1__FC511","Aarg_AgSp1__FC511_tr_rm1_6",23,17,58,"S","Aa_Updated_RM_Final_File.fasta","Aarg_AgSp1__FC511",9,"Hex","Only modified detected",134180000,11635450,"A_argentata_quantified_raw.txt"
1586,"Aarg_AgSp1__FC511_tr_rm1_6","Aarg_AgSp1__FC511","Aarg_AgSp1__FC511_tr_rm1_6",23,17,58,"S","Aa_Updated_RM_Final_File.fasta","Aarg_AgSp1__FC511",11,"Hex","Only modified detected",134180000,11635450,"A_argentata_quantified_raw.txt"
1591,"Aarg_AgSp1__FC511_tr_rm1_6","Aarg_AgSp1__FC511","Aarg_AgSp1__FC511_tr_rm1_6",23,22,58,"T","Aa_Updated_RM_Final_File.fasta","Aarg_AgSp1__FC511",7,"Hex","0.8742984440344557",115990000,9668100,"A_argentata_quantified_raw.txt"
1591,"Aarg_AgSp1__FC511_tr_rm1_6","Aarg_AgSp1__FC511","Aarg_AgSp1__FC511_tr_rm1_6",23,22,58,"T","Aa_Updated_RM_Final_File.fasta","Aarg_AgSp1__FC511",9,"Hex","0.854906706443057",134180000,11635450,"A_argentata_quantified_raw.txt"
1591,"Aarg_AgSp1__FC511_tr_rm1_6","Aarg_AgSp1__FC511","Aarg_AgSp1__FC511_tr_rm1_6",23,22,58,"T","Aa_Updated_RM_Final_File.fasta","Aarg_AgSp1__FC511",11,"Hex","Cannot Determine",134180000,11635450,"A_argentata_quantified_raw.txt"
1592,"Aarg_AgSp1__FC511_tr_rm1_6","Aarg_AgSp1__FC511","Aarg_AgSp1__FC511_tr_rm1_6",23,23,58,"T","Aa_Updated_RM_Final_File.fasta","Aarg_AgSp1__FC511",7,"Hex","0.993276475808659",115990000,9668100,"A_argentata_quantified_raw.txt"
1592,"Aarg_AgSp1__FC511_tr_rm1_6","Aarg_AgSp1__FC511","Aarg_AgSp1__FC511_tr_rm1_6",23,23,58,"T","Aa_Updated_RM_Final_File.fasta","Aarg_AgSp1__FC511",9,"Hex","0.7701326385897196",134180000,11635450,"A_argentata_quantified_raw.txt"
1592,"Aarg_AgSp1__FC511_tr_rm1_6","Aarg_AgSp1__FC511","Aarg_AgSp1__FC511_tr_rm1_6",23,23,58,"T","Aa_Updated_RM_Final_File.fasta","Aarg_AgSp1__FC511",11,"Hex","Cannot Determine",134180000,11635450,"A_argentata_quantified_raw.txt"
1605,"Aarg_AgSp1__FC511_tr_rm1_6","Aarg_AgSp1__FC511","Aarg_AgSp1__FC511_tr_rm1_6",23,36,58,"T","Aa_Updated_RM_Final_File.fasta","Aarg_AgSp1__FC511",7,"Hex","Cannot Determine",9998300,6298800,"A_argentata_quantified_raw.txt"
1605,"Aarg_AgSp1__FC511_tr_rm1_6","Aarg_AgSp1__FC511","Aarg_AgSp1__FC511_tr_rm1_6",23,36,58,"T","Aa_Updated_RM_Final_File.fasta","Aarg_AgSp1__FC511",9,"Hex","Only modified detected",7131900,5032900,"A_argentata_quantified_raw.txt"
1605,"Aarg_AgSp1__FC511_tr_rm1_6","Aarg_AgSp1__FC511","Aarg_AgSp1__FC511_tr_rm1_6",23,36,58,"T","Aa_Updated_RM_Final_File.fasta","Aarg_AgSp1__FC511",11,"Hex","Only modified detected",7131900,5032900,"A_argentata_quantified_raw.txt"
1608,"Aarg_AgSp1__FC511_tr_rm1_6","Aarg_AgSp1__FC511","Aarg_AgSp1__FC511_tr_rm1_6",23,39,58,"T","Aa_Updated_RM_Final_File.fasta","Aarg_AgSp1__FC511",7,"Hex","Only modified detected",9998300,6298800,"A_argentata_quantified_raw.txt"
1608,"Aarg_AgSp1__FC511_tr_rm1_6","Aarg_AgSp1__FC511","Aarg_AgSp1__FC511_tr_rm1_6",23,39,58,"T","Aa_Updated_RM_Final_File.fasta","Aarg_AgSp1__FC511",9,"Hex","Only modified detected",7131900,5032900,"A_argentata_quantified_raw.txt"
1608,"Aarg_AgSp1__FC511_tr_rm1_6","Aarg_AgSp1__FC511","Aarg_AgSp1__FC511_tr_rm1_6",23,39,58,"T","Aa_Updated_RM_Final_File.fasta","Aarg_AgSp1__FC511",11,"Hex","Only modified detected",7131900,5032900,"A_argentata_quantified_raw.txt"
1609,"Aarg_AgSp1__FC511_tr_rm1_6","Aarg_AgSp1__FC511","Aarg_AgSp1__FC511_tr_rm1_6",23,40,58,"T","Aa_Updated_RM_Final_File.fasta","Aarg_AgSp1__FC511",7,"Hex","Only modified detected",9998300,6298800,"A_argentata_quantified_raw.txt"
1609,"Aarg_AgSp1__FC511_tr_rm1_6","Aarg_AgSp1__FC511","Aarg_AgSp1__FC511_tr_rm1_6",23,40,58,"T","Aa_Updated_RM_Final_File.fasta","Aarg_AgSp1__FC511",9,"Hex","Only modified detected",7131900,5032900,"A_argentata_quantified_raw.txt"
1609,"Aarg_AgSp1__FC511_tr_rm1_6","Aarg_AgSp1__FC511","Aarg_AgSp1__FC511_tr_rm1_6",23,40,58,"T","Aa_Updated_RM_Final_File.fasta","Aarg_AgSp1__FC511",11,"Hex","Only modified detected",7131900,5032900,"A_argentata_quantified_raw.txt"
1611,"Aarg_AgSp1__FC511_tr_rm1_6","Aarg_AgSp1__FC511","Aarg_AgSp1__FC511_tr_rm1_6",23,42,58,"T","Aa_Updated_RM_Final_File.fasta","Aarg_AgSp1__FC511",7,"Hex","Cannot Determine",9998300,6298800,"A_argentata_quantified_raw.txt"
1694,"Aarg_AgSp1__FC511_glycine_rm1_1","Aarg_AgSp1__FC511","Aarg_AgSp1__FC511_glycine_rm1_1",24,67,129,"T","Aa_Updated_RM_Final_File.fasta","Aarg_AgSp1__FC511",7,"Hex","Only modified detected",8215600,4780000,"A_argentata_quantified_raw.txt"
1694,"Aarg_AgSp1__FC511_glycine_rm1_1","Aarg_AgSp1__FC511","Aarg_AgSp1__FC511_glycine_rm1_1",24,67,129,"T","Aa_Updated_RM_Final_File.fasta","Aarg_AgSp1__FC511",9,"Hex","Only modified detected",9652300,5340650,"A_argentata_quantified_raw.txt"
1694,"Aarg_AgSp1__FC511_glycine_rm1_1","Aarg_AgSp1__FC511","Aarg_AgSp1__FC511_glycine_rm1_1",24,67,129,"T","Aa_Updated_RM_Final_File.fasta","Aarg_AgSp1__FC511",11,"Hex","Only modified detected",9652300,9652300,"A_argentata_quantified_raw.txt"
1695,"Aarg_AgSp1__FC511_glycine_rm1_1","Aarg_AgSp1__FC511","Aarg_AgSp1__FC511_glycine_rm1_1",24,68,129,"T","Aa_Updated_RM_Final_File.fasta","Aarg_AgSp1__FC511",7,"Hex","Cannot Determine",8215600,4780000,"A_argentata_quantified_raw.txt"
1695,"Aarg_AgSp1__FC511_glycine_rm1_1","Aarg_AgSp1__FC511","Aarg_AgSp1__FC511_glycine_rm1_1",24,68,129,"T","Aa_Updated_RM_Final_File.fasta","Aarg_AgSp1__FC511",9,"Hex","Cannot Determine",9652300,5340650,"A_argentata_quantified_raw.txt"
1695,"Aarg_AgSp1__FC511_glycine_rm1_1","Aarg_AgSp1__FC511","Aarg_AgSp1__FC511_glycine_rm1_1",24,68,129,"T","Aa_Updated_RM_Final_File.fasta","Aarg_AgSp1__FC511",11,"Hex","Only modified detected",9652300,9652300,"A_argentata_quantified_raw.txt"
1808,"Aarg_AgSp1__FC511_glycine_rm1_2","Aarg_AgSp1__FC511","Aarg_AgSp1__FC511_glycine_rm1_2",25,67,129,"T","Aa_Updated_RM_Final_File.fasta","Aarg_AgSp1__FC511",9,"Hex","Only modified detected",16581000,16581000,"A_argentata_quantified_raw.txt"
1808,"Aarg_AgSp1__FC511_glycine_rm1_2","Aarg_AgSp1__FC511","Aarg_AgSp1__FC511_glycine_rm1_2",25,67,129,"T","Aa_Updated_RM_Final_File.fasta","Aarg_AgSp1__FC511",11,"Hex","Only modified detected",16581000,10934100,"A_argentata_quantified_raw.txt"
1809,"Aarg_AgSp1__FC511_glycine_rm1_2","Aarg_AgSp1__FC511","Aarg_AgSp1__FC511_glycine_rm1_2",25,68,129,"T","Aa_Updated_RM_Final_File.fasta","Aarg_AgSp1__FC511",7,"Hex","Only modified detected",25101000,25101000,"A_argentata_quantified_raw.txt"
1809,"Aarg_AgSp1__FC511_glycine_rm1_2","Aarg_AgSp1__FC511","Aarg_AgSp1__FC511_glycine_rm1_2",25,68,129,"T","Aa_Updated_RM_Final_File.fasta","Aarg_AgSp1__FC511",9,"Hex","Only modified detected",16581000,16581000,"A_argentata_quantified_raw.txt"
1809,"Aarg_AgSp1__FC511_glycine_rm1_2","Aarg_AgSp1__FC511","Aarg_AgSp1__FC511_glycine_rm1_2",25,68,129,"T","Aa_Updated_RM_Final_File.fasta","Aarg_AgSp1__FC511",11,"Hex","Cannot Determine",16581000,10934100,"A_argentata_quantified_raw.txt"
1810,"Aarg_AgSp1__FC511_glycine_rm1_2","Aarg_AgSp1__FC511","Aarg_AgSp1__FC511_glycine_rm1_2",25,69,129,"T","Aa_Updated_RM_Final_File.fasta","Aarg_AgSp1__FC511",7,"Hex","Only modified detected",25101000,25101000,"A_argentata_quantified_raw.txt"
1810,"Aarg_AgSp1__FC511_glycine_rm1_2","Aarg_AgSp1__FC511","Aarg_AgSp1__FC511_glycine_rm1_2",25,69,129,"T","Aa_Updated_RM_Final_File.fasta","Aarg_AgSp1__FC511",9,"Hex","Only modified detected",16581000,16581000,"A_argentata_quantified_raw.txt"
1810,"Aarg_AgSp1__FC511_glycine_rm1_2","Aarg_AgSp1__FC511","Aarg_AgSp1__FC511_glycine_rm1_2",25,69,129,"T","Aa_Updated_RM_Final_File.fasta","Aarg_AgSp1__FC511",11,"Hex","Cannot Determine",16581000,10934100,"A_argentata_quantified_raw.txt"
1811,"Aarg_AgSp1__FC511_glycine_rm1_2","Aarg_AgSp1__FC511","Aarg_AgSp1__FC511_glycine_rm1_2",25,70,129,"T","Aa_Updated_RM_Final_File.fasta","Aarg_AgSp1__FC511",7,"Hex","Only modified detected",25101000,25101000,"A_argentata_quantified_raw.txt"
1811,"Aarg_AgSp1__FC511_glycine_rm1_2","Aarg_AgSp1__FC511","Aarg_AgSp1__FC511_glycine_rm1_2",25,70,129,"T","Aa_Updated_RM_Final_File.fasta","Aarg_AgSp1__FC511",11,"Hex","Cannot Determine",16581000,10934100,"A_argentata_quantified_raw.txt"
2050,"Aarg_AgSp1__FC511_serine_rm1_14","Aarg_AgSp1__FC511","Aarg_AgSp1__FC511_serine_rm1_14",28,67,129,"T","Aa_Updated_RM_Final_File.fasta","Aarg_AgSp1__FC511",7,"Hex","Only modified detected",13570000,7722650,"A_argentata_quantified_raw.txt"
2050,"Aarg_AgSp1__FC511_serine_rm1_14","Aarg_AgSp1__FC511","Aarg_AgSp1__FC511_serine_rm1_14",28,67,129,"T","Aa_Updated_RM_Final_File.fasta","Aarg_AgSp1__FC511",9,"Hex","Only modified detected",16512000,16512000,"A_argentata_quantified_raw.txt"
2050,"Aarg_AgSp1__FC511_serine_rm1_14","Aarg_AgSp1__FC511","Aarg_AgSp1__FC511_serine_rm1_14",28,67,129,"T","Aa_Updated_RM_Final_File.fasta","Aarg_AgSp1__FC511",11,"Hex","Only modified detected",16512000,16512000,"A_argentata_quantified_raw.txt"
2051,"Aarg_AgSp1__FC511_serine_rm1_14","Aarg_AgSp1__FC511","Aarg_AgSp1__FC511_serine_rm1_14",28,68,129,"T","Aa_Updated_RM_Final_File.fasta","Aarg_AgSp1__FC511",7,"Hex","Only modified detected",13570000,7722650,"A_argentata_quantified_raw.txt"
2051,"Aarg_AgSp1__FC511_serine_rm1_14","Aarg_AgSp1__FC511","Aarg_AgSp1__FC511_serine_rm1_14",28,68,129,"T","Aa_Updated_RM_Final_File.fasta","Aarg_AgSp1__FC511",9,"Hex","Only modified detected",16512000,16512000,"A_argentata_quantified_raw.txt"
2051,"Aarg_AgSp1__FC511_serine_rm1_14","Aarg_AgSp1__FC511","Aarg_AgSp1__FC511_serine_rm1_14",28,68,129,"T","Aa_Updated_RM_Final_File.fasta","Aarg_AgSp1__FC511",11,"Hex","Only modified detected",16512000,16512000,"A_argentata_quantified_raw.txt"
2292,"Aarg_AgSp1__FC511_tr_rm2_3","Aarg_AgSp1__FC511","Aarg_AgSp1__FC511_tr_rm2_3",32,23,75,"T","Aa_Updated_RM_Final_File.fasta","Aarg_AgSp1__FC511",7,"Hex","Only modified detected",6237400,6237400,"A_argentata_quantified_raw.txt"
2293,"Aarg_AgSp1__FC511_tr_rm2_3","Aarg_AgSp1__FC511","Aarg_AgSp1__FC511_tr_rm2_3",32,24,75,"T","Aa_Updated_RM_Final_File.fasta","Aarg_AgSp1__FC511",7,"Hex","Only modified detected",6237400,6237400,"A_argentata_quantified_raw.txt"
2295,"Aarg_AgSp1__FC511_tr_rm2_3","Aarg_AgSp1__FC511","Aarg_AgSp1__FC511_tr_rm2_3",32,26,75,"S","Aa_Updated_RM_Final_File.fasta","Aarg_AgSp1__FC511",7,"Hex","Only modified detected",6237400,6237400,"A_argentata_quantified_raw.txt"
2313,"Aarg_AgSp1__FC511_tr_rm2_3","Aarg_AgSp1__FC511","Aarg_AgSp1__FC511_tr_rm2_3",32,44,75,"T","Aa_Updated_RM_Final_File.fasta","Aarg_AgSp1__FC511",9,"Hex","Only modified detected",3769800,3769800,"A_argentata_quantified_raw.txt"
2313,"Aarg_AgSp1__FC511_tr_rm2_3","Aarg_AgSp1__FC511","Aarg_AgSp1__FC511_tr_rm2_3",32,44,75,"T","Aa_Updated_RM_Final_File.fasta","Aarg_AgSp1__FC511",11,"Hex","Only modified detected",3769800,3769800,"A_argentata_quantified_raw.txt"
2314,"Aarg_AgSp1__FC511_tr_rm2_3","Aarg_AgSp1__FC511","Aarg_AgSp1__FC511_tr_rm2_3",32,45,75,"T","Aa_Updated_RM_Final_File.fasta","Aarg_AgSp1__FC511",7,"Hex","Only modified detected",3387500,3387500,"A_argentata_quantified_raw.txt"
2317,"Aarg_AgSp1__FC511_tr_rm2_3","Aarg_AgSp1__FC511","Aarg_AgSp1__FC511_tr_rm2_3",32,48,75,"S","Aa_Updated_RM_Final_File.fasta","Aarg_AgSp1__FC511",7,"Hex","Only modified detected",3387500,3387500,"A_argentata_quantified_raw.txt"
2317,"Aarg_AgSp1__FC511_tr_rm2_3","Aarg_AgSp1__FC511","Aarg_AgSp1__FC511_tr_rm2_3",32,48,75,"S","Aa_Updated_RM_Final_File.fasta","Aarg_AgSp1__FC511",9,"Hex","Only modified detected",3769800,3769800,"A_argentata_quantified_raw.txt"
2317,"Aarg_AgSp1__FC511_tr_rm2_3","Aarg_AgSp1__FC511","Aarg_AgSp1__FC511_tr_rm2_3",32,48,75,"S","Aa_Updated_RM_Final_File.fasta","Aarg_AgSp1__FC511",11,"Hex","Only modified detected",3769800,3769800,"A_argentata_quantified_raw.txt"
2398,"Aarg_AgSp1__FC511_serine_rm2_1","Aarg_AgSp1__FC511","Aarg_AgSp1__FC511_serine_rm2_1",33,54,129,"T","Aa_Updated_RM_Final_File.fasta","Aarg_AgSp1__FC511",9,"Hex","Only modified detected",3654000,3654000,"A_argentata_quantified_raw.txt"
2398,"Aarg_AgSp1__FC511_serine_rm2_1","Aarg_AgSp1__FC511","Aarg_AgSp1__FC511_serine_rm2_1",33,54,129,"T","Aa_Updated_RM_Final_File.fasta","Aarg_AgSp1__FC511",11,"Hex","Only modified detected",3654000,3654000,"A_argentata_quantified_raw.txt"
2406,"Aarg_AgSp1__FC511_serine_rm2_1","Aarg_AgSp1__FC511","Aarg_AgSp1__FC511_serine_rm2_1",33,62,129,"S","Aa_Updated_RM_Final_File.fasta","Aarg_AgSp1__FC511",7,"Hex","Only modified detected",3882700,3882700,"A_argentata_quantified_raw.txt"
2411,"Aarg_AgSp1__FC511_serine_rm2_1","Aarg_AgSp1__FC511","Aarg_AgSp1__FC511_serine_rm2_1",33,67,129,"S","Aa_Updated_RM_Final_File.fasta","Aarg_AgSp1__FC511",7,"Hex","Only modified detected",3882700,3882700,"A_argentata_quantified_raw.txt"
2412,"Aarg_AgSp1__FC511_serine_rm2_1","Aarg_AgSp1__FC511","Aarg_AgSp1__FC511_serine_rm2_1",33,68,129,"T","Aa_Updated_RM_Final_File.fasta","Aarg_AgSp1__FC511",9,"Hex","Only modified detected",3654000,3654000,"A_argentata_quantified_raw.txt"
2412,"Aarg_AgSp1__FC511_serine_rm2_1","Aarg_AgSp1__FC511","Aarg_AgSp1__FC511_serine_rm2_1",33,68,129,"T","Aa_Updated_RM_Final_File.fasta","Aarg_AgSp1__FC511",11,"Hex","Only modified detected",3654000,3654000,"A_argentata_quantified_raw.txt"
2427,"Aarg_AgSp1__FC511_serine_rm2_1","Aarg_AgSp1__FC511","Aarg_AgSp1__FC511_serine_rm2_1",33,83,129,"T","Aa_Updated_RM_Final_File.fasta","Aarg_AgSp1__FC511",7,"Hex","Only modified detected",35432000,20156500,"A_argentata_quantified_raw.txt"
2427,"Aarg_AgSp1__FC511_serine_rm2_1","Aarg_AgSp1__FC511","Aarg_AgSp1__FC511_serine_rm2_1",33,83,129,"T","Aa_Updated_RM_Final_File.fasta","Aarg_AgSp1__FC511",9,"Hex","Only modified detected",59167000,30408000,"A_argentata_quantified_raw.txt"
2427,"Aarg_AgSp1__FC511_serine_rm2_1","Aarg_AgSp1__FC511","Aarg_AgSp1__FC511_serine_rm2_1",33,83,129,"T","Aa_Updated_RM_Final_File.fasta","Aarg_AgSp1__FC511",11,"Hex","Only modified detected",59167000,30408000,"A_argentata_quantified_raw.txt"
2499,"Aarg_AgSp1__FC511_serine_rm2_2","Aarg_AgSp1__FC511","Aarg_AgSp1__FC511_serine_rm2_2",34,54,129,"T","Aa_Updated_RM_Final_File.fasta","Aarg_AgSp1__FC511",7,"Hex","Only modified detected",5874900,5874900,"A_argentata_quantified_raw.txt"
2499,"Aarg_AgSp1__FC511_serine_rm2_2","Aarg_AgSp1__FC511","Aarg_AgSp1__FC511_serine_rm2_2",34,54,129,"T","Aa_Updated_RM_Final_File.fasta","Aarg_AgSp1__FC511",9,"Hex","Only modified detected",5027100,5027100,"A_argentata_quantified_raw.txt"
2499,"Aarg_AgSp1__FC511_serine_rm2_2","Aarg_AgSp1__FC511","Aarg_AgSp1__FC511_serine_rm2_2",34,54,129,"T","Aa_Updated_RM_Final_File.fasta","Aarg_AgSp1__FC511",11,"Hex","Only modified detected",5027100,5027100,"A_argentata_quantified_raw.txt"
2512,"Aarg_AgSp1__FC511_serine_rm2_2","Aarg_AgSp1__FC511","Aarg_AgSp1__FC511_serine_rm2_2",34,67,129,"S","Aa_Updated_RM_Final_File.fasta","Aarg_AgSp1__FC511",7,"Hex","Only modified detected",5874900,5874900,"A_argentata_quantified_raw.txt"
2512,"Aarg_AgSp1__FC511_serine_rm2_2","Aarg_AgSp1__FC511","Aarg_AgSp1__FC511_serine_rm2_2",34,67,129,"S","Aa_Updated_RM_Final_File.fasta","Aarg_AgSp1__FC511",9,"Hex","Only modified detected",5027100,5027100,"A_argentata_quantified_raw.txt"
2512,"Aarg_AgSp1__FC511_serine_rm2_2","Aarg_AgSp1__FC511","Aarg_AgSp1__FC511_serine_rm2_2",34,67,129,"S","Aa_Updated_RM_Final_File.fasta","Aarg_AgSp1__FC511",11,"Hex","Only modified detected",5027100,5027100,"A_argentata_quantified_raw.txt"
2513,"Aarg_AgSp1__FC511_serine_rm2_2","Aarg_AgSp1__FC511","Aarg_AgSp1__FC511_serine_rm2_2",34,68,129,"T","Aa_Updated_RM_Final_File.fasta","Aarg_AgSp1__FC511",7,"Hex","Only modified detected",5874900,5874900,"A_argentata_quantified_raw.txt"
2513,"Aarg_AgSp1__FC511_serine_rm2_2","Aarg_AgSp1__FC511","Aarg_AgSp1__FC511_serine_rm2_2",34,68,129,"T","Aa_Updated_RM_Final_File.fasta","Aarg_AgSp1__FC511",9,"Hex","Only modified detected",5027100,5027100,"A_argentata_quantified_raw.txt"
2513,"Aarg_AgSp1__FC511_serine_rm2_2","Aarg_AgSp1__FC511","Aarg_AgSp1__FC511_serine_rm2_2",34,68,129,"T","Aa_Updated_RM_Final_File.fasta","Aarg_AgSp1__FC511",11,"Hex","Only modified detected",5027100,5027100,"A_argentata_quantified_raw.txt"
2518,"Aarg_AgSp1__FC511_serine_rm2_2","Aarg_AgSp1__FC511","Aarg_AgSp1__FC511_serine_rm2_2",34,73,129,"S","Aa_Updated_RM_Final_File.fasta","Aarg_AgSp1__FC511",9,"Hex","Cannot Determine",6791900,4658000,"A_argentata_quantified_raw.txt"
2518,"Aarg_AgSp1__FC511_serine_rm2_2","Aarg_AgSp1__FC511","Aarg_AgSp1__FC511_serine_rm2_2",34,73,129,"S","Aa_Updated_RM_Final_File.fasta","Aarg_AgSp1__FC511",11,"Hex","Cannot Determine",6791900,4658000,"A_argentata_quantified_raw.txt"
2525,"Aarg_AgSp1__FC511_serine_rm2_2","Aarg_AgSp1__FC511","Aarg_AgSp1__FC511_serine_rm2_2",34,80,129,"T","Aa_Updated_RM_Final_File.fasta","Aarg_AgSp1__FC511",7,"Hex","Only modified detected",2067200,2067200,"A_argentata_quantified_raw.txt"
2525,"Aarg_AgSp1__FC511_serine_rm2_2","Aarg_AgSp1__FC511","Aarg_AgSp1__FC511_serine_rm2_2",34,80,129,"T","Aa_Updated_RM_Final_File.fasta","Aarg_AgSp1__FC511",9,"Hex","Cannot Determine",6791900,4658000,"A_argentata_quantified_raw.txt"
2525,"Aarg_AgSp1__FC511_serine_rm2_2","Aarg_AgSp1__FC511","Aarg_AgSp1__FC511_serine_rm2_2",34,80,129,"T","Aa_Updated_RM_Final_File.fasta","Aarg_AgSp1__FC511",11,"Hex","Cannot Determine",6791900,4658000,"A_argentata_quantified_raw.txt"
2689,"Aarg_AgSp1__FC511_serine_rm2_3b","Aarg_AgSp1__FC511","Aarg_AgSp1__FC511_serine_rm2_3b",36,48,129,"T","Aa_Updated_RM_Final_File.fasta","Aarg_AgSp1__FC511",9,"Hex","Only modified detected",7153100,7153100,"A_argentata_quantified_raw.txt"
2689,"Aarg_AgSp1__FC511_serine_rm2_3b","Aarg_AgSp1__FC511","Aarg_AgSp1__FC511_serine_rm2_3b",36,48,129,"T","Aa_Updated_RM_Final_File.fasta","Aarg_AgSp1__FC511",11,"Hex","Only modified detected",7153100,7153100,"A_argentata_quantified_raw.txt"
2690,"Aarg_AgSp1__FC511_serine_rm2_3b","Aarg_AgSp1__FC511","Aarg_AgSp1__FC511_serine_rm2_3b",36,49,129,"T","Aa_Updated_RM_Final_File.fasta","Aarg_AgSp1__FC511",9,"Hex","Only modified detected",7153100,7153100,"A_argentata_quantified_raw.txt"
2690,"Aarg_AgSp1__FC511_serine_rm2_3b","Aarg_AgSp1__FC511","Aarg_AgSp1__FC511_serine_rm2_3b",36,49,129,"T","Aa_Updated_RM_Final_File.fasta","Aarg_AgSp1__FC511",11,"Hex","Only modified detected",7153100,7153100,"A_argentata_quantified_raw.txt"
2721,"Aarg_AgSp1__FC511_serine_rm2_3b","Aarg_AgSp1__FC511","Aarg_AgSp1__FC511_serine_rm2_3b",36,80,129,"T","Aa_Updated_RM_Final_File.fasta","Aarg_AgSp1__FC511",7,"Hex","Only modified detected",11626000,11626000,"A_argentata_quantified_raw.txt"
2721,"Aarg_AgSp1__FC511_serine_rm2_3b","Aarg_AgSp1__FC511","Aarg_AgSp1__FC511_serine_rm2_3b",36,80,129,"T","Aa_Updated_RM_Final_File.fasta","Aarg_AgSp1__FC511",9,"Hex","Only modified detected",8634200,8634200,"A_argentata_quantified_raw.txt"
2721,"Aarg_AgSp1__FC511_serine_rm2_3b","Aarg_AgSp1__FC511","Aarg_AgSp1__FC511_serine_rm2_3b",36,80,129,"T","Aa_Updated_RM_Final_File.fasta","Aarg_AgSp1__FC511",11,"Hex","Only modified detected",8634200,8634200,"A_argentata_quantified_raw.txt"
2793,"Aarg_AgSp1__FC511_serine_rm2_4","Aarg_AgSp1__FC511","Aarg_AgSp1__FC511_serine_rm2_4",37,54,129,"T","Aa_Updated_RM_Final_File.fasta","Aarg_AgSp1__FC511",7,"Hex","0.35566604733286805",3877600,2694950,"A_argentata_quantified_raw.txt"
2793,"Aarg_AgSp1__FC511_serine_rm2_4","Aarg_AgSp1__FC511","Aarg_AgSp1__FC511_serine_rm2_4",37,54,129,"T","Aa_Updated_RM_Final_File.fasta","Aarg_AgSp1__FC511",9,"Hex","Only modified detected",5650100,2397300,"A_argentata_quantified_raw.txt"
2793,"Aarg_AgSp1__FC511_serine_rm2_4","Aarg_AgSp1__FC511","Aarg_AgSp1__FC511_serine_rm2_4",37,54,129,"T","Aa_Updated_RM_Final_File.fasta","Aarg_AgSp1__FC511",11,"Hex","Only modified detected",5650100,2397300,"A_argentata_quantified_raw.txt"
2801,"Aarg_AgSp1__FC511_serine_rm2_4","Aarg_AgSp1__FC511","Aarg_AgSp1__FC511_serine_rm2_4",37,62,129,"S","Aa_Updated_RM_Final_File.fasta","Aarg_AgSp1__FC511",7,"Hex","0.6443339526671319",3877600,2694950,"A_argentata_quantified_raw.txt"
3059,"Aarg_AgSp1__FC511_glycine_rm2_7","Aarg_AgSp1__FC511","Aarg_AgSp1__FC511_glycine_rm2_7",40,27,129,"T","Aa_Updated_RM_Final_File.fasta","Aarg_AgSp1__FC511",7,"Hex","Only modified detected",5271600,1781700,"A_argentata_quantified_raw.txt"
3059,"Aarg_AgSp1__FC511_glycine_rm2_7","Aarg_AgSp1__FC511","Aarg_AgSp1__FC511_glycine_rm2_7",40,27,129,"T","Aa_Updated_RM_Final_File.fasta","Aarg_AgSp1__FC511",9,"Hex","Only modified detected",9712300,2703400,"A_argentata_quantified_raw.txt"
3059,"Aarg_AgSp1__FC511_glycine_rm2_7","Aarg_AgSp1__FC511","Aarg_AgSp1__FC511_glycine_rm2_7",40,27,129,"T","Aa_Updated_RM_Final_File.fasta","Aarg_AgSp1__FC511",11,"Hex","Only modified detected",9712300,2703400,"A_argentata_quantified_raw.txt"
845,"Atri_AgSp1_genomic_sy","Atri_AgSp1_genomic","Atri_AgSp1_genomic_sy",2,688,740,"T","At_Updated_RM_Final_File.fasta","Atri_AgSp1_genomic",7,"Hex","Only modified detected",12361000,7420700,"A_trifasciata_quantified_raw.txt"
856,"Atri_AgSp1_genomic_sy","Atri_AgSp1_genomic","Atri_AgSp1_genomic_sy",2,699,740,"T","At_Updated_RM_Final_File.fasta","Atri_AgSp1_genomic",1,"Phos","Cannot Determine",12361000,7420700,"A_trifasciata_quantified_raw.txt"
861,"Atri_AgSp1_genomic_sy","Atri_AgSp1_genomic","Atri_AgSp1_genomic_sy",2,704,740,"T","At_Updated_RM_Final_File.fasta","Atri_AgSp1_genomic",7,"Hex","Only modified detected",12361000,7420700,"A_trifasciata_quantified_raw.txt"
876,"Atri_AgSp1_genomic_sy","Atri_AgSp1_genomic","Atri_AgSp1_genomic_sy",2,719,740,"S","At_Updated_RM_Final_File.fasta","Atri_AgSp1_genomic",1,"Phos","Cannot Determine",31885000,4460200,"A_trifasciata_quantified_raw.txt"
882,"Atri_AgSp1_genomic_sy","Atri_AgSp1_genomic","Atri_AgSp1_genomic_sy",2,725,740,"T","At_Updated_RM_Final_File.fasta","Atri_AgSp1_genomic",1,"Phos","Cannot Determine",31885000,4460200,"A_trifasciata_quantified_raw.txt"
882,"Atri_AgSp1_genomic_sy","Atri_AgSp1_genomic","Atri_AgSp1_genomic_sy",2,725,740,"T","At_Updated_RM_Final_File.fasta","Atri_AgSp1_genomic",7,"Hex","Cannot Determine",31885000,4460200,"A_trifasciata_quantified_raw.txt"
884,"Atri_AgSp1_genomic_sy","Atri_AgSp1_genomic","Atri_AgSp1_genomic_sy",2,727,740,"S","At_Updated_RM_Final_File.fasta","Atri_AgSp1_genomic",7,"Hex","Cannot Determine",31885000,4460200,"A_trifasciata_quantified_raw.txt"
900,"Atri_AgSp1_genomic_rr_1","Atri_AgSp1_genomic","Atri_AgSp1_genomic_rr_1",3,3,48,"T","At_Updated_RM_Final_File.fasta","Atri_AgSp1_genomic",7,"Hex","Only modified detected",3962100,3052250,"A_trifasciata_quantified_raw.txt"
901,"Atri_AgSp1_genomic_rr_1","Atri_AgSp1_genomic","Atri_AgSp1_genomic_rr_1",3,4,48,"T","At_Updated_RM_Final_File.fasta","Atri_AgSp1_genomic",7,"Hex","Only modified detected",3962100,3052250,"A_trifasciata_quantified_raw.txt"
922,"Atri_AgSp1_genomic_rr_1","Atri_AgSp1_genomic","Atri_AgSp1_genomic_rr_1",3,25,48,"S","At_Updated_RM_Final_File.fasta","Atri_AgSp1_genomic",1,"Phos","0.24813491404162877",7583600,3558050,"A_trifasciata_quantified_raw.txt"
925,"Atri_AgSp1_genomic_rr_1","Atri_AgSp1_genomic","Atri_AgSp1_genomic_rr_1",3,28,48,"S","At_Updated_RM_Final_File.fasta","Atri_AgSp1_genomic",1,"Phos","Cannot Determine",4377600,3284050,"A_trifasciata_quantified_raw.txt"
1063,"Atri_AgSp1_genomic_rr_3","Atri_AgSp1_genomic","Atri_AgSp1_genomic_rr_3",5,50,91,"T","At_Updated_RM_Final_File.fasta","Atri_AgSp1_genomic",7,"Hex","Only modified detected",72655000,13091000,"A_trifasciata_quantified_raw.txt"
1063,"Atri_AgSp1_genomic_rr_3","Atri_AgSp1_genomic","Atri_AgSp1_genomic_rr_3",5,50,91,"T","At_Updated_RM_Final_File.fasta","Atri_AgSp1_genomic",9,"Hex","Only modified detected",15306000,3379900,"A_trifasciata_quantified_raw.txt"
1063,"Atri_AgSp1_genomic_rr_3","Atri_AgSp1_genomic","Atri_AgSp1_genomic_rr_3",5,50,91,"T","At_Updated_RM_Final_File.fasta","Atri_AgSp1_genomic",11,"Hex","Only modified detected",15306000,8369450,"A_trifasciata_quantified_raw.txt"
1068,"Atri_AgSp1_genomic_rr_3","Atri_AgSp1_genomic","Atri_AgSp1_genomic_rr_3",5,55,91,"T","At_Updated_RM_Final_File.fasta","Atri_AgSp1_genomic",7,"Hex","0.9438676869237345",72655000,13091000,"A_trifasciata_quantified_raw.txt"
1068,"Atri_AgSp1_genomic_rr_3","Atri_AgSp1_genomic","Atri_AgSp1_genomic_rr_3",5,55,91,"T","At_Updated_RM_Final_File.fasta","Atri_AgSp1_genomic",9,"Hex","Cannot Determine",15306000,3379900,"A_trifasciata_quantified_raw.txt"
1068,"Atri_AgSp1_genomic_rr_3","Atri_AgSp1_genomic","Atri_AgSp1_genomic_rr_3",5,55,91,"T","At_Updated_RM_Final_File.fasta","Atri_AgSp1_genomic",11,"Hex","Cannot Determine",15306000,8369450,"A_trifasciata_quantified_raw.txt"
1085,"Atri_AgSp1_genomic_rr_3","Atri_AgSp1_genomic","Atri_AgSp1_genomic_rr_3",5,72,91,"T","At_Updated_RM_Final_File.fasta","Atri_AgSp1_genomic",7,"Hex","Only modified detected",34178000,19992250,"A_trifasciata_quantified_raw.txt"
1085,"Atri_AgSp1_genomic_rr_3","Atri_AgSp1_genomic","Atri_AgSp1_genomic_rr_3",5,72,91,"T","At_Updated_RM_Final_File.fasta","Atri_AgSp1_genomic",9,"Hex","Only modified detected",8420900,8420900,"A_trifasciata_quantified_raw.txt"
1085,"Atri_AgSp1_genomic_rr_3","Atri_AgSp1_genomic","Atri_AgSp1_genomic_rr_3",5,72,91,"T","At_Updated_RM_Final_File.fasta","Atri_AgSp1_genomic",11,"Hex","Only modified detected",8420900,8420900,"A_trifasciata_quantified_raw.txt"
1089,"Atri_AgSp1_genomic_rr_3","Atri_AgSp1_genomic","Atri_AgSp1_genomic_rr_3",5,76,91,"T","At_Updated_RM_Final_File.fasta","Atri_AgSp1_genomic",7,"Hex","Only modified detected",34178000,19992250,"A_trifasciata_quantified_raw.txt"
1089,"Atri_AgSp1_genomic_rr_3","Atri_AgSp1_genomic","Atri_AgSp1_genomic_rr_3",5,76,91,"T","At_Updated_RM_Final_File.fasta","Atri_AgSp1_genomic",9,"Hex","Only modified detected",8420900,8420900,"A_trifasciata_quantified_raw.txt"
1089,"Atri_AgSp1_genomic_rr_3","Atri_AgSp1_genomic","Atri_AgSp1_genomic_rr_3",5,76,91,"T","At_Updated_RM_Final_File.fasta","Atri_AgSp1_genomic",11,"Hex","Only modified detected",8420900,8420900,"A_trifasciata_quantified_raw.txt"
1126,"Atri_AgSp1_genomic_rr_4","Atri_AgSp1_genomic","Atri_AgSp1_genomic_rr_4",6,22,88,"T","At_Updated_RM_Final_File.fasta","Atri_AgSp1_genomic",7,"Hex","Only modified detected",27426000,17660750,"A_trifasciata_quantified_raw.txt"
1126,"Atri_AgSp1_genomic_rr_4","Atri_AgSp1_genomic","Atri_AgSp1_genomic_rr_4",6,22,88,"T","At_Updated_RM_Final_File.fasta","Atri_AgSp1_genomic",9,"Hex","Only modified detected",6801500,4608050,"A_trifasciata_quantified_raw.txt"
1126,"Atri_AgSp1_genomic_rr_4","Atri_AgSp1_genomic","Atri_AgSp1_genomic_rr_4",6,22,88,"T","At_Updated_RM_Final_File.fasta","Atri_AgSp1_genomic",11,"Hex","Only modified detected",6801500,4608050,"A_trifasciata_quantified_raw.txt"
1214,"Atri_AgSp1_genomic_rr_5","Atri_AgSp1_genomic","Atri_AgSp1_genomic_rr_5",7,22,88,"T","At_Updated_RM_Final_File.fasta","Atri_AgSp1_genomic",7,"Hex","0.7020998808599206",42484000,39624000,"A_trifasciata_quantified_raw.txt"
1214,"Atri_AgSp1_genomic_rr_5","Atri_AgSp1_genomic","Atri_AgSp1_genomic_rr_5",7,22,88,"T","At_Updated_RM_Final_File.fasta","Atri_AgSp1_genomic",9,"Hex","0.9075130713564444",10893000,9789600,"A_trifasciata_quantified_raw.txt"
1214,"Atri_AgSp1_genomic_rr_5","Atri_AgSp1_genomic","Atri_AgSp1_genomic_rr_5",7,22,88,"T","At_Updated_RM_Final_File.fasta","Atri_AgSp1_genomic",11,"Hex","0.9206810020520891",10893000,9789600,"A_trifasciata_quantified_raw.txt"
1221,"Atri_AgSp1_genomic_rr_5","Atri_AgSp1_genomic","Atri_AgSp1_genomic_rr_5",7,29,88,"T","At_Updated_RM_Final_File.fasta","Atri_AgSp1_genomic",7,"Hex","Only modified detected",7351900,7351900,"A_trifasciata_quantified_raw.txt"
1238,"Atri_AgSp1_genomic_rr_5","Atri_AgSp1_genomic","Atri_AgSp1_genomic_rr_5",7,46,88,"S","At_Updated_RM_Final_File.fasta","Atri_AgSp1_genomic",7,"Hex","Only modified detected",7351900,7351900,"A_trifasciata_quantified_raw.txt"
1238,"Atri_AgSp1_genomic_rr_5","Atri_AgSp1_genomic","Atri_AgSp1_genomic_rr_5",7,46,88,"S","At_Updated_RM_Final_File.fasta","Atri_AgSp1_genomic",9,"Hex","Only modified detected",6698000,6698000,"A_trifasciata_quantified_raw.txt"
1239,"Atri_AgSp1_genomic_rr_5","Atri_AgSp1_genomic","Atri_AgSp1_genomic_rr_5",7,47,88,"T","At_Updated_RM_Final_File.fasta","Atri_AgSp1_genomic",9,"Hex","Only modified detected",6698000,6698000,"A_trifasciata_quantified_raw.txt"
1244,"Atri_AgSp1_genomic_rr_5","Atri_AgSp1_genomic","Atri_AgSp1_genomic_rr_5",7,52,88,"T","At_Updated_RM_Final_File.fasta","Atri_AgSp1_genomic",7,"Hex","Only modified detected",7351900,7351900,"A_trifasciata_quantified_raw.txt"
1244,"Atri_AgSp1_genomic_rr_5","Atri_AgSp1_genomic","Atri_AgSp1_genomic_rr_5",7,52,88,"T","At_Updated_RM_Final_File.fasta","Atri_AgSp1_genomic",9,"Hex","Only modified detected",6698000,6698000,"A_trifasciata_quantified_raw.txt"
1302,"Atri_AgSp1_genomic_rr_6","Atri_AgSp1_genomic","Atri_AgSp1_genomic_rr_6",8,22,43,"T","At_Updated_RM_Final_File.fasta","Atri_AgSp1_genomic",7,"Hex","Cannot Determine",16356000,9957700,"A_trifasciata_quantified_raw.txt"
1302,"Atri_AgSp1_genomic_rr_6","Atri_AgSp1_genomic","Atri_AgSp1_genomic_rr_6",8,22,43,"T","At_Updated_RM_Final_File.fasta","Atri_AgSp1_genomic",9,"Hex","0.555461471715096",3958800,2501300,"A_trifasciata_quantified_raw.txt"
1302,"Atri_AgSp1_genomic_rr_6","Atri_AgSp1_genomic","Atri_AgSp1_genomic_rr_6",8,22,43,"T","At_Updated_RM_Final_File.fasta","Atri_AgSp1_genomic",11,"Hex","Cannot Determine",3958800,2501300,"A_trifasciata_quantified_raw.txt"
1308,"Atri_AgSp1_genomic_rr_6","Atri_AgSp1_genomic","Atri_AgSp1_genomic_rr_6",8,28,43,"T","At_Updated_RM_Final_File.fasta","Atri_AgSp1_genomic",7,"Hex","Cannot Determine",16356000,9957700,"A_trifasciata_quantified_raw.txt"
1326,"Atri_AgSp1_genomic_rr_7","Atri_AgSp1_genomic","Atri_AgSp1_genomic_rr_7",9,3,45,"T","At_Updated_RM_Final_File.fasta","Atri_AgSp1_genomic",7,"Hex","Only modified detected",3273200,3273200,"A_trifasciata_quantified_raw.txt"
1327,"Atri_AgSp1_genomic_rr_7","Atri_AgSp1_genomic","Atri_AgSp1_genomic_rr_7",9,4,45,"T","At_Updated_RM_Final_File.fasta","Atri_AgSp1_genomic",7,"Hex","Only modified detected",3273200,3273200,"A_trifasciata_quantified_raw.txt"
1330,"Atri_AgSp1_genomic_rr_7","Atri_AgSp1_genomic","Atri_AgSp1_genomic_rr_7",9,7,45,"T","At_Updated_RM_Final_File.fasta","Atri_AgSp1_genomic",7,"Hex","Only modified detected",3273200,3273200,"A_trifasciata_quantified_raw.txt"
1349,"Atri_AgSp1_genomic_rr_7","Atri_AgSp1_genomic","Atri_AgSp1_genomic_rr_7",9,26,45,"T","At_Updated_RM_Final_File.fasta","Atri_AgSp1_genomic",7,"Hex","Only modified detected",14668000,14668000,"A_trifasciata_quantified_raw.txt"
1353,"Atri_AgSp1_genomic_rr_7","Atri_AgSp1_genomic","Atri_AgSp1_genomic_rr_7",9,30,45,"T","At_Updated_RM_Final_File.fasta","Atri_AgSp1_genomic",7,"Hex","Only modified detected",14668000,14668000,"A_trifasciata_quantified_raw.txt"
1401,"Atri_AgSp1_genomic_rr_8","Atri_AgSp1_genomic","Atri_AgSp1_genomic_rr_8",10,33,68,"T","At_Updated_RM_Final_File.fasta","Atri_AgSp1_genomic",7,"Hex","Only modified detected",9358300,8490500,"A_trifasciata_quantified_raw.txt"
1401,"Atri_AgSp1_genomic_rr_8","Atri_AgSp1_genomic","Atri_AgSp1_genomic_rr_8",10,33,68,"T","At_Updated_RM_Final_File.fasta","Atri_AgSp1_genomic",9,"Hex","Only modified detected",10157000,10157000,"A_trifasciata_quantified_raw.txt"
1401,"Atri_AgSp1_genomic_rr_8","Atri_AgSp1_genomic","Atri_AgSp1_genomic_rr_8",10,33,68,"T","At_Updated_RM_Final_File.fasta","Atri_AgSp1_genomic",11,"Hex","Only modified detected",10157000,10157000,"A_trifasciata_quantified_raw.txt"
1406,"Atri_AgSp1_genomic_rr_8","Atri_AgSp1_genomic","Atri_AgSp1_genomic_rr_8",10,38,68,"S","At_Updated_RM_Final_File.fasta","Atri_AgSp1_genomic",1,"Phos","0.7279320208104718",9358300,8490500,"A_trifasciata_quantified_raw.txt"
1406,"Atri_AgSp1_genomic_rr_8","Atri_AgSp1_genomic","Atri_AgSp1_genomic_rr_8",10,38,68,"S","At_Updated_RM_Final_File.fasta","Atri_AgSp1_genomic",3,"Phos","Only modified detected",10157000,10157000,"A_trifasciata_quantified_raw.txt"
1406,"Atri_AgSp1_genomic_rr_8","Atri_AgSp1_genomic","Atri_AgSp1_genomic_rr_8",10,38,68,"S","At_Updated_RM_Final_File.fasta","Atri_AgSp1_genomic",5,"Phos","Only modified detected",10157000,10157000,"A_trifasciata_quantified_raw.txt"
1415,"Atri_AgSp1_genomic_rr_8","Atri_AgSp1_genomic","Atri_AgSp1_genomic_rr_8",10,47,68,"S","At_Updated_RM_Final_File.fasta","Atri_AgSp1_genomic",7,"Hex","Only modified detected",9358300,8490500,"A_trifasciata_quantified_raw.txt"
1415,"Atri_AgSp1_genomic_rr_8","Atri_AgSp1_genomic","Atri_AgSp1_genomic_rr_8",10,47,68,"S","At_Updated_RM_Final_File.fasta","Atri_AgSp1_genomic",9,"Hex","Only modified detected",10157000,10157000,"A_trifasciata_quantified_raw.txt"
1415,"Atri_AgSp1_genomic_rr_8","Atri_AgSp1_genomic","Atri_AgSp1_genomic_rr_8",10,47,68,"S","At_Updated_RM_Final_File.fasta","Atri_AgSp1_genomic",11,"Hex","Only modified detected",10157000,10157000,"A_trifasciata_quantified_raw.txt"
1439,"Atri_AgSp1_genomic_rr_9","Atri_AgSp1_genomic","Atri_AgSp1_genomic_rr_9",11,3,88,"T","At_Updated_RM_Final_File.fasta","Atri_AgSp1_genomic",7,"Hex","Only modified detected",20218000,12458700,"A_trifasciata_quantified_raw.txt"
1440,"Atri_AgSp1_genomic_rr_9","Atri_AgSp1_genomic","Atri_AgSp1_genomic_rr_9",11,4,88,"T","At_Updated_RM_Final_File.fasta","Atri_AgSp1_genomic",7,"Hex","Only modified detected",20218000,12458700,"A_trifasciata_quantified_raw.txt"
1460,"Atri_AgSp1_genomic_rr_9","Atri_AgSp1_genomic","Atri_AgSp1_genomic_rr_9",11,24,88,"T","At_Updated_RM_Final_File.fasta","Atri_AgSp1_genomic",7,"Hex","Only modified detected",17855000,17855000,"A_trifasciata_quantified_raw.txt"
1461,"Atri_AgSp1_genomic_rr_9","Atri_AgSp1_genomic","Atri_AgSp1_genomic_rr_9",11,25,88,"T","At_Updated_RM_Final_File.fasta","Atri_AgSp1_genomic",7,"Hex","Only modified detected",17855000,17855000,"A_trifasciata_quantified_raw.txt"
1483,"Atri_AgSp1_genomic_rr_9","Atri_AgSp1_genomic","Atri_AgSp1_genomic_rr_9",11,47,88,"T","At_Updated_RM_Final_File.fasta","Atri_AgSp1_genomic",7,"Hex","Only modified detected",74577000,74577000,"A_trifasciata_quantified_raw.txt"
1483,"Atri_AgSp1_genomic_rr_9","Atri_AgSp1_genomic","Atri_AgSp1_genomic_rr_9",11,47,88,"T","At_Updated_RM_Final_File.fasta","Atri_AgSp1_genomic",9,"Hex","Only modified detected",9010300,9010300,"A_trifasciata_quantified_raw.txt"
1488,"Atri_AgSp1_genomic_rr_9","Atri_AgSp1_genomic","Atri_AgSp1_genomic_rr_9",11,52,88,"T","At_Updated_RM_Final_File.fasta","Atri_AgSp1_genomic",7,"Hex","Only modified detected",74577000,74577000,"A_trifasciata_quantified_raw.txt"
1488,"Atri_AgSp1_genomic_rr_9","Atri_AgSp1_genomic","Atri_AgSp1_genomic_rr_9",11,52,88,"T","At_Updated_RM_Final_File.fasta","Atri_AgSp1_genomic",9,"Hex","Only modified detected",9010300,9010300,"A_trifasciata_quantified_raw.txt"
1506,"Atri_AgSp1_genomic_rr_9","Atri_AgSp1_genomic","Atri_AgSp1_genomic_rr_9",11,70,88,"T","At_Updated_RM_Final_File.fasta","Atri_AgSp1_genomic",7,"Hex","0.6325536888379488",128100000,11352000,"A_trifasciata_quantified_raw.txt"
1506,"Atri_AgSp1_genomic_rr_9","Atri_AgSp1_genomic","Atri_AgSp1_genomic_rr_9",11,70,88,"T","At_Updated_RM_Final_File.fasta","Atri_AgSp1_genomic",9,"Hex","Only modified detected",19901000,3185500,"A_trifasciata_quantified_raw.txt"
1506,"Atri_AgSp1_genomic_rr_9","Atri_AgSp1_genomic","Atri_AgSp1_genomic_rr_9",11,70,88,"T","At_Updated_RM_Final_File.fasta","Atri_AgSp1_genomic",11,"Hex","Only modified detected",19901000,17340000,"A_trifasciata_quantified_raw.txt"
1508,"Atri_AgSp1_genomic_rr_9","Atri_AgSp1_genomic","Atri_AgSp1_genomic_rr_9",11,72,88,"S","At_Updated_RM_Final_File.fasta","Atri_AgSp1_genomic",7,"Hex","0.3674463111620512",128100000,11352000,"A_trifasciata_quantified_raw.txt"
1527,"Atri_AgSp1_genomic_rr_10","Atri_AgSp1_genomic","Atri_AgSp1_genomic_rr_10",12,3,87,"T","At_Updated_RM_Final_File.fasta","Atri_AgSp1_genomic",7,"Hex","Only modified detected",24747000,24646500,"A_trifasciata_quantified_raw.txt"
1528,"Atri_AgSp1_genomic_rr_10","Atri_AgSp1_genomic","Atri_AgSp1_genomic_rr_10",12,4,87,"T","At_Updated_RM_Final_File.fasta","Atri_AgSp1_genomic",7,"Hex","Only modified detected",24747000,24646500,"A_trifasciata_quantified_raw.txt"
1533,"Atri_AgSp1_genomic_rr_10","Atri_AgSp1_genomic","Atri_AgSp1_genomic_rr_10",12,9,87,"T","At_Updated_RM_Final_File.fasta","Atri_AgSp1_genomic",7,"Hex","Only modified detected",24747000,24646500,"A_trifasciata_quantified_raw.txt"
1546,"Atri_AgSp1_genomic_rr_10","Atri_AgSp1_genomic","Atri_AgSp1_genomic_rr_10",12,22,87,"T","At_Updated_RM_Final_File.fasta","Atri_AgSp1_genomic",7,"Hex","0.9910628427671128",217160000,6678400,"A_trifasciata_quantified_raw.txt"
1546,"Atri_AgSp1_genomic_rr_10","Atri_AgSp1_genomic","Atri_AgSp1_genomic_rr_10",12,22,87,"T","At_Updated_RM_Final_File.fasta","Atri_AgSp1_genomic",9,"Hex","0.7905190824767258",171630000,3606150,"A_trifasciata_quantified_raw.txt"
1546,"Atri_AgSp1_genomic_rr_10","Atri_AgSp1_genomic","Atri_AgSp1_genomic_rr_10",12,22,87,"T","At_Updated_RM_Final_File.fasta","Atri_AgSp1_genomic",11,"Hex","0.9701193106557155",171630000,5769500,"A_trifasciata_quantified_raw.txt"
1558,"Atri_AgSp1_genomic_rr_10","Atri_AgSp1_genomic","Atri_AgSp1_genomic_rr_10",12,34,87,"S","At_Updated_RM_Final_File.fasta","Atri_AgSp1_genomic",1,"Phos","Only modified detected",1496000,1496000,"A_trifasciata_quantified_raw.txt"
1558,"Atri_AgSp1_genomic_rr_10","Atri_AgSp1_genomic","Atri_AgSp1_genomic_rr_10",12,34,87,"S","At_Updated_RM_Final_File.fasta","Atri_AgSp1_genomic",3,"Phos","Only modified detected",1442800,1262650,"A_trifasciata_quantified_raw.txt"
1558,"Atri_AgSp1_genomic_rr_10","Atri_AgSp1_genomic","Atri_AgSp1_genomic_rr_10",12,34,87,"S","At_Updated_RM_Final_File.fasta","Atri_AgSp1_genomic",5,"Phos","Only modified detected",1442800,1442800,"A_trifasciata_quantified_raw.txt"
1558,"Atri_AgSp1_genomic_rr_10","Atri_AgSp1_genomic","Atri_AgSp1_genomic_rr_10",12,34,87,"S","At_Updated_RM_Final_File.fasta","Atri_AgSp1_genomic",9,"Hex","Only modified detected",1442800,1262650,"A_trifasciata_quantified_raw.txt"
1633,"Atri_AgSp1_genomic_rr_11","Atri_AgSp1_genomic","Atri_AgSp1_genomic_rr_11",13,22,44,"T","At_Updated_RM_Final_File.fasta","Atri_AgSp1_genomic",7,"Hex","Cannot Determine",39389000,8134700,"A_trifasciata_quantified_raw.txt"
1633,"Atri_AgSp1_genomic_rr_11","Atri_AgSp1_genomic","Atri_AgSp1_genomic_rr_11",13,22,44,"T","At_Updated_RM_Final_File.fasta","Atri_AgSp1_genomic",9,"Hex","0.8140357903248207",10422000,2598500,"A_trifasciata_quantified_raw.txt"
1633,"Atri_AgSp1_genomic_rr_11","Atri_AgSp1_genomic","Atri_AgSp1_genomic_rr_11",13,22,44,"T","At_Updated_RM_Final_File.fasta","Atri_AgSp1_genomic",11,"Hex","0.8938406616843437",10422000,2598500,"A_trifasciata_quantified_raw.txt"
1659,"Atri_AgSp1_genomic_rr_12","Atri_AgSp1_genomic","Atri_AgSp1_genomic_rr_12",14,4,45,"T","At_Updated_RM_Final_File.fasta","Atri_AgSp1_genomic",7,"Hex","Only modified detected",10416000,10416000,"A_trifasciata_quantified_raw.txt"
1662,"Atri_AgSp1_genomic_rr_12","Atri_AgSp1_genomic","Atri_AgSp1_genomic_rr_12",14,7,45,"T","At_Updated_RM_Final_File.fasta","Atri_AgSp1_genomic",7,"Hex","Only modified detected",10416000,10416000,"A_trifasciata_quantified_raw.txt"
1664,"Atri_AgSp1_genomic_rr_12","Atri_AgSp1_genomic","Atri_AgSp1_genomic_rr_12",14,9,45,"T","At_Updated_RM_Final_File.fasta","Atri_AgSp1_genomic",7,"Hex","Only modified detected",10416000,10416000,"A_trifasciata_quantified_raw.txt"
1770,"Atri_AgSp1_genomic_rr_13","Atri_AgSp1_genomic","Atri_AgSp1_genomic_rr_13",15,70,89,"T","At_Updated_RM_Final_File.fasta","Atri_AgSp1_genomic",7,"Hex","Cannot Determine",144490000,45334000,"A_trifasciata_quantified_raw.txt"
1770,"Atri_AgSp1_genomic_rr_13","Atri_AgSp1_genomic","Atri_AgSp1_genomic_rr_13",15,70,89,"T","At_Updated_RM_Final_File.fasta","Atri_AgSp1_genomic",9,"Hex","Only modified detected",5616900,5616900,"A_trifasciata_quantified_raw.txt"
1770,"Atri_AgSp1_genomic_rr_13","Atri_AgSp1_genomic","Atri_AgSp1_genomic_rr_13",15,70,89,"T","At_Updated_RM_Final_File.fasta","Atri_AgSp1_genomic",11,"Hex","Only modified detected",5616900,5616900,"A_trifasciata_quantified_raw.txt"
1771,"Atri_AgSp1_genomic_rr_13","Atri_AgSp1_genomic","Atri_AgSp1_genomic_rr_13",15,71,89,"T","At_Updated_RM_Final_File.fasta","Atri_AgSp1_genomic",7,"Hex","Only modified detected",144490000,45334000,"A_trifasciata_quantified_raw.txt"
1771,"Atri_AgSp1_genomic_rr_13","Atri_AgSp1_genomic","Atri_AgSp1_genomic_rr_13",15,71,89,"T","At_Updated_RM_Final_File.fasta","Atri_AgSp1_genomic",9,"Hex","Only modified detected",5616900,5616900,"A_trifasciata_quantified_raw.txt"
1771,"Atri_AgSp1_genomic_rr_13","Atri_AgSp1_genomic","Atri_AgSp1_genomic_rr_13",15,71,89,"T","At_Updated_RM_Final_File.fasta","Atri_AgSp1_genomic",11,"Hex","Only modified detected",5616900,5616900,"A_trifasciata_quantified_raw.txt"
1774,"Atri_AgSp1_genomic_rr_13","Atri_AgSp1_genomic","Atri_AgSp1_genomic_rr_13",15,74,89,"S","At_Updated_RM_Final_File.fasta","Atri_AgSp1_genomic",7,"Hex","Only modified detected",144490000,45334000,"A_trifasciata_quantified_raw.txt"
1774,"Atri_AgSp1_genomic_rr_13","Atri_AgSp1_genomic","Atri_AgSp1_genomic_rr_13",15,74,89,"S","At_Updated_RM_Final_File.fasta","Atri_AgSp1_genomic",9,"Hex","Only modified detected",5616900,5616900,"A_trifasciata_quantified_raw.txt"
1774,"Atri_AgSp1_genomic_rr_13","Atri_AgSp1_genomic","Atri_AgSp1_genomic_rr_13",15,74,89,"S","At_Updated_RM_Final_File.fasta","Atri_AgSp1_genomic",11,"Hex","Only modified detected",5616900,5616900,"A_trifasciata_quantified_raw.txt"
1776,"Atri_AgSp1_genomic_rr_13","Atri_AgSp1_genomic","Atri_AgSp1_genomic_rr_13",15,76,89,"T","At_Updated_RM_Final_File.fasta","Atri_AgSp1_genomic",7,"Hex","Cannot Determine",144490000,45334000,"A_trifasciata_quantified_raw.txt"
1793,"Atri_AgSp1_genomic_rr_14","Atri_AgSp1_genomic","Atri_AgSp1_genomic_rr_14",16,4,61,"T","At_Updated_RM_Final_File.fasta","Atri_AgSp1_genomic",9,"Hex","Only modified detected",3286800,3286800,"A_trifasciata_quantified_raw.txt"
1798,"Atri_AgSp1_genomic_rr_14","Atri_AgSp1_genomic","Atri_AgSp1_genomic_rr_14",16,9,61,"T","At_Updated_RM_Final_File.fasta","Atri_AgSp1_genomic",9,"Hex","Only modified detected",3286800,3286800,"A_trifasciata_quantified_raw.txt"
1806,"Atri_AgSp1_genomic_rr_14","Atri_AgSp1_genomic","Atri_AgSp1_genomic_rr_14",16,17,61,"T","At_Updated_RM_Final_File.fasta","Atri_AgSp1_genomic",9,"Hex","Only modified detected",3286800,3286800,"A_trifasciata_quantified_raw.txt"
1816,"Atri_AgSp1_genomic_rr_14","Atri_AgSp1_genomic","Atri_AgSp1_genomic_rr_14",16,27,61,"T","At_Updated_RM_Final_File.fasta","Atri_AgSp1_genomic",7,"Hex","Only modified detected",3650500,3650500,"A_trifasciata_quantified_raw.txt"
1817,"Atri_AgSp1_genomic_rr_14","Atri_AgSp1_genomic","Atri_AgSp1_genomic_rr_14",16,28,61,"T","At_Updated_RM_Final_File.fasta","Atri_AgSp1_genomic",7,"Hex","Only modified detected",3650500,3650500,"A_trifasciata_quantified_raw.txt"
1822,"Atri_AgSp1_genomic_rr_14","Atri_AgSp1_genomic","Atri_AgSp1_genomic_rr_14",16,33,61,"S","At_Updated_RM_Final_File.fasta","Atri_AgSp1_genomic",7,"Hex","Only modified detected",3650500,3650500,"A_trifasciata_quantified_raw.txt"
1829,"Atri_AgSp1_genomic_rr_14","Atri_AgSp1_genomic","Atri_AgSp1_genomic_rr_14",16,40,61,"S","At_Updated_RM_Final_File.fasta","Atri_AgSp1_genomic",7,"Hex","Only modified detected",3650500,3650500,"A_trifasciata_quantified_raw.txt"
1853,"Atri_AgSp1_genomic_rr_15","Atri_AgSp1_genomic","Atri_AgSp1_genomic_rr_15",17,3,45,"T","At_Updated_RM_Final_File.fasta","Atri_AgSp1_genomic",7,"Hex","Only modified detected",45930000,10410000,"A_trifasciata_quantified_raw.txt"
1854,"Atri_AgSp1_genomic_rr_15","Atri_AgSp1_genomic","Atri_AgSp1_genomic_rr_15",17,4,45,"T","At_Updated_RM_Final_File.fasta","Atri_AgSp1_genomic",7,"Hex","Only modified detected",45930000,10410000,"A_trifasciata_quantified_raw.txt"
1859,"Atri_AgSp1_genomic_rr_15","Atri_AgSp1_genomic","Atri_AgSp1_genomic_rr_15",17,9,45,"T","At_Updated_RM_Final_File.fasta","Atri_AgSp1_genomic",7,"Hex","Only modified detected",45930000,10410000,"A_trifasciata_quantified_raw.txt"
2120,"Atri_AgSp1_genomic_tr_rm1_4","Atri_AgSp1_genomic","Atri_AgSp1_genomic_tr_rm1_4",22,22,58,"T","At_Updated_RM_Final_File.fasta","Atri_AgSp1_genomic",7,"Hex","Cannot Determine",29472000,3429900,"A_trifasciata_quantified_raw.txt"
2121,"Atri_AgSp1_genomic_tr_rm1_4","Atri_AgSp1_genomic","Atri_AgSp1_genomic_tr_rm1_4",22,23,58,"T","At_Updated_RM_Final_File.fasta","Atri_AgSp1_genomic",7,"Hex","Cannot Determine",29472000,3429900,"A_trifasciata_quantified_raw.txt"
2221,"Atri_AgSp1_genomic_tr_rm1_6","Atri_AgSp1_genomic","Atri_AgSp1_genomic_tr_rm1_6",24,22,58,"T","At_Updated_RM_Final_File.fasta","Atri_AgSp1_genomic",7,"Hex","Only modified detected",42172000,26957000,"A_trifasciata_quantified_raw.txt"
2222,"Atri_AgSp1_genomic_tr_rm1_6","Atri_AgSp1_genomic","Atri_AgSp1_genomic_tr_rm1_6",24,23,58,"T","At_Updated_RM_Final_File.fasta","Atri_AgSp1_genomic",7,"Hex","Only modified detected",42172000,26957000,"A_trifasciata_quantified_raw.txt"
2438,"Atri_AgSp1_genomic_glycine_rm1_2","Atri_AgSp1_genomic","Atri_AgSp1_genomic_glycine_rm1_2",26,67,129,"T","At_Updated_RM_Final_File.fasta","Atri_AgSp1_genomic",7,"Hex","Cannot Determine",19609000,4893800,"A_trifasciata_quantified_raw.txt"
2439,"Atri_AgSp1_genomic_glycine_rm1_2","Atri_AgSp1_genomic","Atri_AgSp1_genomic_glycine_rm1_2",26,68,129,"T","At_Updated_RM_Final_File.fasta","Atri_AgSp1_genomic",7,"Hex","Cannot Determine",19609000,4893800,"A_trifasciata_quantified_raw.txt"
2440,"Atri_AgSp1_genomic_glycine_rm1_2","Atri_AgSp1_genomic","Atri_AgSp1_genomic_glycine_rm1_2",26,69,129,"T","At_Updated_RM_Final_File.fasta","Atri_AgSp1_genomic",7,"Hex","Cannot Determine",19609000,4893800,"A_trifasciata_quantified_raw.txt"
2441,"Atri_AgSp1_genomic_glycine_rm1_2","Atri_AgSp1_genomic","Atri_AgSp1_genomic_glycine_rm1_2",26,70,129,"T","At_Updated_RM_Final_File.fasta","Atri_AgSp1_genomic",7,"Hex","Cannot Determine",19609000,4893800,"A_trifasciata_quantified_raw.txt"
2588,"Atri_AgSp1_genomic_serine_rm2_1","Atri_AgSp1_genomic","Atri_AgSp1_genomic_serine_rm2_1",28,88,120,"T","At_Updated_RM_Final_File.fasta","Atri_AgSp1_genomic",7,"Hex","Only modified detected",3093600,3093600,"A_trifasciata_quantified_raw.txt"
2599,"Atri_AgSp1_genomic_serine_rm2_1","Atri_AgSp1_genomic","Atri_AgSp1_genomic_serine_rm2_1",28,99,120,"S","At_Updated_RM_Final_File.fasta","Atri_AgSp1_genomic",7,"Hex","Only modified detected",3093600,3093600,"A_trifasciata_quantified_raw.txt"
2931,"Atri_AgSp1_genomic_serine_rm2_42","Atri_AgSp1_genomic","Atri_AgSp1_genomic_serine_rm2_42",32,77,120,"S","At_Updated_RM_Final_File.fasta","Atri_AgSp1_genomic",7,"Hex","Cannot Determine",7118300,6790000,"A_trifasciata_quantified_raw.txt"
2938,"Atri_AgSp1_genomic_serine_rm2_42","Atri_AgSp1_genomic","Atri_AgSp1_genomic_serine_rm2_42",32,84,120,"S","At_Updated_RM_Final_File.fasta","Atri_AgSp1_genomic",7,"Hex","Only modified detected",7118300,6790000,"A_trifasciata_quantified_raw.txt"
2943,"Atri_AgSp1_genomic_serine_rm2_42","Atri_AgSp1_genomic","Atri_AgSp1_genomic_serine_rm2_42",32,89,120,"T","At_Updated_RM_Final_File.fasta","Atri_AgSp1_genomic",7,"Hex","Cannot Determine",7118300,6790000,"A_trifasciata_quantified_raw.txt"
2956,"Atri_AgSp1_genomic_serine_rm2_42","Atri_AgSp1_genomic","Atri_AgSp1_genomic_serine_rm2_42",32,102,120,"T","At_Updated_RM_Final_File.fasta","Atri_AgSp1_genomic",7,"Hex","Only modified detected",7118300,6790000,"A_trifasciata_quantified_raw.txt"
3046,"Atri_AgSp1_genomic_serine_rm2_43","Atri_AgSp1_genomic","Atri_AgSp1_genomic_serine_rm2_43",33,72,120,"S","At_Updated_RM_Final_File.fasta","Atri_AgSp1_genomic",7,"Hex","Cannot Determine",116960000,23891000,"A_trifasciata_quantified_raw.txt"
3046,"Atri_AgSp1_genomic_serine_rm2_43","Atri_AgSp1_genomic","Atri_AgSp1_genomic_serine_rm2_43",33,72,120,"S","At_Updated_RM_Final_File.fasta","Atri_AgSp1_genomic",9,"Hex","Cannot Determine",11107000,2784400,"A_trifasciata_quantified_raw.txt"
3046,"Atri_AgSp1_genomic_serine_rm2_43","Atri_AgSp1_genomic","Atri_AgSp1_genomic_serine_rm2_43",33,72,120,"S","At_Updated_RM_Final_File.fasta","Atri_AgSp1_genomic",11,"Hex","0.19581265209295812",11107000,6945700,"A_trifasciata_quantified_raw.txt"
3052,"Atri_AgSp1_genomic_serine_rm2_43","Atri_AgSp1_genomic","Atri_AgSp1_genomic_serine_rm2_43",33,78,120,"T","At_Updated_RM_Final_File.fasta","Atri_AgSp1_genomic",7,"Hex","Cannot Determine",116960000,23891000,"A_trifasciata_quantified_raw.txt"
3052,"Atri_AgSp1_genomic_serine_rm2_43","Atri_AgSp1_genomic","Atri_AgSp1_genomic_serine_rm2_43",33,78,120,"T","At_Updated_RM_Final_File.fasta","Atri_AgSp1_genomic",9,"Hex","Cannot Determine",11107000,2784400,"A_trifasciata_quantified_raw.txt"
3052,"Atri_AgSp1_genomic_serine_rm2_43","Atri_AgSp1_genomic","Atri_AgSp1_genomic_serine_rm2_43",33,78,120,"T","At_Updated_RM_Final_File.fasta","Atri_AgSp1_genomic",11,"Hex","0.8041873479070418",11107000,6945700,"A_trifasciata_quantified_raw.txt"
3057,"Atri_AgSp1_genomic_serine_rm2_43","Atri_AgSp1_genomic","Atri_AgSp1_genomic_serine_rm2_43",33,83,120,"T","At_Updated_RM_Final_File.fasta","Atri_AgSp1_genomic",7,"Hex","Cannot Determine",116960000,23891000,"A_trifasciata_quantified_raw.txt"
3155,"Atri_AgSp1_genomic_serine_rm2_44","Atri_AgSp1_genomic","Atri_AgSp1_genomic_serine_rm2_44",34,80,120,"T","At_Updated_RM_Final_File.fasta","Atri_AgSp1_genomic",7,"Hex","Only modified detected",31844000,23753000,"A_trifasciata_quantified_raw.txt"
3155,"Atri_AgSp1_genomic_serine_rm2_44","Atri_AgSp1_genomic","Atri_AgSp1_genomic_serine_rm2_44",34,80,120,"T","At_Updated_RM_Final_File.fasta","Atri_AgSp1_genomic",9,"Hex","Only modified detected",1925600,1925600,"A_trifasciata_quantified_raw.txt"
3155,"Atri_AgSp1_genomic_serine_rm2_44","Atri_AgSp1_genomic","Atri_AgSp1_genomic_serine_rm2_44",34,80,120,"T","At_Updated_RM_Final_File.fasta","Atri_AgSp1_genomic",11,"Hex","Only modified detected",1925600,1925600,"A_trifasciata_quantified_raw.txt"
3229,"Atri_AgSp1_genomic_serine_rm2_45","Atri_AgSp1_genomic","Atri_AgSp1_genomic_serine_rm2_45",35,56,120,"S","At_Updated_RM_Final_File.fasta","Atri_AgSp1_genomic",7,"Hex","Only modified detected",4890600,4890600,"A_trifasciata_quantified_raw.txt"
3240,"Atri_AgSp1_genomic_serine_rm2_45","Atri_AgSp1_genomic","Atri_AgSp1_genomic_serine_rm2_45",35,67,120,"S","At_Updated_RM_Final_File.fasta","Atri_AgSp1_genomic",7,"Hex","Only modified detected",4890600,4890600,"A_trifasciata_quantified_raw.txt"
3241,"Atri_AgSp1_genomic_serine_rm2_45","Atri_AgSp1_genomic","Atri_AgSp1_genomic_serine_rm2_45",35,68,120,"T","At_Updated_RM_Final_File.fasta","Atri_AgSp1_genomic",7,"Hex","Only modified detected",4890600,4890600,"A_trifasciata_quantified_raw.txt"
3325,"Atri_AgSp1_genomic_serine_rm3_1","Atri_AgSp1_genomic","Atri_AgSp1_genomic_serine_rm3_1",36,54,99,"T","At_Updated_RM_Final_File.fasta","Atri_AgSp1_genomic",7,"Hex","Only modified detected",8784500,3915500,"A_trifasciata_quantified_raw.txt"
3325,"Atri_AgSp1_genomic_serine_rm3_1","Atri_AgSp1_genomic","Atri_AgSp1_genomic_serine_rm3_1",36,54,99,"T","At_Updated_RM_Final_File.fasta","Atri_AgSp1_genomic",9,"Hex","Only modified detected",1589700,1589700,"A_trifasciata_quantified_raw.txt"
3591,"Atri_AgSp1_genomic_tr_cr","Atri_AgSp1_genomic","Atri_AgSp1_genomic_tr_cr",38,123,141,"T","At_Updated_RM_Final_File.fasta","Atri_AgSp1_genomic",7,"Hex","Cannot Determine",5386900,1476900,"A_trifasciata_quantified_raw.txt"
3591,"Atri_AgSp1_genomic_tr_cr","Atri_AgSp1_genomic","Atri_AgSp1_genomic_tr_cr",38,123,141,"T","At_Updated_RM_Final_File.fasta","Atri_AgSp1_genomic",9,"Hex","Only modified detected",4225300,3066150,"A_trifasciata_quantified_raw.txt"
3591,"Atri_AgSp1_genomic_tr_cr","Atri_AgSp1_genomic","Atri_AgSp1_genomic_tr_cr",38,123,141,"T","At_Updated_RM_Final_File.fasta","Atri_AgSp1_genomic",11,"Hex","Only modified detected",4225300,3066150,"A_trifasciata_quantified_raw.txt"
3594,"Atri_AgSp1_genomic_tr_cr","Atri_AgSp1_genomic","Atri_AgSp1_genomic_tr_cr",38,126,141,"T","At_Updated_RM_Final_File.fasta","Atri_AgSp1_genomic",7,"Hex","Cannot Determine",5386900,1476900,"A_trifasciata_quantified_raw.txt"
3631,"Atri_AgSp1_genomic_cr","Atri_AgSp1_genomic","Atri_AgSp1_genomic_cr",39,22,428,"T","At_Updated_RM_Final_File.fasta","Atri_AgSp1_genomic",7,"Hex","Cannot Determine",18928000,12825250,"A_trifasciata_quantified_raw.txt"
3632,"Atri_AgSp1_genomic_cr","Atri_AgSp1_genomic","Atri_AgSp1_genomic_cr",39,23,428,"T","At_Updated_RM_Final_File.fasta","Atri_AgSp1_genomic",7,"Hex","Only modified detected",18928000,12825250,"A_trifasciata_quantified_raw.txt"
3632,"Atri_AgSp1_genomic_cr","Atri_AgSp1_genomic","Atri_AgSp1_genomic_cr",39,23,428,"T","At_Updated_RM_Final_File.fasta","Atri_AgSp1_genomic",9,"Hex","Only modified detected",1388800,1388800,"A_trifasciata_quantified_raw.txt"
3638,"Atri_AgSp1_genomic_cr","Atri_AgSp1_genomic","Atri_AgSp1_genomic_cr",39,29,428,"S","At_Updated_RM_Final_File.fasta","Atri_AgSp1_genomic",1,"Phos","Only modified detected",18928000,12825250,"A_trifasciata_quantified_raw.txt"
3638,"Atri_AgSp1_genomic_cr","Atri_AgSp1_genomic","Atri_AgSp1_genomic_cr",39,29,428,"S","At_Updated_RM_Final_File.fasta","Atri_AgSp1_genomic",7,"Hex","Only modified detected",18928000,12825250,"A_trifasciata_quantified_raw.txt"
3638,"Atri_AgSp1_genomic_cr","Atri_AgSp1_genomic","Atri_AgSp1_genomic_cr",39,29,428,"S","At_Updated_RM_Final_File.fasta","Atri_AgSp1_genomic",9,"Hex","Only modified detected",1388800,1388800,"A_trifasciata_quantified_raw.txt"
52,"Lcorn_51676_AgSp1.1Cfrag_serine_rm2_2","Lcorn_51676_AgSp1.1_Cfrag","Lcorn_51676_AgSp1.1Cfrag_serine_rm2_2",29,26,109,"T","Lc_Updated_RM_Final_File.fasta","Lcorn_51676_AgSp1.1_Cfrag",3,"Phos","0.9343699346309446",486230000,35194000,"L_cornutus_quantified_raw.txt"
52,"Lcorn_51676_AgSp1.1Cfrag_serine_rm2_2","Lcorn_51676_AgSp1.1_Cfrag","Lcorn_51676_AgSp1.1Cfrag_serine_rm2_2",29,26,109,"T","Lc_Updated_RM_Final_File.fasta","Lcorn_51676_AgSp1.1_Cfrag",5,"Phos","Only modified detected",486230000,35194000,"L_cornutus_quantified_raw.txt"
52,"Lcorn_51676_AgSp1.1Cfrag_serine_rm2_2","Lcorn_51676_AgSp1.1_Cfrag","Lcorn_51676_AgSp1.1Cfrag_serine_rm2_2",29,26,109,"T","Lc_Updated_RM_Final_File.fasta","Lcorn_51676_AgSp1.1_Cfrag",7,"Hex","0.9942488962404105",735390000,54141000,"L_cornutus_quantified_raw.txt"
52,"Lcorn_51676_AgSp1.1Cfrag_serine_rm2_2","Lcorn_51676_AgSp1.1_Cfrag","Lcorn_51676_AgSp1.1Cfrag_serine_rm2_2",29,26,109,"T","Lc_Updated_RM_Final_File.fasta","Lcorn_51676_AgSp1.1_Cfrag",9,"Hex","0.8231724212951176",486230000,35194000,"L_cornutus_quantified_raw.txt"
52,"Lcorn_51676_AgSp1.1Cfrag_serine_rm2_2","Lcorn_51676_AgSp1.1_Cfrag","Lcorn_51676_AgSp1.1Cfrag_serine_rm2_2",29,26,109,"T","Lc_Updated_RM_Final_File.fasta","Lcorn_51676_AgSp1.1_Cfrag",11,"Hex","Only modified detected",486230000,35194000,"L_cornutus_quantified_raw.txt"
53,"Lcorn_51676_AgSp1.1Cfrag_serine_rm2_2","Lcorn_51676_AgSp1.1_Cfrag","Lcorn_51676_AgSp1.1Cfrag_serine_rm2_2",29,27,109,"T","Lc_Updated_RM_Final_File.fasta","Lcorn_51676_AgSp1.1_Cfrag",7,"Hex","Cannot Determine",735390000,54141000,"L_cornutus_quantified_raw.txt"
53,"Lcorn_51676_AgSp1.1Cfrag_serine_rm2_2","Lcorn_51676_AgSp1.1_Cfrag","Lcorn_51676_AgSp1.1Cfrag_serine_rm2_2",29,27,109,"T","Lc_Updated_RM_Final_File.fasta","Lcorn_51676_AgSp1.1_Cfrag",9,"Hex","0.3689454114321684",486230000,35194000,"L_cornutus_quantified_raw.txt"
53,"Lcorn_51676_AgSp1.1Cfrag_serine_rm2_2","Lcorn_51676_AgSp1.1_Cfrag","Lcorn_51676_AgSp1.1Cfrag_serine_rm2_2",29,27,109,"T","Lc_Updated_RM_Final_File.fasta","Lcorn_51676_AgSp1.1_Cfrag",11,"Hex","0.8998857705180695",486230000,35194000,"L_cornutus_quantified_raw.txt"
56,"Lcorn_51676_AgSp1.1Cfrag_serine_rm2_2","Lcorn_51676_AgSp1.1_Cfrag","Lcorn_51676_AgSp1.1Cfrag_serine_rm2_2",29,30,109,"S","Lc_Updated_RM_Final_File.fasta","Lcorn_51676_AgSp1.1_Cfrag",1,"Phos","Cannot Determine",735390000,54141000,"L_cornutus_quantified_raw.txt"
56,"Lcorn_51676_AgSp1.1Cfrag_serine_rm2_2","Lcorn_51676_AgSp1.1_Cfrag","Lcorn_51676_AgSp1.1Cfrag_serine_rm2_2",29,30,109,"S","Lc_Updated_RM_Final_File.fasta","Lcorn_51676_AgSp1.1_Cfrag",3,"Phos","Only modified detected",486230000,35194000,"L_cornutus_quantified_raw.txt"
56,"Lcorn_51676_AgSp1.1Cfrag_serine_rm2_2","Lcorn_51676_AgSp1.1_Cfrag","Lcorn_51676_AgSp1.1Cfrag_serine_rm2_2",29,30,109,"S","Lc_Updated_RM_Final_File.fasta","Lcorn_51676_AgSp1.1_Cfrag",5,"Phos","Only modified detected",486230000,35194000,"L_cornutus_quantified_raw.txt"
56,"Lcorn_51676_AgSp1.1Cfrag_serine_rm2_2","Lcorn_51676_AgSp1.1_Cfrag","Lcorn_51676_AgSp1.1Cfrag_serine_rm2_2",29,30,109,"S","Lc_Updated_RM_Final_File.fasta","Lcorn_51676_AgSp1.1_Cfrag",7,"Hex","Cannot Determine",735390000,54141000,"L_cornutus_quantified_raw.txt"
56,"Lcorn_51676_AgSp1.1Cfrag_serine_rm2_2","Lcorn_51676_AgSp1.1_Cfrag","Lcorn_51676_AgSp1.1Cfrag_serine_rm2_2",29,30,109,"S","Lc_Updated_RM_Final_File.fasta","Lcorn_51676_AgSp1.1_Cfrag",9,"Hex","Only modified detected",486230000,35194000,"L_cornutus_quantified_raw.txt"
56,"Lcorn_51676_AgSp1.1Cfrag_serine_rm2_2","Lcorn_51676_AgSp1.1_Cfrag","Lcorn_51676_AgSp1.1Cfrag_serine_rm2_2",29,30,109,"S","Lc_Updated_RM_Final_File.fasta","Lcorn_51676_AgSp1.1_Cfrag",11,"Hex","Only modified detected",486230000,35194000,"L_cornutus_quantified_raw.txt"
74,"Lcorn_51676_AgSp1.1Cfrag_serine_rm2_2","Lcorn_51676_AgSp1.1_Cfrag","Lcorn_51676_AgSp1.1Cfrag_serine_rm2_2",29,48,109,"T","Lc_Updated_RM_Final_File.fasta","Lcorn_51676_AgSp1.1_Cfrag",9,"Hex","Only modified detected",8666600,8666600,"L_cornutus_quantified_raw.txt"
74,"Lcorn_51676_AgSp1.1Cfrag_serine_rm2_2","Lcorn_51676_AgSp1.1_Cfrag","Lcorn_51676_AgSp1.1Cfrag_serine_rm2_2",29,48,109,"T","Lc_Updated_RM_Final_File.fasta","Lcorn_51676_AgSp1.1_Cfrag",11,"Hex","Only modified detected",8666600,8666600,"L_cornutus_quantified_raw.txt"
75,"Lcorn_51676_AgSp1.1Cfrag_serine_rm2_2","Lcorn_51676_AgSp1.1_Cfrag","Lcorn_51676_AgSp1.1Cfrag_serine_rm2_2",29,49,109,"T","Lc_Updated_RM_Final_File.fasta","Lcorn_51676_AgSp1.1_Cfrag",9,"Hex","Only modified detected",8666600,8666600,"L_cornutus_quantified_raw.txt"
75,"Lcorn_51676_AgSp1.1Cfrag_serine_rm2_2","Lcorn_51676_AgSp1.1_Cfrag","Lcorn_51676_AgSp1.1Cfrag_serine_rm2_2",29,49,109,"T","Lc_Updated_RM_Final_File.fasta","Lcorn_51676_AgSp1.1_Cfrag",11,"Hex","Only modified detected",8666600,8666600,"L_cornutus_quantified_raw.txt"
80,"Lcorn_51676_AgSp1.1Cfrag_serine_rm2_2","Lcorn_51676_AgSp1.1_Cfrag","Lcorn_51676_AgSp1.1Cfrag_serine_rm2_2",29,54,109,"T","Lc_Updated_RM_Final_File.fasta","Lcorn_51676_AgSp1.1_Cfrag",7,"Hex","0.4604164546511183",858930000,15693500,"L_cornutus_quantified_raw.txt"
80,"Lcorn_51676_AgSp1.1Cfrag_serine_rm2_2","Lcorn_51676_AgSp1.1_Cfrag","Lcorn_51676_AgSp1.1Cfrag_serine_rm2_2",29,54,109,"T","Lc_Updated_RM_Final_File.fasta","Lcorn_51676_AgSp1.1_Cfrag",9,"Hex","Cannot Determine",553490000,16862500,"L_cornutus_quantified_raw.txt"
80,"Lcorn_51676_AgSp1.1Cfrag_serine_rm2_2","Lcorn_51676_AgSp1.1_Cfrag","Lcorn_51676_AgSp1.1Cfrag_serine_rm2_2",29,54,109,"T","Lc_Updated_RM_Final_File.fasta","Lcorn_51676_AgSp1.1_Cfrag",11,"Hex","Cannot Determine",553490000,12328000,"L_cornutus_quantified_raw.txt"
82,"Lcorn_51676_AgSp1.1Cfrag_serine_rm2_2","Lcorn_51676_AgSp1.1_Cfrag","Lcorn_51676_AgSp1.1Cfrag_serine_rm2_2",29,56,109,"S","Lc_Updated_RM_Final_File.fasta","Lcorn_51676_AgSp1.1_Cfrag",3,"Phos","Cannot Determine",553490000,16862500,"L_cornutus_quantified_raw.txt"
82,"Lcorn_51676_AgSp1.1Cfrag_serine_rm2_2","Lcorn_51676_AgSp1.1_Cfrag","Lcorn_51676_AgSp1.1Cfrag_serine_rm2_2",29,56,109,"S","Lc_Updated_RM_Final_File.fasta","Lcorn_51676_AgSp1.1_Cfrag",5,"Phos","Cannot Determine",553490000,12328000,"L_cornutus_quantified_raw.txt"
82,"Lcorn_51676_AgSp1.1Cfrag_serine_rm2_2","Lcorn_51676_AgSp1.1_Cfrag","Lcorn_51676_AgSp1.1Cfrag_serine_rm2_2",29,56,109,"S","Lc_Updated_RM_Final_File.fasta","Lcorn_51676_AgSp1.1_Cfrag",7,"Hex","0.1188650338806506",858930000,15693500,"L_cornutus_quantified_raw.txt"
82,"Lcorn_51676_AgSp1.1Cfrag_serine_rm2_2","Lcorn_51676_AgSp1.1_Cfrag","Lcorn_51676_AgSp1.1Cfrag_serine_rm2_2",29,56,109,"S","Lc_Updated_RM_Final_File.fasta","Lcorn_51676_AgSp1.1_Cfrag",9,"Hex","Cannot Determine",553490000,16862500,"L_cornutus_quantified_raw.txt"
82,"Lcorn_51676_AgSp1.1Cfrag_serine_rm2_2","Lcorn_51676_AgSp1.1_Cfrag","Lcorn_51676_AgSp1.1Cfrag_serine_rm2_2",29,56,109,"S","Lc_Updated_RM_Final_File.fasta","Lcorn_51676_AgSp1.1_Cfrag",11,"Hex","Cannot Determine",553490000,12328000,"L_cornutus_quantified_raw.txt"
85,"Lcorn_51676_AgSp1.1Cfrag_serine_rm2_2","Lcorn_51676_AgSp1.1_Cfrag","Lcorn_51676_AgSp1.1Cfrag_serine_rm2_2",29,59,109,"S","Lc_Updated_RM_Final_File.fasta","Lcorn_51676_AgSp1.1_Cfrag",1,"Phos","Cannot Determine",858930000,15693500,"L_cornutus_quantified_raw.txt"
85,"Lcorn_51676_AgSp1.1Cfrag_serine_rm2_2","Lcorn_51676_AgSp1.1_Cfrag","Lcorn_51676_AgSp1.1Cfrag_serine_rm2_2",29,59,109,"S","Lc_Updated_RM_Final_File.fasta","Lcorn_51676_AgSp1.1_Cfrag",3,"Phos","Cannot Determine",553490000,16862500,"L_cornutus_quantified_raw.txt"
85,"Lcorn_51676_AgSp1.1Cfrag_serine_rm2_2","Lcorn_51676_AgSp1.1_Cfrag","Lcorn_51676_AgSp1.1Cfrag_serine_rm2_2",29,59,109,"S","Lc_Updated_RM_Final_File.fasta","Lcorn_51676_AgSp1.1_Cfrag",5,"Phos","Cannot Determine",553490000,12328000,"L_cornutus_quantified_raw.txt"
85,"Lcorn_51676_AgSp1.1Cfrag_serine_rm2_2","Lcorn_51676_AgSp1.1_Cfrag","Lcorn_51676_AgSp1.1Cfrag_serine_rm2_2",29,59,109,"S","Lc_Updated_RM_Final_File.fasta","Lcorn_51676_AgSp1.1_Cfrag",7,"Hex","Cannot Determine",858930000,15693500,"L_cornutus_quantified_raw.txt"
85,"Lcorn_51676_AgSp1.1Cfrag_serine_rm2_2","Lcorn_51676_AgSp1.1_Cfrag","Lcorn_51676_AgSp1.1Cfrag_serine_rm2_2",29,59,109,"S","Lc_Updated_RM_Final_File.fasta","Lcorn_51676_AgSp1.1_Cfrag",9,"Hex","Cannot Determine",553490000,16862500,"L_cornutus_quantified_raw.txt"
85,"Lcorn_51676_AgSp1.1Cfrag_serine_rm2_2","Lcorn_51676_AgSp1.1_Cfrag","Lcorn_51676_AgSp1.1Cfrag_serine_rm2_2",29,59,109,"S","Lc_Updated_RM_Final_File.fasta","Lcorn_51676_AgSp1.1_Cfrag",11,"Hex","Cannot Determine",553490000,12328000,"L_cornutus_quantified_raw.txt"
88,"Lcorn_51676_AgSp1.1Cfrag_serine_rm2_2","Lcorn_51676_AgSp1.1_Cfrag","Lcorn_51676_AgSp1.1Cfrag_serine_rm2_2",29,62,109,"S","Lc_Updated_RM_Final_File.fasta","Lcorn_51676_AgSp1.1_Cfrag",1,"Phos","Cannot Determine",858930000,15693500,"L_cornutus_quantified_raw.txt"
88,"Lcorn_51676_AgSp1.1Cfrag_serine_rm2_2","Lcorn_51676_AgSp1.1_Cfrag","Lcorn_51676_AgSp1.1Cfrag_serine_rm2_2",29,62,109,"S","Lc_Updated_RM_Final_File.fasta","Lcorn_51676_AgSp1.1_Cfrag",3,"Phos","0.9854284892721896",553490000,16862500,"L_cornutus_quantified_raw.txt"
88,"Lcorn_51676_AgSp1.1Cfrag_serine_rm2_2","Lcorn_51676_AgSp1.1_Cfrag","Lcorn_51676_AgSp1.1Cfrag_serine_rm2_2",29,62,109,"S","Lc_Updated_RM_Final_File.fasta","Lcorn_51676_AgSp1.1_Cfrag",5,"Phos","Cannot Determine",553490000,12328000,"L_cornutus_quantified_raw.txt"
88,"Lcorn_51676_AgSp1.1Cfrag_serine_rm2_2","Lcorn_51676_AgSp1.1_Cfrag","Lcorn_51676_AgSp1.1Cfrag_serine_rm2_2",29,62,109,"S","Lc_Updated_RM_Final_File.fasta","Lcorn_51676_AgSp1.1_Cfrag",7,"Hex","Cannot Determine",858930000,15693500,"L_cornutus_quantified_raw.txt"
88,"Lcorn_51676_AgSp1.1Cfrag_serine_rm2_2","Lcorn_51676_AgSp1.1_Cfrag","Lcorn_51676_AgSp1.1Cfrag_serine_rm2_2",29,62,109,"S","Lc_Updated_RM_Final_File.fasta","Lcorn_51676_AgSp1.1_Cfrag",9,"Hex","Cannot Determine",553490000,16862500,"L_cornutus_quantified_raw.txt"
88,"Lcorn_51676_AgSp1.1Cfrag_serine_rm2_2","Lcorn_51676_AgSp1.1_Cfrag","Lcorn_51676_AgSp1.1Cfrag_serine_rm2_2",29,62,109,"S","Lc_Updated_RM_Final_File.fasta","Lcorn_51676_AgSp1.1_Cfrag",11,"Hex","Cannot Determine",553490000,12328000,"L_cornutus_quantified_raw.txt"
93,"Lcorn_51676_AgSp1.1Cfrag_serine_rm2_2","Lcorn_51676_AgSp1.1_Cfrag","Lcorn_51676_AgSp1.1Cfrag_serine_rm2_2",29,67,109,"T","Lc_Updated_RM_Final_File.fasta","Lcorn_51676_AgSp1.1_Cfrag",7,"Hex","Only modified detected",858930000,15693500,"L_cornutus_quantified_raw.txt"
93,"Lcorn_51676_AgSp1.1Cfrag_serine_rm2_2","Lcorn_51676_AgSp1.1_Cfrag","Lcorn_51676_AgSp1.1Cfrag_serine_rm2_2",29,67,109,"T","Lc_Updated_RM_Final_File.fasta","Lcorn_51676_AgSp1.1_Cfrag",9,"Hex","Only modified detected",553490000,16862500,"L_cornutus_quantified_raw.txt"
93,"Lcorn_51676_AgSp1.1Cfrag_serine_rm2_2","Lcorn_51676_AgSp1.1_Cfrag","Lcorn_51676_AgSp1.1Cfrag_serine_rm2_2",29,67,109,"T","Lc_Updated_RM_Final_File.fasta","Lcorn_51676_AgSp1.1_Cfrag",11,"Hex","Only modified detected",553490000,12328000,"L_cornutus_quantified_raw.txt"
94,"Lcorn_51676_AgSp1.1Cfrag_serine_rm2_2","Lcorn_51676_AgSp1.1_Cfrag","Lcorn_51676_AgSp1.1Cfrag_serine_rm2_2",29,68,109,"T","Lc_Updated_RM_Final_File.fasta","Lcorn_51676_AgSp1.1_Cfrag",7,"Hex","Cannot Determine",858930000,15693500,"L_cornutus_quantified_raw.txt"
94,"Lcorn_51676_AgSp1.1Cfrag_serine_rm2_2","Lcorn_51676_AgSp1.1_Cfrag","Lcorn_51676_AgSp1.1Cfrag_serine_rm2_2",29,68,109,"T","Lc_Updated_RM_Final_File.fasta","Lcorn_51676_AgSp1.1_Cfrag",9,"Hex","Only modified detected",553490000,16862500,"L_cornutus_quantified_raw.txt"
94,"Lcorn_51676_AgSp1.1Cfrag_serine_rm2_2","Lcorn_51676_AgSp1.1_Cfrag","Lcorn_51676_AgSp1.1Cfrag_serine_rm2_2",29,68,109,"T","Lc_Updated_RM_Final_File.fasta","Lcorn_51676_AgSp1.1_Cfrag",11,"Hex","Only modified detected",553490000,12328000,"L_cornutus_quantified_raw.txt"
98,"Lcorn_51676_AgSp1.1Cfrag_serine_rm2_2","Lcorn_51676_AgSp1.1_Cfrag","Lcorn_51676_AgSp1.1Cfrag_serine_rm2_2",29,72,109,"S","Lc_Updated_RM_Final_File.fasta","Lcorn_51676_AgSp1.1_Cfrag",7,"Hex","Cannot Determine",455190000,126960000,"L_cornutus_quantified_raw.txt"
98,"Lcorn_51676_AgSp1.1Cfrag_serine_rm2_2","Lcorn_51676_AgSp1.1_Cfrag","Lcorn_51676_AgSp1.1Cfrag_serine_rm2_2",29,72,109,"S","Lc_Updated_RM_Final_File.fasta","Lcorn_51676_AgSp1.1_Cfrag",9,"Hex","0.3938837768545049",4.61e+08,108196000,"L_cornutus_quantified_raw.txt"
98,"Lcorn_51676_AgSp1.1Cfrag_serine_rm2_2","Lcorn_51676_AgSp1.1_Cfrag","Lcorn_51676_AgSp1.1Cfrag_serine_rm2_2",29,72,109,"S","Lc_Updated_RM_Final_File.fasta","Lcorn_51676_AgSp1.1_Cfrag",11,"Hex","Cannot Determine",4.61e+08,108196000,"L_cornutus_quantified_raw.txt"
106,"Lcorn_51676_AgSp1.1Cfrag_serine_rm2_2","Lcorn_51676_AgSp1.1_Cfrag","Lcorn_51676_AgSp1.1Cfrag_serine_rm2_2",29,80,109,"T","Lc_Updated_RM_Final_File.fasta","Lcorn_51676_AgSp1.1_Cfrag",7,"Hex","Cannot Determine",455190000,126960000,"L_cornutus_quantified_raw.txt"
106,"Lcorn_51676_AgSp1.1Cfrag_serine_rm2_2","Lcorn_51676_AgSp1.1_Cfrag","Lcorn_51676_AgSp1.1Cfrag_serine_rm2_2",29,80,109,"T","Lc_Updated_RM_Final_File.fasta","Lcorn_51676_AgSp1.1_Cfrag",9,"Hex","0.6061162231454951",4.61e+08,108196000,"L_cornutus_quantified_raw.txt"
106,"Lcorn_51676_AgSp1.1Cfrag_serine_rm2_2","Lcorn_51676_AgSp1.1_Cfrag","Lcorn_51676_AgSp1.1Cfrag_serine_rm2_2",29,80,109,"T","Lc_Updated_RM_Final_File.fasta","Lcorn_51676_AgSp1.1_Cfrag",11,"Hex","Cannot Determine",4.61e+08,108196000,"L_cornutus_quantified_raw.txt"
111,"Lcorn_51676_AgSp1.1Cfrag_serine_rm2_2","Lcorn_51676_AgSp1.1_Cfrag","Lcorn_51676_AgSp1.1Cfrag_serine_rm2_2",29,85,109,"T","Lc_Updated_RM_Final_File.fasta","Lcorn_51676_AgSp1.1_Cfrag",7,"Hex","Cannot Determine",455190000,126960000,"L_cornutus_quantified_raw.txt"
111,"Lcorn_51676_AgSp1.1Cfrag_serine_rm2_2","Lcorn_51676_AgSp1.1_Cfrag","Lcorn_51676_AgSp1.1Cfrag_serine_rm2_2",29,85,109,"T","Lc_Updated_RM_Final_File.fasta","Lcorn_51676_AgSp1.1_Cfrag",9,"Hex","0.14646658225695408",4.61e+08,108196000,"L_cornutus_quantified_raw.txt"
111,"Lcorn_51676_AgSp1.1Cfrag_serine_rm2_2","Lcorn_51676_AgSp1.1_Cfrag","Lcorn_51676_AgSp1.1Cfrag_serine_rm2_2",29,85,109,"T","Lc_Updated_RM_Final_File.fasta","Lcorn_51676_AgSp1.1_Cfrag",11,"Hex","0.6310432428402504",4.61e+08,108196000,"L_cornutus_quantified_raw.txt"
286,"Lcorn_51676_AgSp1.1Cfrag_serine_rm2_18","Lcorn_51676_AgSp1.1_Cfrag","Lcorn_51676_AgSp1.1Cfrag_serine_rm2_18",34,72,109,"S","Lc_Updated_RM_Final_File.fasta","Lcorn_51676_AgSp1.1_Cfrag",9,"Hex","Cannot Determine",98483000,93180500,"L_cornutus_quantified_raw.txt"
286,"Lcorn_51676_AgSp1.1Cfrag_serine_rm2_18","Lcorn_51676_AgSp1.1_Cfrag","Lcorn_51676_AgSp1.1Cfrag_serine_rm2_18",34,72,109,"S","Lc_Updated_RM_Final_File.fasta","Lcorn_51676_AgSp1.1_Cfrag",11,"Hex","Cannot Determine",98483000,93180500,"L_cornutus_quantified_raw.txt"
292,"Lcorn_51676_AgSp1.1Cfrag_serine_rm2_18","Lcorn_51676_AgSp1.1_Cfrag","Lcorn_51676_AgSp1.1Cfrag_serine_rm2_18",34,78,109,"T","Lc_Updated_RM_Final_File.fasta","Lcorn_51676_AgSp1.1_Cfrag",7,"Hex","Only modified detected",74319000,66592000,"L_cornutus_quantified_raw.txt"
292,"Lcorn_51676_AgSp1.1Cfrag_serine_rm2_18","Lcorn_51676_AgSp1.1_Cfrag","Lcorn_51676_AgSp1.1Cfrag_serine_rm2_18",34,78,109,"T","Lc_Updated_RM_Final_File.fasta","Lcorn_51676_AgSp1.1_Cfrag",9,"Hex","Cannot Determine",98483000,93180500,"L_cornutus_quantified_raw.txt"
292,"Lcorn_51676_AgSp1.1Cfrag_serine_rm2_18","Lcorn_51676_AgSp1.1_Cfrag","Lcorn_51676_AgSp1.1Cfrag_serine_rm2_18",34,78,109,"T","Lc_Updated_RM_Final_File.fasta","Lcorn_51676_AgSp1.1_Cfrag",11,"Hex","Cannot Determine",98483000,93180500,"L_cornutus_quantified_raw.txt"
293,"Lcorn_51676_AgSp1.1Cfrag_serine_rm2_18","Lcorn_51676_AgSp1.1_Cfrag","Lcorn_51676_AgSp1.1Cfrag_serine_rm2_18",34,79,109,"T","Lc_Updated_RM_Final_File.fasta","Lcorn_51676_AgSp1.1_Cfrag",7,"Hex","Cannot Determine",74319000,66592000,"L_cornutus_quantified_raw.txt"
293,"Lcorn_51676_AgSp1.1Cfrag_serine_rm2_18","Lcorn_51676_AgSp1.1_Cfrag","Lcorn_51676_AgSp1.1Cfrag_serine_rm2_18",34,79,109,"T","Lc_Updated_RM_Final_File.fasta","Lcorn_51676_AgSp1.1_Cfrag",9,"Hex","Only modified detected",98483000,93180500,"L_cornutus_quantified_raw.txt"
293,"Lcorn_51676_AgSp1.1Cfrag_serine_rm2_18","Lcorn_51676_AgSp1.1_Cfrag","Lcorn_51676_AgSp1.1Cfrag_serine_rm2_18",34,79,109,"T","Lc_Updated_RM_Final_File.fasta","Lcorn_51676_AgSp1.1_Cfrag",11,"Hex","Only modified detected",98483000,93180500,"L_cornutus_quantified_raw.txt"
395,"Lcorn_51676_AgSp1.1Cfrag_serine_rm2_23","Lcorn_51676_AgSp1.1_Cfrag","Lcorn_51676_AgSp1.1Cfrag_serine_rm2_23",37,27,109,"T","Lc_Updated_RM_Final_File.fasta","Lcorn_51676_AgSp1.1_Cfrag",7,"Hex","Only modified detected",80581000,19747000,"L_cornutus_quantified_raw.txt"
395,"Lcorn_51676_AgSp1.1Cfrag_serine_rm2_23","Lcorn_51676_AgSp1.1_Cfrag","Lcorn_51676_AgSp1.1Cfrag_serine_rm2_23",37,27,109,"T","Lc_Updated_RM_Final_File.fasta","Lcorn_51676_AgSp1.1_Cfrag",9,"Hex","Only modified detected",53754000,33965500,"L_cornutus_quantified_raw.txt"
395,"Lcorn_51676_AgSp1.1Cfrag_serine_rm2_23","Lcorn_51676_AgSp1.1_Cfrag","Lcorn_51676_AgSp1.1Cfrag_serine_rm2_23",37,27,109,"T","Lc_Updated_RM_Final_File.fasta","Lcorn_51676_AgSp1.1_Cfrag",11,"Hex","Only modified detected",53754000,17540000,"L_cornutus_quantified_raw.txt"
398,"Lcorn_51676_AgSp1.1Cfrag_serine_rm2_23","Lcorn_51676_AgSp1.1_Cfrag","Lcorn_51676_AgSp1.1Cfrag_serine_rm2_23",37,30,109,"S","Lc_Updated_RM_Final_File.fasta","Lcorn_51676_AgSp1.1_Cfrag",1,"Phos","0.7078188228726412",80581000,19747000,"L_cornutus_quantified_raw.txt"
398,"Lcorn_51676_AgSp1.1Cfrag_serine_rm2_23","Lcorn_51676_AgSp1.1_Cfrag","Lcorn_51676_AgSp1.1Cfrag_serine_rm2_23",37,30,109,"S","Lc_Updated_RM_Final_File.fasta","Lcorn_51676_AgSp1.1_Cfrag",3,"Phos","0.7453523430323927",53754000,33965500,"L_cornutus_quantified_raw.txt"
398,"Lcorn_51676_AgSp1.1Cfrag_serine_rm2_23","Lcorn_51676_AgSp1.1_Cfrag","Lcorn_51676_AgSp1.1Cfrag_serine_rm2_23",37,30,109,"S","Lc_Updated_RM_Final_File.fasta","Lcorn_51676_AgSp1.1_Cfrag",5,"Phos","0.7713391477729843",53754000,17540000,"L_cornutus_quantified_raw.txt"
424,"Lcorn_51676_AgSp1.1Cfrag_serine_rm2_23","Lcorn_51676_AgSp1.1_Cfrag","Lcorn_51676_AgSp1.1Cfrag_serine_rm2_23",37,56,109,"S","Lc_Updated_RM_Final_File.fasta","Lcorn_51676_AgSp1.1_Cfrag",1,"Phos","0.2879605113747782",116500000,9438000,"L_cornutus_quantified_raw.txt"
424,"Lcorn_51676_AgSp1.1Cfrag_serine_rm2_23","Lcorn_51676_AgSp1.1_Cfrag","Lcorn_51676_AgSp1.1Cfrag_serine_rm2_23",37,56,109,"S","Lc_Updated_RM_Final_File.fasta","Lcorn_51676_AgSp1.1_Cfrag",3,"Phos","Cannot Determine",55441000,17438000,"L_cornutus_quantified_raw.txt"
424,"Lcorn_51676_AgSp1.1Cfrag_serine_rm2_23","Lcorn_51676_AgSp1.1_Cfrag","Lcorn_51676_AgSp1.1Cfrag_serine_rm2_23",37,56,109,"S","Lc_Updated_RM_Final_File.fasta","Lcorn_51676_AgSp1.1_Cfrag",5,"Phos","Cannot Determine",55441000,17438000,"L_cornutus_quantified_raw.txt"
424,"Lcorn_51676_AgSp1.1Cfrag_serine_rm2_23","Lcorn_51676_AgSp1.1_Cfrag","Lcorn_51676_AgSp1.1Cfrag_serine_rm2_23",37,56,109,"S","Lc_Updated_RM_Final_File.fasta","Lcorn_51676_AgSp1.1_Cfrag",7,"Hex","0.9648662245435456",116500000,9438000,"L_cornutus_quantified_raw.txt"
427,"Lcorn_51676_AgSp1.1Cfrag_serine_rm2_23","Lcorn_51676_AgSp1.1_Cfrag","Lcorn_51676_AgSp1.1Cfrag_serine_rm2_23",37,59,109,"S","Lc_Updated_RM_Final_File.fasta","Lcorn_51676_AgSp1.1_Cfrag",1,"Phos","Cannot Determine",116500000,9438000,"L_cornutus_quantified_raw.txt"
427,"Lcorn_51676_AgSp1.1Cfrag_serine_rm2_23","Lcorn_51676_AgSp1.1_Cfrag","Lcorn_51676_AgSp1.1Cfrag_serine_rm2_23",37,59,109,"S","Lc_Updated_RM_Final_File.fasta","Lcorn_51676_AgSp1.1_Cfrag",3,"Phos","0.6581993377947435",55441000,17438000,"L_cornutus_quantified_raw.txt"
427,"Lcorn_51676_AgSp1.1Cfrag_serine_rm2_23","Lcorn_51676_AgSp1.1_Cfrag","Lcorn_51676_AgSp1.1Cfrag_serine_rm2_23",37,59,109,"S","Lc_Updated_RM_Final_File.fasta","Lcorn_51676_AgSp1.1_Cfrag",5,"Phos","0.6700376873449227",55441000,17438000,"L_cornutus_quantified_raw.txt"
427,"Lcorn_51676_AgSp1.1Cfrag_serine_rm2_23","Lcorn_51676_AgSp1.1_Cfrag","Lcorn_51676_AgSp1.1Cfrag_serine_rm2_23",37,59,109,"S","Lc_Updated_RM_Final_File.fasta","Lcorn_51676_AgSp1.1_Cfrag",7,"Hex","0.18035133359763483",116500000,9438000,"L_cornutus_quantified_raw.txt"
427,"Lcorn_51676_AgSp1.1Cfrag_serine_rm2_23","Lcorn_51676_AgSp1.1_Cfrag","Lcorn_51676_AgSp1.1Cfrag_serine_rm2_23",37,59,109,"S","Lc_Updated_RM_Final_File.fasta","Lcorn_51676_AgSp1.1_Cfrag",9,"Hex","0.9305748576606369",55441000,17438000,"L_cornutus_quantified_raw.txt"
427,"Lcorn_51676_AgSp1.1Cfrag_serine_rm2_23","Lcorn_51676_AgSp1.1_Cfrag","Lcorn_51676_AgSp1.1Cfrag_serine_rm2_23",37,59,109,"S","Lc_Updated_RM_Final_File.fasta","Lcorn_51676_AgSp1.1_Cfrag",11,"Hex","0.9455349044094193",55441000,17438000,"L_cornutus_quantified_raw.txt"
430,"Lcorn_51676_AgSp1.1Cfrag_serine_rm2_23","Lcorn_51676_AgSp1.1_Cfrag","Lcorn_51676_AgSp1.1Cfrag_serine_rm2_23",37,62,109,"S","Lc_Updated_RM_Final_File.fasta","Lcorn_51676_AgSp1.1_Cfrag",1,"Phos","Cannot Determine",116500000,9438000,"L_cornutus_quantified_raw.txt"
430,"Lcorn_51676_AgSp1.1Cfrag_serine_rm2_23","Lcorn_51676_AgSp1.1_Cfrag","Lcorn_51676_AgSp1.1Cfrag_serine_rm2_23",37,62,109,"S","Lc_Updated_RM_Final_File.fasta","Lcorn_51676_AgSp1.1_Cfrag",3,"Phos","0.5411687452554553",55441000,17438000,"L_cornutus_quantified_raw.txt"
430,"Lcorn_51676_AgSp1.1Cfrag_serine_rm2_23","Lcorn_51676_AgSp1.1_Cfrag","Lcorn_51676_AgSp1.1Cfrag_serine_rm2_23",37,62,109,"S","Lc_Updated_RM_Final_File.fasta","Lcorn_51676_AgSp1.1_Cfrag",5,"Phos","0.607917848407062",55441000,17438000,"L_cornutus_quantified_raw.txt"
435,"Lcorn_51676_AgSp1.1Cfrag_serine_rm2_23","Lcorn_51676_AgSp1.1_Cfrag","Lcorn_51676_AgSp1.1Cfrag_serine_rm2_23",37,67,109,"T","Lc_Updated_RM_Final_File.fasta","Lcorn_51676_AgSp1.1_Cfrag",7,"Hex","0.03639854758294787",116500000,9438000,"L_cornutus_quantified_raw.txt"
435,"Lcorn_51676_AgSp1.1Cfrag_serine_rm2_23","Lcorn_51676_AgSp1.1_Cfrag","Lcorn_51676_AgSp1.1Cfrag_serine_rm2_23",37,67,109,"T","Lc_Updated_RM_Final_File.fasta","Lcorn_51676_AgSp1.1_Cfrag",9,"Hex","0.2550212605756392",55441000,17438000,"L_cornutus_quantified_raw.txt"
435,"Lcorn_51676_AgSp1.1Cfrag_serine_rm2_23","Lcorn_51676_AgSp1.1_Cfrag","Lcorn_51676_AgSp1.1Cfrag_serine_rm2_23",37,67,109,"T","Lc_Updated_RM_Final_File.fasta","Lcorn_51676_AgSp1.1_Cfrag",11,"Hex","0.1621016055056426",55441000,17438000,"L_cornutus_quantified_raw.txt"
436,"Lcorn_51676_AgSp1.1Cfrag_serine_rm2_23","Lcorn_51676_AgSp1.1_Cfrag","Lcorn_51676_AgSp1.1Cfrag_serine_rm2_23",37,68,109,"T","Lc_Updated_RM_Final_File.fasta","Lcorn_51676_AgSp1.1_Cfrag",7,"Hex","Cannot Determine",116500000,9438000,"L_cornutus_quantified_raw.txt"
436,"Lcorn_51676_AgSp1.1Cfrag_serine_rm2_23","Lcorn_51676_AgSp1.1_Cfrag","Lcorn_51676_AgSp1.1Cfrag_serine_rm2_23",37,68,109,"T","Lc_Updated_RM_Final_File.fasta","Lcorn_51676_AgSp1.1_Cfrag",9,"Hex","Cannot Determine",55441000,17438000,"L_cornutus_quantified_raw.txt"
436,"Lcorn_51676_AgSp1.1Cfrag_serine_rm2_23","Lcorn_51676_AgSp1.1_Cfrag","Lcorn_51676_AgSp1.1Cfrag_serine_rm2_23",37,68,109,"T","Lc_Updated_RM_Final_File.fasta","Lcorn_51676_AgSp1.1_Cfrag",11,"Hex","0.01350135857216564",55441000,17438000,"L_cornutus_quantified_raw.txt"
493,"Lcorn_51676_AgSp1.1Cfrag_serine_rm2_24","Lcorn_51676_AgSp1.1_Cfrag","Lcorn_51676_AgSp1.1Cfrag_serine_rm2_24",38,27,109,"T","Lc_Updated_RM_Final_File.fasta","Lcorn_51676_AgSp1.1_Cfrag",1,"Phos","Only modified detected",120400000,53951500,"L_cornutus_quantified_raw.txt"
493,"Lcorn_51676_AgSp1.1Cfrag_serine_rm2_24","Lcorn_51676_AgSp1.1_Cfrag","Lcorn_51676_AgSp1.1Cfrag_serine_rm2_24",38,27,109,"T","Lc_Updated_RM_Final_File.fasta","Lcorn_51676_AgSp1.1_Cfrag",3,"Phos","Only modified detected",142070000,61774000,"L_cornutus_quantified_raw.txt"
493,"Lcorn_51676_AgSp1.1Cfrag_serine_rm2_24","Lcorn_51676_AgSp1.1_Cfrag","Lcorn_51676_AgSp1.1Cfrag_serine_rm2_24",38,27,109,"T","Lc_Updated_RM_Final_File.fasta","Lcorn_51676_AgSp1.1_Cfrag",5,"Phos","Only modified detected",142070000,61774000,"L_cornutus_quantified_raw.txt"
493,"Lcorn_51676_AgSp1.1Cfrag_serine_rm2_24","Lcorn_51676_AgSp1.1_Cfrag","Lcorn_51676_AgSp1.1Cfrag_serine_rm2_24",38,27,109,"T","Lc_Updated_RM_Final_File.fasta","Lcorn_51676_AgSp1.1_Cfrag",7,"Hex","Only modified detected",120400000,53951500,"L_cornutus_quantified_raw.txt"
493,"Lcorn_51676_AgSp1.1Cfrag_serine_rm2_24","Lcorn_51676_AgSp1.1_Cfrag","Lcorn_51676_AgSp1.1Cfrag_serine_rm2_24",38,27,109,"T","Lc_Updated_RM_Final_File.fasta","Lcorn_51676_AgSp1.1_Cfrag",9,"Hex","Only modified detected",142070000,61774000,"L_cornutus_quantified_raw.txt"
493,"Lcorn_51676_AgSp1.1Cfrag_serine_rm2_24","Lcorn_51676_AgSp1.1_Cfrag","Lcorn_51676_AgSp1.1Cfrag_serine_rm2_24",38,27,109,"T","Lc_Updated_RM_Final_File.fasta","Lcorn_51676_AgSp1.1_Cfrag",11,"Hex","Only modified detected",142070000,61774000,"L_cornutus_quantified_raw.txt"
496,"Lcorn_51676_AgSp1.1Cfrag_serine_rm2_24","Lcorn_51676_AgSp1.1_Cfrag","Lcorn_51676_AgSp1.1Cfrag_serine_rm2_24",38,30,109,"S","Lc_Updated_RM_Final_File.fasta","Lcorn_51676_AgSp1.1_Cfrag",1,"Phos","0.2521526938238592",120400000,53951500,"L_cornutus_quantified_raw.txt"
496,"Lcorn_51676_AgSp1.1Cfrag_serine_rm2_24","Lcorn_51676_AgSp1.1_Cfrag","Lcorn_51676_AgSp1.1Cfrag_serine_rm2_24",38,30,109,"S","Lc_Updated_RM_Final_File.fasta","Lcorn_51676_AgSp1.1_Cfrag",3,"Phos","0.6586805969917171",142070000,61774000,"L_cornutus_quantified_raw.txt"
496,"Lcorn_51676_AgSp1.1Cfrag_serine_rm2_24","Lcorn_51676_AgSp1.1_Cfrag","Lcorn_51676_AgSp1.1Cfrag_serine_rm2_24",38,30,109,"S","Lc_Updated_RM_Final_File.fasta","Lcorn_51676_AgSp1.1_Cfrag",5,"Phos","0.6173258918493767",142070000,61774000,"L_cornutus_quantified_raw.txt"
496,"Lcorn_51676_AgSp1.1Cfrag_serine_rm2_24","Lcorn_51676_AgSp1.1_Cfrag","Lcorn_51676_AgSp1.1Cfrag_serine_rm2_24",38,30,109,"S","Lc_Updated_RM_Final_File.fasta","Lcorn_51676_AgSp1.1_Cfrag",7,"Hex","Cannot Determine",120400000,53951500,"L_cornutus_quantified_raw.txt"
496,"Lcorn_51676_AgSp1.1Cfrag_serine_rm2_24","Lcorn_51676_AgSp1.1_Cfrag","Lcorn_51676_AgSp1.1Cfrag_serine_rm2_24",38,30,109,"S","Lc_Updated_RM_Final_File.fasta","Lcorn_51676_AgSp1.1_Cfrag",9,"Hex","0.23932111056346247",142070000,61774000,"L_cornutus_quantified_raw.txt"
496,"Lcorn_51676_AgSp1.1Cfrag_serine_rm2_24","Lcorn_51676_AgSp1.1_Cfrag","Lcorn_51676_AgSp1.1Cfrag_serine_rm2_24",38,30,109,"S","Lc_Updated_RM_Final_File.fasta","Lcorn_51676_AgSp1.1_Cfrag",11,"Hex","Cannot Determine",142070000,61774000,"L_cornutus_quantified_raw.txt"
566,"Lcorn_51676_AgSp1.1Cfrag_serine_rm2_25","Lcorn_51676_AgSp1.1_Cfrag","Lcorn_51676_AgSp1.1Cfrag_serine_rm2_25",39,3,109,"T","Lc_Updated_RM_Final_File.fasta","Lcorn_51676_AgSp1.1_Cfrag",7,"Hex","Only modified detected",9052900,9052900,"L_cornutus_quantified_raw.txt"
567,"Lcorn_51676_AgSp1.1Cfrag_serine_rm2_25","Lcorn_51676_AgSp1.1_Cfrag","Lcorn_51676_AgSp1.1Cfrag_serine_rm2_25",39,4,109,"T","Lc_Updated_RM_Final_File.fasta","Lcorn_51676_AgSp1.1_Cfrag",7,"Hex","Only modified detected",9052900,9052900,"L_cornutus_quantified_raw.txt"
572,"Lcorn_51676_AgSp1.1Cfrag_serine_rm2_25","Lcorn_51676_AgSp1.1_Cfrag","Lcorn_51676_AgSp1.1Cfrag_serine_rm2_25",39,9,109,"T","Lc_Updated_RM_Final_File.fasta","Lcorn_51676_AgSp1.1_Cfrag",7,"Hex","Only modified detected",9052900,9052900,"L_cornutus_quantified_raw.txt"
589,"Lcorn_51676_AgSp1.1Cfrag_serine_rm2_25","Lcorn_51676_AgSp1.1_Cfrag","Lcorn_51676_AgSp1.1Cfrag_serine_rm2_25",39,26,109,"S","Lc_Updated_RM_Final_File.fasta","Lcorn_51676_AgSp1.1_Cfrag",7,"Hex","0.2526605016694441",15508000,13888000,"L_cornutus_quantified_raw.txt"
590,"Lcorn_51676_AgSp1.1Cfrag_serine_rm2_25","Lcorn_51676_AgSp1.1_Cfrag","Lcorn_51676_AgSp1.1Cfrag_serine_rm2_25",39,27,109,"T","Lc_Updated_RM_Final_File.fasta","Lcorn_51676_AgSp1.1_Cfrag",7,"Hex","0.7473394983305559",15508000,13888000,"L_cornutus_quantified_raw.txt"
590,"Lcorn_51676_AgSp1.1Cfrag_serine_rm2_25","Lcorn_51676_AgSp1.1_Cfrag","Lcorn_51676_AgSp1.1Cfrag_serine_rm2_25",39,27,109,"T","Lc_Updated_RM_Final_File.fasta","Lcorn_51676_AgSp1.1_Cfrag",9,"Hex","Only modified detected",7567200,7567200,"L_cornutus_quantified_raw.txt"
590,"Lcorn_51676_AgSp1.1Cfrag_serine_rm2_25","Lcorn_51676_AgSp1.1_Cfrag","Lcorn_51676_AgSp1.1Cfrag_serine_rm2_25",39,27,109,"T","Lc_Updated_RM_Final_File.fasta","Lcorn_51676_AgSp1.1_Cfrag",11,"Hex","Only modified detected",7567200,7567200,"L_cornutus_quantified_raw.txt"
593,"Lcorn_51676_AgSp1.1Cfrag_serine_rm2_25","Lcorn_51676_AgSp1.1_Cfrag","Lcorn_51676_AgSp1.1Cfrag_serine_rm2_25",39,30,109,"S","Lc_Updated_RM_Final_File.fasta","Lcorn_51676_AgSp1.1_Cfrag",7,"Hex","Only modified detected",15508000,13888000,"L_cornutus_quantified_raw.txt"
593,"Lcorn_51676_AgSp1.1Cfrag_serine_rm2_25","Lcorn_51676_AgSp1.1_Cfrag","Lcorn_51676_AgSp1.1Cfrag_serine_rm2_25",39,30,109,"S","Lc_Updated_RM_Final_File.fasta","Lcorn_51676_AgSp1.1_Cfrag",9,"Hex","Only modified detected",7567200,7567200,"L_cornutus_quantified_raw.txt"
593,"Lcorn_51676_AgSp1.1Cfrag_serine_rm2_25","Lcorn_51676_AgSp1.1_Cfrag","Lcorn_51676_AgSp1.1Cfrag_serine_rm2_25",39,30,109,"S","Lc_Updated_RM_Final_File.fasta","Lcorn_51676_AgSp1.1_Cfrag",11,"Hex","Only modified detected",7567200,7567200,"L_cornutus_quantified_raw.txt"
619,"Lcorn_51676_AgSp1.1Cfrag_serine_rm2_25","Lcorn_51676_AgSp1.1_Cfrag","Lcorn_51676_AgSp1.1Cfrag_serine_rm2_25",39,56,109,"S","Lc_Updated_RM_Final_File.fasta","Lcorn_51676_AgSp1.1_Cfrag",1,"Phos","0.8664312788101802",119890000,9789400,"L_cornutus_quantified_raw.txt"
619,"Lcorn_51676_AgSp1.1Cfrag_serine_rm2_25","Lcorn_51676_AgSp1.1_Cfrag","Lcorn_51676_AgSp1.1Cfrag_serine_rm2_25",39,56,109,"S","Lc_Updated_RM_Final_File.fasta","Lcorn_51676_AgSp1.1_Cfrag",3,"Phos","Cannot Determine",122520000,14062000,"L_cornutus_quantified_raw.txt"
619,"Lcorn_51676_AgSp1.1Cfrag_serine_rm2_25","Lcorn_51676_AgSp1.1_Cfrag","Lcorn_51676_AgSp1.1Cfrag_serine_rm2_25",39,56,109,"S","Lc_Updated_RM_Final_File.fasta","Lcorn_51676_AgSp1.1_Cfrag",5,"Phos","Cannot Determine",58584000,12535000,"L_cornutus_quantified_raw.txt"
624,"Lcorn_51676_AgSp1.1Cfrag_serine_rm2_25","Lcorn_51676_AgSp1.1_Cfrag","Lcorn_51676_AgSp1.1Cfrag_serine_rm2_25",39,61,109,"S","Lc_Updated_RM_Final_File.fasta","Lcorn_51676_AgSp1.1_Cfrag",1,"Phos","0.7975925364147771",119890000,9789400,"L_cornutus_quantified_raw.txt"
624,"Lcorn_51676_AgSp1.1Cfrag_serine_rm2_25","Lcorn_51676_AgSp1.1_Cfrag","Lcorn_51676_AgSp1.1Cfrag_serine_rm2_25",39,61,109,"S","Lc_Updated_RM_Final_File.fasta","Lcorn_51676_AgSp1.1_Cfrag",3,"Phos","0.6711644697157324",122520000,14062000,"L_cornutus_quantified_raw.txt"
624,"Lcorn_51676_AgSp1.1Cfrag_serine_rm2_25","Lcorn_51676_AgSp1.1_Cfrag","Lcorn_51676_AgSp1.1Cfrag_serine_rm2_25",39,61,109,"S","Lc_Updated_RM_Final_File.fasta","Lcorn_51676_AgSp1.1_Cfrag",5,"Phos","0.7985300094392828",58584000,12535000,"L_cornutus_quantified_raw.txt"
630,"Lcorn_51676_AgSp1.1Cfrag_serine_rm2_25","Lcorn_51676_AgSp1.1_Cfrag","Lcorn_51676_AgSp1.1Cfrag_serine_rm2_25",39,67,109,"S","Lc_Updated_RM_Final_File.fasta","Lcorn_51676_AgSp1.1_Cfrag",7,"Hex","Cannot Determine",119890000,9789400,"L_cornutus_quantified_raw.txt"
630,"Lcorn_51676_AgSp1.1Cfrag_serine_rm2_25","Lcorn_51676_AgSp1.1_Cfrag","Lcorn_51676_AgSp1.1Cfrag_serine_rm2_25",39,67,109,"S","Lc_Updated_RM_Final_File.fasta","Lcorn_51676_AgSp1.1_Cfrag",9,"Hex","Cannot Determine",122520000,14062000,"L_cornutus_quantified_raw.txt"
630,"Lcorn_51676_AgSp1.1Cfrag_serine_rm2_25","Lcorn_51676_AgSp1.1_Cfrag","Lcorn_51676_AgSp1.1Cfrag_serine_rm2_25",39,67,109,"S","Lc_Updated_RM_Final_File.fasta","Lcorn_51676_AgSp1.1_Cfrag",11,"Hex","Cannot Determine",58584000,12535000,"L_cornutus_quantified_raw.txt"
631,"Lcorn_51676_AgSp1.1Cfrag_serine_rm2_25","Lcorn_51676_AgSp1.1_Cfrag","Lcorn_51676_AgSp1.1Cfrag_serine_rm2_25",39,68,109,"T","Lc_Updated_RM_Final_File.fasta","Lcorn_51676_AgSp1.1_Cfrag",7,"Hex","Cannot Determine",119890000,9789400,"L_cornutus_quantified_raw.txt"
631,"Lcorn_51676_AgSp1.1Cfrag_serine_rm2_25","Lcorn_51676_AgSp1.1_Cfrag","Lcorn_51676_AgSp1.1Cfrag_serine_rm2_25",39,68,109,"T","Lc_Updated_RM_Final_File.fasta","Lcorn_51676_AgSp1.1_Cfrag",9,"Hex","Cannot Determine",122520000,14062000,"L_cornutus_quantified_raw.txt"
631,"Lcorn_51676_AgSp1.1Cfrag_serine_rm2_25","Lcorn_51676_AgSp1.1_Cfrag","Lcorn_51676_AgSp1.1Cfrag_serine_rm2_25",39,68,109,"T","Lc_Updated_RM_Final_File.fasta","Lcorn_51676_AgSp1.1_Cfrag",11,"Hex","Cannot Determine",58584000,12535000,"L_cornutus_quantified_raw.txt"
643,"Lcorn_51676_AgSp1.1Cfrag_serine_rm2_25","Lcorn_51676_AgSp1.1_Cfrag","Lcorn_51676_AgSp1.1Cfrag_serine_rm2_25",39,80,109,"T","Lc_Updated_RM_Final_File.fasta","Lcorn_51676_AgSp1.1_Cfrag",7,"Hex","0.6615908970590828",11957000,6712900,"L_cornutus_quantified_raw.txt"
643,"Lcorn_51676_AgSp1.1Cfrag_serine_rm2_25","Lcorn_51676_AgSp1.1_Cfrag","Lcorn_51676_AgSp1.1Cfrag_serine_rm2_25",39,80,109,"T","Lc_Updated_RM_Final_File.fasta","Lcorn_51676_AgSp1.1_Cfrag",9,"Hex","Only modified detected",9739600,9739600,"L_cornutus_quantified_raw.txt"
643,"Lcorn_51676_AgSp1.1Cfrag_serine_rm2_25","Lcorn_51676_AgSp1.1_Cfrag","Lcorn_51676_AgSp1.1Cfrag_serine_rm2_25",39,80,109,"T","Lc_Updated_RM_Final_File.fasta","Lcorn_51676_AgSp1.1_Cfrag",11,"Hex","Only modified detected",9739600,9739600,"L_cornutus_quantified_raw.txt"
644,"Lcorn_51676_AgSp1.1Cfrag_serine_rm2_25","Lcorn_51676_AgSp1.1_Cfrag","Lcorn_51676_AgSp1.1Cfrag_serine_rm2_25",39,81,109,"T","Lc_Updated_RM_Final_File.fasta","Lcorn_51676_AgSp1.1_Cfrag",7,"Hex","0.6615908970590828",11957000,6712900,"L_cornutus_quantified_raw.txt"
646,"Lcorn_51676_AgSp1.1Cfrag_serine_rm2_25","Lcorn_51676_AgSp1.1_Cfrag","Lcorn_51676_AgSp1.1Cfrag_serine_rm2_25",39,83,109,"T","Lc_Updated_RM_Final_File.fasta","Lcorn_51676_AgSp1.1_Cfrag",7,"Hex","0.33840910294091725",11957000,6712900,"L_cornutus_quantified_raw.txt"
646,"Lcorn_51676_AgSp1.1Cfrag_serine_rm2_25","Lcorn_51676_AgSp1.1_Cfrag","Lcorn_51676_AgSp1.1Cfrag_serine_rm2_25",39,83,109,"T","Lc_Updated_RM_Final_File.fasta","Lcorn_51676_AgSp1.1_Cfrag",9,"Hex","Only modified detected",9739600,9739600,"L_cornutus_quantified_raw.txt"
646,"Lcorn_51676_AgSp1.1Cfrag_serine_rm2_25","Lcorn_51676_AgSp1.1_Cfrag","Lcorn_51676_AgSp1.1Cfrag_serine_rm2_25",39,83,109,"T","Lc_Updated_RM_Final_File.fasta","Lcorn_51676_AgSp1.1_Cfrag",11,"Hex","Only modified detected",9739600,9739600,"L_cornutus_quantified_raw.txt"
665,"Lcorn_51676_AgSp1.1Cfrag_tr_cr_1","Lcorn_51676_AgSp1.1_Cfrag","Lcorn_51676_AgSp1.1Cfrag_tr_cr_1",40,3,52,"T","Lc_Updated_RM_Final_File.fasta","Lcorn_51676_AgSp1.1_Cfrag",7,"Hex","Only modified detected",47749000,16929000,"L_cornutus_quantified_raw.txt"
665,"Lcorn_51676_AgSp1.1Cfrag_tr_cr_1","Lcorn_51676_AgSp1.1_Cfrag","Lcorn_51676_AgSp1.1Cfrag_tr_cr_1",40,3,52,"T","Lc_Updated_RM_Final_File.fasta","Lcorn_51676_AgSp1.1_Cfrag",9,"Hex","Cannot Determine",37291000,23172850,"L_cornutus_quantified_raw.txt"
665,"Lcorn_51676_AgSp1.1Cfrag_tr_cr_1","Lcorn_51676_AgSp1.1_Cfrag","Lcorn_51676_AgSp1.1Cfrag_tr_cr_1",40,3,52,"T","Lc_Updated_RM_Final_File.fasta","Lcorn_51676_AgSp1.1_Cfrag",11,"Hex","0.9325397611635301",37291000,9540800,"L_cornutus_quantified_raw.txt"
666,"Lcorn_51676_AgSp1.1Cfrag_tr_cr_1","Lcorn_51676_AgSp1.1_Cfrag","Lcorn_51676_AgSp1.1Cfrag_tr_cr_1",40,4,52,"T","Lc_Updated_RM_Final_File.fasta","Lcorn_51676_AgSp1.1_Cfrag",7,"Hex","Only modified detected",47749000,16929000,"L_cornutus_quantified_raw.txt"
666,"Lcorn_51676_AgSp1.1Cfrag_tr_cr_1","Lcorn_51676_AgSp1.1_Cfrag","Lcorn_51676_AgSp1.1Cfrag_tr_cr_1",40,4,52,"T","Lc_Updated_RM_Final_File.fasta","Lcorn_51676_AgSp1.1_Cfrag",9,"Hex","Only modified detected",37291000,23172850,"L_cornutus_quantified_raw.txt"
666,"Lcorn_51676_AgSp1.1Cfrag_tr_cr_1","Lcorn_51676_AgSp1.1_Cfrag","Lcorn_51676_AgSp1.1Cfrag_tr_cr_1",40,4,52,"T","Lc_Updated_RM_Final_File.fasta","Lcorn_51676_AgSp1.1_Cfrag",11,"Hex","Only modified detected",37291000,9540800,"L_cornutus_quantified_raw.txt"
669,"Lcorn_51676_AgSp1.1Cfrag_tr_cr_1","Lcorn_51676_AgSp1.1_Cfrag","Lcorn_51676_AgSp1.1Cfrag_tr_cr_1",40,7,52,"T","Lc_Updated_RM_Final_File.fasta","Lcorn_51676_AgSp1.1_Cfrag",7,"Hex","Only modified detected",47749000,16929000,"L_cornutus_quantified_raw.txt"
669,"Lcorn_51676_AgSp1.1Cfrag_tr_cr_1","Lcorn_51676_AgSp1.1_Cfrag","Lcorn_51676_AgSp1.1Cfrag_tr_cr_1",40,7,52,"T","Lc_Updated_RM_Final_File.fasta","Lcorn_51676_AgSp1.1_Cfrag",9,"Hex","Only modified detected",37291000,23172850,"L_cornutus_quantified_raw.txt"
669,"Lcorn_51676_AgSp1.1Cfrag_tr_cr_1","Lcorn_51676_AgSp1.1_Cfrag","Lcorn_51676_AgSp1.1Cfrag_tr_cr_1",40,7,52,"T","Lc_Updated_RM_Final_File.fasta","Lcorn_51676_AgSp1.1_Cfrag",11,"Hex","Only modified detected",37291000,9540800,"L_cornutus_quantified_raw.txt"
671,"Lcorn_51676_AgSp1.1Cfrag_tr_cr_1","Lcorn_51676_AgSp1.1_Cfrag","Lcorn_51676_AgSp1.1Cfrag_tr_cr_1",40,9,52,"T","Lc_Updated_RM_Final_File.fasta","Lcorn_51676_AgSp1.1_Cfrag",9,"Hex","Cannot Determine",37291000,23172850,"L_cornutus_quantified_raw.txt"
671,"Lcorn_51676_AgSp1.1Cfrag_tr_cr_1","Lcorn_51676_AgSp1.1_Cfrag","Lcorn_51676_AgSp1.1Cfrag_tr_cr_1",40,9,52,"T","Lc_Updated_RM_Final_File.fasta","Lcorn_51676_AgSp1.1_Cfrag",11,"Hex","0.06746023883646995",37291000,9540800,"L_cornutus_quantified_raw.txt"
688,"Lcorn_51676_AgSp1.1Cfrag_tr_cr_1","Lcorn_51676_AgSp1.1_Cfrag","Lcorn_51676_AgSp1.1Cfrag_tr_cr_1",40,26,52,"S","Lc_Updated_RM_Final_File.fasta","Lcorn_51676_AgSp1.1_Cfrag",1,"Phos","0.747740689910357",222090000,9835400,"L_cornutus_quantified_raw.txt"
688,"Lcorn_51676_AgSp1.1Cfrag_tr_cr_1","Lcorn_51676_AgSp1.1_Cfrag","Lcorn_51676_AgSp1.1Cfrag_tr_cr_1",40,26,52,"S","Lc_Updated_RM_Final_File.fasta","Lcorn_51676_AgSp1.1_Cfrag",7,"Hex","Cannot Determine",222090000,9835400,"L_cornutus_quantified_raw.txt"
688,"Lcorn_51676_AgSp1.1Cfrag_tr_cr_1","Lcorn_51676_AgSp1.1_Cfrag","Lcorn_51676_AgSp1.1Cfrag_tr_cr_1",40,26,52,"S","Lc_Updated_RM_Final_File.fasta","Lcorn_51676_AgSp1.1_Cfrag",9,"Hex","Cannot Determine",215700000,25737000,"L_cornutus_quantified_raw.txt"
688,"Lcorn_51676_AgSp1.1Cfrag_tr_cr_1","Lcorn_51676_AgSp1.1_Cfrag","Lcorn_51676_AgSp1.1Cfrag_tr_cr_1",40,26,52,"S","Lc_Updated_RM_Final_File.fasta","Lcorn_51676_AgSp1.1_Cfrag",11,"Hex","Cannot Determine",215700000,25737000,"L_cornutus_quantified_raw.txt"
689,"Lcorn_51676_AgSp1.1Cfrag_tr_cr_1","Lcorn_51676_AgSp1.1_Cfrag","Lcorn_51676_AgSp1.1Cfrag_tr_cr_1",40,27,52,"T","Lc_Updated_RM_Final_File.fasta","Lcorn_51676_AgSp1.1_Cfrag",7,"Hex","Cannot Determine",222090000,9835400,"L_cornutus_quantified_raw.txt"
689,"Lcorn_51676_AgSp1.1Cfrag_tr_cr_1","Lcorn_51676_AgSp1.1_Cfrag","Lcorn_51676_AgSp1.1Cfrag_tr_cr_1",40,27,52,"T","Lc_Updated_RM_Final_File.fasta","Lcorn_51676_AgSp1.1_Cfrag",9,"Hex","Cannot Determine",215700000,25737000,"L_cornutus_quantified_raw.txt"
689,"Lcorn_51676_AgSp1.1Cfrag_tr_cr_1","Lcorn_51676_AgSp1.1_Cfrag","Lcorn_51676_AgSp1.1Cfrag_tr_cr_1",40,27,52,"T","Lc_Updated_RM_Final_File.fasta","Lcorn_51676_AgSp1.1_Cfrag",11,"Hex","Cannot Determine",215700000,25737000,"L_cornutus_quantified_raw.txt"
692,"Lcorn_51676_AgSp1.1Cfrag_tr_cr_1","Lcorn_51676_AgSp1.1_Cfrag","Lcorn_51676_AgSp1.1Cfrag_tr_cr_1",40,30,52,"S","Lc_Updated_RM_Final_File.fasta","Lcorn_51676_AgSp1.1_Cfrag",1,"Phos","0.858654798564164",222090000,9835400,"L_cornutus_quantified_raw.txt"
692,"Lcorn_51676_AgSp1.1Cfrag_tr_cr_1","Lcorn_51676_AgSp1.1_Cfrag","Lcorn_51676_AgSp1.1Cfrag_tr_cr_1",40,30,52,"S","Lc_Updated_RM_Final_File.fasta","Lcorn_51676_AgSp1.1_Cfrag",3,"Phos","Only modified detected",215700000,25737000,"L_cornutus_quantified_raw.txt"
692,"Lcorn_51676_AgSp1.1Cfrag_tr_cr_1","Lcorn_51676_AgSp1.1_Cfrag","Lcorn_51676_AgSp1.1Cfrag_tr_cr_1",40,30,52,"S","Lc_Updated_RM_Final_File.fasta","Lcorn_51676_AgSp1.1_Cfrag",5,"Phos","Only modified detected",215700000,25737000,"L_cornutus_quantified_raw.txt"
692,"Lcorn_51676_AgSp1.1Cfrag_tr_cr_1","Lcorn_51676_AgSp1.1_Cfrag","Lcorn_51676_AgSp1.1Cfrag_tr_cr_1",40,30,52,"S","Lc_Updated_RM_Final_File.fasta","Lcorn_51676_AgSp1.1_Cfrag",7,"Hex","Cannot Determine",222090000,9835400,"L_cornutus_quantified_raw.txt"
692,"Lcorn_51676_AgSp1.1Cfrag_tr_cr_1","Lcorn_51676_AgSp1.1_Cfrag","Lcorn_51676_AgSp1.1Cfrag_tr_cr_1",40,30,52,"S","Lc_Updated_RM_Final_File.fasta","Lcorn_51676_AgSp1.1_Cfrag",9,"Hex","Only modified detected",215700000,25737000,"L_cornutus_quantified_raw.txt"
692,"Lcorn_51676_AgSp1.1Cfrag_tr_cr_1","Lcorn_51676_AgSp1.1_Cfrag","Lcorn_51676_AgSp1.1Cfrag_tr_cr_1",40,30,52,"S","Lc_Updated_RM_Final_File.fasta","Lcorn_51676_AgSp1.1_Cfrag",11,"Hex","Only modified detected",215700000,25737000,"L_cornutus_quantified_raw.txt"
729,"Lcorn_51676_AgSp1.1Cfrag_tr_cr_2","Lcorn_51676_AgSp1.1_Cfrag","Lcorn_51676_AgSp1.1Cfrag_tr_cr_2",41,22,52,"T","Lc_Updated_RM_Final_File.fasta","Lcorn_51676_AgSp1.1_Cfrag",7,"Hex","Cannot Determine",111350000,29455000,"L_cornutus_quantified_raw.txt"
729,"Lcorn_51676_AgSp1.1Cfrag_tr_cr_2","Lcorn_51676_AgSp1.1_Cfrag","Lcorn_51676_AgSp1.1Cfrag_tr_cr_2",41,22,52,"T","Lc_Updated_RM_Final_File.fasta","Lcorn_51676_AgSp1.1_Cfrag",9,"Hex","Cannot Determine",166710000,15632000,"L_cornutus_quantified_raw.txt"
729,"Lcorn_51676_AgSp1.1Cfrag_tr_cr_2","Lcorn_51676_AgSp1.1_Cfrag","Lcorn_51676_AgSp1.1Cfrag_tr_cr_2",41,22,52,"T","Lc_Updated_RM_Final_File.fasta","Lcorn_51676_AgSp1.1_Cfrag",11,"Hex","Cannot Determine",166710000,15632000,"L_cornutus_quantified_raw.txt"
730,"Lcorn_51676_AgSp1.1Cfrag_tr_cr_2","Lcorn_51676_AgSp1.1_Cfrag","Lcorn_51676_AgSp1.1Cfrag_tr_cr_2",41,23,52,"T","Lc_Updated_RM_Final_File.fasta","Lcorn_51676_AgSp1.1_Cfrag",7,"Hex","Cannot Determine",111350000,29455000,"L_cornutus_quantified_raw.txt"
730,"Lcorn_51676_AgSp1.1Cfrag_tr_cr_2","Lcorn_51676_AgSp1.1_Cfrag","Lcorn_51676_AgSp1.1Cfrag_tr_cr_2",41,23,52,"T","Lc_Updated_RM_Final_File.fasta","Lcorn_51676_AgSp1.1_Cfrag",9,"Hex","Cannot Determine",166710000,15632000,"L_cornutus_quantified_raw.txt"
730,"Lcorn_51676_AgSp1.1Cfrag_tr_cr_2","Lcorn_51676_AgSp1.1_Cfrag","Lcorn_51676_AgSp1.1Cfrag_tr_cr_2",41,23,52,"T","Lc_Updated_RM_Final_File.fasta","Lcorn_51676_AgSp1.1_Cfrag",11,"Hex","Cannot Determine",166710000,15632000,"L_cornutus_quantified_raw.txt"
735,"Lcorn_51676_AgSp1.1Cfrag_tr_cr_2","Lcorn_51676_AgSp1.1_Cfrag","Lcorn_51676_AgSp1.1Cfrag_tr_cr_2",41,28,52,"S","Lc_Updated_RM_Final_File.fasta","Lcorn_51676_AgSp1.1_Cfrag",7,"Hex","Cannot Determine",112310000,29455000,"L_cornutus_quantified_raw.txt"
735,"Lcorn_51676_AgSp1.1Cfrag_tr_cr_2","Lcorn_51676_AgSp1.1_Cfrag","Lcorn_51676_AgSp1.1Cfrag_tr_cr_2",41,28,52,"S","Lc_Updated_RM_Final_File.fasta","Lcorn_51676_AgSp1.1_Cfrag",9,"Hex","Cannot Determine",166710000,19976500,"L_cornutus_quantified_raw.txt"
735,"Lcorn_51676_AgSp1.1Cfrag_tr_cr_2","Lcorn_51676_AgSp1.1_Cfrag","Lcorn_51676_AgSp1.1Cfrag_tr_cr_2",41,28,52,"S","Lc_Updated_RM_Final_File.fasta","Lcorn_51676_AgSp1.1_Cfrag",11,"Hex","Cannot Determine",166710000,19976500,"L_cornutus_quantified_raw.txt"
741,"Lcorn_51676_AgSp1.1Cfrag_tr_cr_2","Lcorn_51676_AgSp1.1_Cfrag","Lcorn_51676_AgSp1.1Cfrag_tr_cr_2",41,34,52,"T","Lc_Updated_RM_Final_File.fasta","Lcorn_51676_AgSp1.1_Cfrag",7,"Hex","Cannot Determine",112310000,29455000,"L_cornutus_quantified_raw.txt"
741,"Lcorn_51676_AgSp1.1Cfrag_tr_cr_2","Lcorn_51676_AgSp1.1_Cfrag","Lcorn_51676_AgSp1.1Cfrag_tr_cr_2",41,34,52,"T","Lc_Updated_RM_Final_File.fasta","Lcorn_51676_AgSp1.1_Cfrag",9,"Hex","Cannot Determine",166710000,19976500,"L_cornutus_quantified_raw.txt"
741,"Lcorn_51676_AgSp1.1Cfrag_tr_cr_2","Lcorn_51676_AgSp1.1_Cfrag","Lcorn_51676_AgSp1.1Cfrag_tr_cr_2",41,34,52,"T","Lc_Updated_RM_Final_File.fasta","Lcorn_51676_AgSp1.1_Cfrag",11,"Hex","Cannot Determine",166710000,19976500,"L_cornutus_quantified_raw.txt"
752,"Lcorn_51676_AgSp1.1Cfrag_tr_cr_2","Lcorn_51676_AgSp1.1_Cfrag","Lcorn_51676_AgSp1.1Cfrag_tr_cr_2",41,45,52,"T","Lc_Updated_RM_Final_File.fasta","Lcorn_51676_AgSp1.1_Cfrag",9,"Hex","Only modified detected",6965200,6965200,"L_cornutus_quantified_raw.txt"
752,"Lcorn_51676_AgSp1.1Cfrag_tr_cr_2","Lcorn_51676_AgSp1.1_Cfrag","Lcorn_51676_AgSp1.1Cfrag_tr_cr_2",41,45,52,"T","Lc_Updated_RM_Final_File.fasta","Lcorn_51676_AgSp1.1_Cfrag",11,"Hex","Only modified detected",6965200,6965200,"L_cornutus_quantified_raw.txt"
762,"Lcorn_51676_AgSp1.1Cfrag_tr_cr_3","Lcorn_51676_AgSp1.1_Cfrag","Lcorn_51676_AgSp1.1Cfrag_tr_cr_3",42,3,52,"T","Lc_Updated_RM_Final_File.fasta","Lcorn_51676_AgSp1.1_Cfrag",7,"Hex","Only modified detected",11581000,11581000,"L_cornutus_quantified_raw.txt"
762,"Lcorn_51676_AgSp1.1Cfrag_tr_cr_3","Lcorn_51676_AgSp1.1_Cfrag","Lcorn_51676_AgSp1.1Cfrag_tr_cr_3",42,3,52,"T","Lc_Updated_RM_Final_File.fasta","Lcorn_51676_AgSp1.1_Cfrag",9,"Hex","Only modified detected",6965200,6965200,"L_cornutus_quantified_raw.txt"
762,"Lcorn_51676_AgSp1.1Cfrag_tr_cr_3","Lcorn_51676_AgSp1.1_Cfrag","Lcorn_51676_AgSp1.1Cfrag_tr_cr_3",42,3,52,"T","Lc_Updated_RM_Final_File.fasta","Lcorn_51676_AgSp1.1_Cfrag",11,"Hex","Only modified detected",6965200,6965200,"L_cornutus_quantified_raw.txt"
763,"Lcorn_51676_AgSp1.1Cfrag_tr_cr_3","Lcorn_51676_AgSp1.1_Cfrag","Lcorn_51676_AgSp1.1Cfrag_tr_cr_3",42,4,52,"T","Lc_Updated_RM_Final_File.fasta","Lcorn_51676_AgSp1.1_Cfrag",7,"Hex","Only modified detected",11581000,11581000,"L_cornutus_quantified_raw.txt"
766,"Lcorn_51676_AgSp1.1Cfrag_tr_cr_3","Lcorn_51676_AgSp1.1_Cfrag","Lcorn_51676_AgSp1.1Cfrag_tr_cr_3",42,7,52,"T","Lc_Updated_RM_Final_File.fasta","Lcorn_51676_AgSp1.1_Cfrag",7,"Hex","Only modified detected",11581000,11581000,"L_cornutus_quantified_raw.txt"
766,"Lcorn_51676_AgSp1.1Cfrag_tr_cr_3","Lcorn_51676_AgSp1.1_Cfrag","Lcorn_51676_AgSp1.1Cfrag_tr_cr_3",42,7,52,"T","Lc_Updated_RM_Final_File.fasta","Lcorn_51676_AgSp1.1_Cfrag",9,"Hex","Only modified detected",6965200,6965200,"L_cornutus_quantified_raw.txt"
766,"Lcorn_51676_AgSp1.1Cfrag_tr_cr_3","Lcorn_51676_AgSp1.1_Cfrag","Lcorn_51676_AgSp1.1Cfrag_tr_cr_3",42,7,52,"T","Lc_Updated_RM_Final_File.fasta","Lcorn_51676_AgSp1.1_Cfrag",11,"Hex","Only modified detected",6965200,6965200,"L_cornutus_quantified_raw.txt"
1062,"Lcorn_51676_AgSp1.1Cfrag_cr","Lcorn_51676_AgSp1.1_Cfrag","Lcorn_51676_AgSp1.1Cfrag_cr",43,258,420,"S","Lc_Updated_RM_Final_File.fasta","Lcorn_51676_AgSp1.1_Cfrag",1,"Phos","Cannot Determine",603850000,38202000,"L_cornutus_quantified_raw.txt"
1062,"Lcorn_51676_AgSp1.1Cfrag_cr","Lcorn_51676_AgSp1.1_Cfrag","Lcorn_51676_AgSp1.1Cfrag_cr",43,258,420,"S","Lc_Updated_RM_Final_File.fasta","Lcorn_51676_AgSp1.1_Cfrag",3,"Phos","Cannot Determine",663440000,17855000,"L_cornutus_quantified_raw.txt"
1062,"Lcorn_51676_AgSp1.1Cfrag_cr","Lcorn_51676_AgSp1.1_Cfrag","Lcorn_51676_AgSp1.1Cfrag_cr",43,258,420,"S","Lc_Updated_RM_Final_File.fasta","Lcorn_51676_AgSp1.1_Cfrag",5,"Phos","Cannot Determine",663440000,29615000,"L_cornutus_quantified_raw.txt"
1085,"Lcorn_51676_AgSp1.1Cfrag_cr","Lcorn_51676_AgSp1.1_Cfrag","Lcorn_51676_AgSp1.1Cfrag_cr",43,281,420,"S","Lc_Updated_RM_Final_File.fasta","Lcorn_51676_AgSp1.1_Cfrag",1,"Phos","Cannot Determine",766770000,126513150,"L_cornutus_quantified_raw.txt"
1012,"Lcorn_51676_AgSp1.2Nfrag_rr_9","Lcorn_51676_AgSp1.2_Nfrag","Lcorn_51676_AgSp1.2Nfrag_rr_9",55,47,88,"T","Lc_Updated_RM_Final_File.fasta","Lcorn_51676_AgSp1.2_Nfrag",7,"Hex","0.42204610051851293",68356000,15654000,"L_cornutus_quantified_raw.txt"
1012,"Lcorn_51676_AgSp1.2Nfrag_rr_9","Lcorn_51676_AgSp1.2_Nfrag","Lcorn_51676_AgSp1.2Nfrag_rr_9",55,47,88,"T","Lc_Updated_RM_Final_File.fasta","Lcorn_51676_AgSp1.2_Nfrag",9,"Hex","0.6898596039181093",68101000,7817100,"L_cornutus_quantified_raw.txt"
1012,"Lcorn_51676_AgSp1.2Nfrag_rr_9","Lcorn_51676_AgSp1.2_Nfrag","Lcorn_51676_AgSp1.2Nfrag_rr_9",55,47,88,"T","Lc_Updated_RM_Final_File.fasta","Lcorn_51676_AgSp1.2_Nfrag",11,"Hex","0.5202344279284088",68101000,7817100,"L_cornutus_quantified_raw.txt"
1017,"Lcorn_51676_AgSp1.2Nfrag_rr_9","Lcorn_51676_AgSp1.2_Nfrag","Lcorn_51676_AgSp1.2Nfrag_rr_9",55,52,88,"T","Lc_Updated_RM_Final_File.fasta","Lcorn_51676_AgSp1.2_Nfrag",7,"Hex","0.7697991801172668",68356000,15654000,"L_cornutus_quantified_raw.txt"
1017,"Lcorn_51676_AgSp1.2Nfrag_rr_9","Lcorn_51676_AgSp1.2_Nfrag","Lcorn_51676_AgSp1.2Nfrag_rr_9",55,52,88,"T","Lc_Updated_RM_Final_File.fasta","Lcorn_51676_AgSp1.2_Nfrag",9,"Hex","0.9600948103816334",68101000,7817100,"L_cornutus_quantified_raw.txt"
1017,"Lcorn_51676_AgSp1.2Nfrag_rr_9","Lcorn_51676_AgSp1.2_Nfrag","Lcorn_51676_AgSp1.2Nfrag_rr_9",55,52,88,"T","Lc_Updated_RM_Final_File.fasta","Lcorn_51676_AgSp1.2_Nfrag",11,"Hex","0.9119802685039986",68101000,7817100,"L_cornutus_quantified_raw.txt"
1512,"Lcorn_51676_AgSp1.2Nfrag_tr_rm1_1","Lcorn_51676_AgSp1.2_Nfrag","Lcorn_51676_AgSp1.2Nfrag_tr_rm1_1",63,27,61,"T","Lc_Updated_RM_Final_File.fasta","Lcorn_51676_AgSp1.2_Nfrag",7,"Hex","Only modified detected",16213000,16213000,"L_cornutus_quantified_raw.txt"
1661,"Lcorn_51676_AgSp1.2Nfrag_tr_rm1_4","Lcorn_51676_AgSp1.2_Nfrag","Lcorn_51676_AgSp1.2Nfrag_tr_rm1_4",66,34,61,"T","Lc_Updated_RM_Final_File.fasta","Lcorn_51676_AgSp1.2_Nfrag",7,"Hex","Only modified detected",3079800,3079800,"L_cornutus_quantified_raw.txt"
1661,"Lcorn_51676_AgSp1.2Nfrag_tr_rm1_4","Lcorn_51676_AgSp1.2_Nfrag","Lcorn_51676_AgSp1.2Nfrag_tr_rm1_4",66,34,61,"T","Lc_Updated_RM_Final_File.fasta","Lcorn_51676_AgSp1.2_Nfrag",9,"Hex","Only modified detected",2613600,2330050,"L_cornutus_quantified_raw.txt"
1661,"Lcorn_51676_AgSp1.2Nfrag_tr_rm1_4","Lcorn_51676_AgSp1.2_Nfrag","Lcorn_51676_AgSp1.2Nfrag_tr_rm1_4",66,34,61,"T","Lc_Updated_RM_Final_File.fasta","Lcorn_51676_AgSp1.2_Nfrag",11,"Hex","Only modified detected",2613600,2330050,"L_cornutus_quantified_raw.txt"
1667,"Lcorn_51676_AgSp1.2Nfrag_tr_rm1_4","Lcorn_51676_AgSp1.2_Nfrag","Lcorn_51676_AgSp1.2Nfrag_tr_rm1_4",66,40,61,"T","Lc_Updated_RM_Final_File.fasta","Lcorn_51676_AgSp1.2_Nfrag",7,"Hex","Only modified detected",3079800,3079800,"L_cornutus_quantified_raw.txt"
1667,"Lcorn_51676_AgSp1.2Nfrag_tr_rm1_4","Lcorn_51676_AgSp1.2_Nfrag","Lcorn_51676_AgSp1.2Nfrag_tr_rm1_4",66,40,61,"T","Lc_Updated_RM_Final_File.fasta","Lcorn_51676_AgSp1.2_Nfrag",9,"Hex","Only modified detected",2613600,2330050,"L_cornutus_quantified_raw.txt"
1667,"Lcorn_51676_AgSp1.2Nfrag_tr_rm1_4","Lcorn_51676_AgSp1.2_Nfrag","Lcorn_51676_AgSp1.2Nfrag_tr_rm1_4",66,40,61,"T","Lc_Updated_RM_Final_File.fasta","Lcorn_51676_AgSp1.2_Nfrag",11,"Hex","Only modified detected",2613600,2330050,"L_cornutus_quantified_raw.txt"
875,"Mlaby_7048_AgSp1_rr_1","Mlaby_7048_AgSp1","Mlaby_7048_AgSp1_rr_1",3,25,94,"S","Ml_Updated_RM_Final_File.fasta","Mlaby_7048_AgSp1",3,"Phos","0.3118098350928795",11761000,5155300,"M_labyrinthea_quantified_raw.txt"
875,"Mlaby_7048_AgSp1_rr_1","Mlaby_7048_AgSp1","Mlaby_7048_AgSp1_rr_1",3,25,94,"S","Ml_Updated_RM_Final_File.fasta","Mlaby_7048_AgSp1",5,"Phos","0.5893271104084429",11761000,5155300,"M_labyrinthea_quantified_raw.txt"
1038,"Mlaby_7048_AgSp1_rr_3","Mlaby_7048_AgSp1","Mlaby_7048_AgSp1_rr_3",5,72,94,"T","Ml_Updated_RM_Final_File.fasta","Mlaby_7048_AgSp1",7,"Hex","Only modified detected",15971000,15971000,"M_labyrinthea_quantified_raw.txt"
1038,"Mlaby_7048_AgSp1_rr_3","Mlaby_7048_AgSp1","Mlaby_7048_AgSp1_rr_3",5,72,94,"T","Ml_Updated_RM_Final_File.fasta","Mlaby_7048_AgSp1",9,"Hex","Only modified detected",14540000,14540000,"M_labyrinthea_quantified_raw.txt"
1038,"Mlaby_7048_AgSp1_rr_3","Mlaby_7048_AgSp1","Mlaby_7048_AgSp1_rr_3",5,72,94,"T","Ml_Updated_RM_Final_File.fasta","Mlaby_7048_AgSp1",11,"Hex","Only modified detected",14540000,14540000,"M_labyrinthea_quantified_raw.txt"
1042,"Mlaby_7048_AgSp1_rr_3","Mlaby_7048_AgSp1","Mlaby_7048_AgSp1_rr_3",5,76,94,"T","Ml_Updated_RM_Final_File.fasta","Mlaby_7048_AgSp1",7,"Hex","Only modified detected",15971000,15971000,"M_labyrinthea_quantified_raw.txt"
1042,"Mlaby_7048_AgSp1_rr_3","Mlaby_7048_AgSp1","Mlaby_7048_AgSp1_rr_3",5,76,94,"T","Ml_Updated_RM_Final_File.fasta","Mlaby_7048_AgSp1",9,"Hex","Only modified detected",14540000,14540000,"M_labyrinthea_quantified_raw.txt"
1042,"Mlaby_7048_AgSp1_rr_3","Mlaby_7048_AgSp1","Mlaby_7048_AgSp1_rr_3",5,76,94,"T","Ml_Updated_RM_Final_File.fasta","Mlaby_7048_AgSp1",11,"Hex","Only modified detected",14540000,14540000,"M_labyrinthea_quantified_raw.txt"
1079,"Mlaby_7048_AgSp1_rr_4","Mlaby_7048_AgSp1","Mlaby_7048_AgSp1_rr_4",6,22,94,"T","Ml_Updated_RM_Final_File.fasta","Mlaby_7048_AgSp1",7,"Hex","0.7049372691958392",12837000,4009800,"M_labyrinthea_quantified_raw.txt"
1079,"Mlaby_7048_AgSp1_rr_4","Mlaby_7048_AgSp1","Mlaby_7048_AgSp1_rr_4",6,22,94,"T","Ml_Updated_RM_Final_File.fasta","Mlaby_7048_AgSp1",9,"Hex","0.833744554914645",11649000,3975100,"M_labyrinthea_quantified_raw.txt"
1079,"Mlaby_7048_AgSp1_rr_4","Mlaby_7048_AgSp1","Mlaby_7048_AgSp1_rr_4",6,22,94,"T","Ml_Updated_RM_Final_File.fasta","Mlaby_7048_AgSp1",11,"Hex","0.5510203452065893",11649000,3975100,"M_labyrinthea_quantified_raw.txt"
1109,"Mlaby_7048_AgSp1_rr_4","Mlaby_7048_AgSp1","Mlaby_7048_AgSp1_rr_4",6,52,94,"T","Ml_Updated_RM_Final_File.fasta","Mlaby_7048_AgSp1",7,"Hex","Only modified detected",17371000,9949500,"M_labyrinthea_quantified_raw.txt"
1109,"Mlaby_7048_AgSp1_rr_4","Mlaby_7048_AgSp1","Mlaby_7048_AgSp1_rr_4",6,52,94,"T","Ml_Updated_RM_Final_File.fasta","Mlaby_7048_AgSp1",9,"Hex","Only modified detected",16930000,10227750,"M_labyrinthea_quantified_raw.txt"
1109,"Mlaby_7048_AgSp1_rr_4","Mlaby_7048_AgSp1","Mlaby_7048_AgSp1_rr_4",6,52,94,"T","Ml_Updated_RM_Final_File.fasta","Mlaby_7048_AgSp1",11,"Hex","Only modified detected",16930000,10227750,"M_labyrinthea_quantified_raw.txt"
1167,"Mlaby_7048_AgSp1_rr_5","Mlaby_7048_AgSp1","Mlaby_7048_AgSp1_rr_5",7,22,94,"T","Ml_Updated_RM_Final_File.fasta","Mlaby_7048_AgSp1",7,"Hex","Only modified detected",19004000,17394500,"M_labyrinthea_quantified_raw.txt"
1167,"Mlaby_7048_AgSp1_rr_5","Mlaby_7048_AgSp1","Mlaby_7048_AgSp1_rr_5",7,22,94,"T","Ml_Updated_RM_Final_File.fasta","Mlaby_7048_AgSp1",9,"Hex","Only modified detected",19600000,16897000,"M_labyrinthea_quantified_raw.txt"
1167,"Mlaby_7048_AgSp1_rr_5","Mlaby_7048_AgSp1","Mlaby_7048_AgSp1_rr_5",7,22,94,"T","Ml_Updated_RM_Final_File.fasta","Mlaby_7048_AgSp1",11,"Hex","Only modified detected",19600000,16897000,"M_labyrinthea_quantified_raw.txt"
1255,"Mlaby_7048_AgSp1_rr_6","Mlaby_7048_AgSp1","Mlaby_7048_AgSp1_rr_6",8,22,94,"T","Ml_Updated_RM_Final_File.fasta","Mlaby_7048_AgSp1",7,"Hex","0.5118560859234895",22850000,13193950,"M_labyrinthea_quantified_raw.txt"
1255,"Mlaby_7048_AgSp1_rr_6","Mlaby_7048_AgSp1","Mlaby_7048_AgSp1_rr_6",8,22,94,"T","Ml_Updated_RM_Final_File.fasta","Mlaby_7048_AgSp1",9,"Hex","Only modified detected",17161000,17161000,"M_labyrinthea_quantified_raw.txt"
1255,"Mlaby_7048_AgSp1_rr_6","Mlaby_7048_AgSp1","Mlaby_7048_AgSp1_rr_6",8,22,94,"T","Ml_Updated_RM_Final_File.fasta","Mlaby_7048_AgSp1",11,"Hex","Only modified detected",17161000,17161000,"M_labyrinthea_quantified_raw.txt"
1261,"Mlaby_7048_AgSp1_rr_6","Mlaby_7048_AgSp1","Mlaby_7048_AgSp1_rr_6",8,28,94,"T","Ml_Updated_RM_Final_File.fasta","Mlaby_7048_AgSp1",7,"Hex","0.4881439140765105",22850000,13193950,"M_labyrinthea_quantified_raw.txt"
1302,"Mlaby_7048_AgSp1_rr_7","Mlaby_7048_AgSp1","Mlaby_7048_AgSp1_rr_7",9,26,94,"T","Ml_Updated_RM_Final_File.fasta","Mlaby_7048_AgSp1",9,"Hex","Only modified detected",18112000,18112000,"M_labyrinthea_quantified_raw.txt"
1302,"Mlaby_7048_AgSp1_rr_7","Mlaby_7048_AgSp1","Mlaby_7048_AgSp1_rr_7",9,26,94,"T","Ml_Updated_RM_Final_File.fasta","Mlaby_7048_AgSp1",11,"Hex","Only modified detected",18112000,18112000,"M_labyrinthea_quantified_raw.txt"
1303,"Mlaby_7048_AgSp1_rr_7","Mlaby_7048_AgSp1","Mlaby_7048_AgSp1_rr_7",9,27,94,"T","Ml_Updated_RM_Final_File.fasta","Mlaby_7048_AgSp1",7,"Hex","Only modified detected",16632000,16632000,"M_labyrinthea_quantified_raw.txt"
1306,"Mlaby_7048_AgSp1_rr_7","Mlaby_7048_AgSp1","Mlaby_7048_AgSp1_rr_7",9,30,94,"T","Ml_Updated_RM_Final_File.fasta","Mlaby_7048_AgSp1",7,"Hex","Only modified detected",16632000,16632000,"M_labyrinthea_quantified_raw.txt"
1306,"Mlaby_7048_AgSp1_rr_7","Mlaby_7048_AgSp1","Mlaby_7048_AgSp1_rr_7",9,30,94,"T","Ml_Updated_RM_Final_File.fasta","Mlaby_7048_AgSp1",9,"Hex","Only modified detected",18112000,18112000,"M_labyrinthea_quantified_raw.txt"
1306,"Mlaby_7048_AgSp1_rr_7","Mlaby_7048_AgSp1","Mlaby_7048_AgSp1_rr_7",9,30,94,"T","Ml_Updated_RM_Final_File.fasta","Mlaby_7048_AgSp1",11,"Hex","Only modified detected",18112000,18112000,"M_labyrinthea_quantified_raw.txt"
1419,"Mlaby_7048_AgSp1_rr_9","Mlaby_7048_AgSp1","Mlaby_7048_AgSp1_rr_9",11,30,94,"T","Ml_Updated_RM_Final_File.fasta","Mlaby_7048_AgSp1",7,"Hex","Only modified detected",10544000,10544000,"M_labyrinthea_quantified_raw.txt"
1421,"Mlaby_7048_AgSp1_rr_9","Mlaby_7048_AgSp1","Mlaby_7048_AgSp1_rr_9",11,32,94,"T","Ml_Updated_RM_Final_File.fasta","Mlaby_7048_AgSp1",7,"Hex","Only modified detected",10544000,10544000,"M_labyrinthea_quantified_raw.txt"
1459,"Mlaby_7048_AgSp1_rr_9","Mlaby_7048_AgSp1","Mlaby_7048_AgSp1_rr_9",11,70,94,"T","Ml_Updated_RM_Final_File.fasta","Mlaby_7048_AgSp1",9,"Hex","Cannot Determine",19809000,13457950,"M_labyrinthea_quantified_raw.txt"
1459,"Mlaby_7048_AgSp1_rr_9","Mlaby_7048_AgSp1","Mlaby_7048_AgSp1_rr_9",11,70,94,"T","Ml_Updated_RM_Final_File.fasta","Mlaby_7048_AgSp1",11,"Hex","Cannot Determine",19809000,13457950,"M_labyrinthea_quantified_raw.txt"
1461,"Mlaby_7048_AgSp1_rr_9","Mlaby_7048_AgSp1","Mlaby_7048_AgSp1_rr_9",11,72,94,"S","Ml_Updated_RM_Final_File.fasta","Mlaby_7048_AgSp1",7,"Hex","Only modified detected",22505000,15419550,"M_labyrinthea_quantified_raw.txt"
1461,"Mlaby_7048_AgSp1_rr_9","Mlaby_7048_AgSp1","Mlaby_7048_AgSp1_rr_9",11,72,94,"S","Ml_Updated_RM_Final_File.fasta","Mlaby_7048_AgSp1",9,"Hex","Cannot Determine",19809000,13457950,"M_labyrinthea_quantified_raw.txt"
1461,"Mlaby_7048_AgSp1_rr_9","Mlaby_7048_AgSp1","Mlaby_7048_AgSp1_rr_9",11,72,94,"S","Ml_Updated_RM_Final_File.fasta","Mlaby_7048_AgSp1",11,"Hex","Cannot Determine",19809000,13457950,"M_labyrinthea_quantified_raw.txt"
1499,"Mlaby_7048_AgSp1_rr_10","Mlaby_7048_AgSp1","Mlaby_7048_AgSp1_rr_10",12,22,94,"T","Ml_Updated_RM_Final_File.fasta","Mlaby_7048_AgSp1",7,"Hex","Only modified detected",44664000,5722150,"M_labyrinthea_quantified_raw.txt"
1499,"Mlaby_7048_AgSp1_rr_10","Mlaby_7048_AgSp1","Mlaby_7048_AgSp1_rr_10",12,22,94,"T","Ml_Updated_RM_Final_File.fasta","Mlaby_7048_AgSp1",9,"Hex","Only modified detected",22945000,4971100,"M_labyrinthea_quantified_raw.txt"
1499,"Mlaby_7048_AgSp1_rr_10","Mlaby_7048_AgSp1","Mlaby_7048_AgSp1_rr_10",12,22,94,"T","Ml_Updated_RM_Final_File.fasta","Mlaby_7048_AgSp1",11,"Hex","Only modified detected",22945000,22945000,"M_labyrinthea_quantified_raw.txt"
1511,"Mlaby_7048_AgSp1_rr_10","Mlaby_7048_AgSp1","Mlaby_7048_AgSp1_rr_10",12,34,94,"S","Ml_Updated_RM_Final_File.fasta","Mlaby_7048_AgSp1",1,"Phos","0.8701746021150568",2717400,2269450,"M_labyrinthea_quantified_raw.txt"
1511,"Mlaby_7048_AgSp1_rr_10","Mlaby_7048_AgSp1","Mlaby_7048_AgSp1_rr_10",12,34,94,"S","Ml_Updated_RM_Final_File.fasta","Mlaby_7048_AgSp1",3,"Phos","Only modified detected",1320500,1320500,"M_labyrinthea_quantified_raw.txt"
1586,"Mlaby_7048_AgSp1_rr_11","Mlaby_7048_AgSp1","Mlaby_7048_AgSp1_rr_11",13,22,94,"T","Ml_Updated_RM_Final_File.fasta","Mlaby_7048_AgSp1",7,"Hex","0.4390267463379145",24663000,5952300,"M_labyrinthea_quantified_raw.txt"
1586,"Mlaby_7048_AgSp1_rr_11","Mlaby_7048_AgSp1","Mlaby_7048_AgSp1_rr_11",13,22,94,"T","Ml_Updated_RM_Final_File.fasta","Mlaby_7048_AgSp1",9,"Hex","Cannot Determine",19961000,6003800,"M_labyrinthea_quantified_raw.txt"
1586,"Mlaby_7048_AgSp1_rr_11","Mlaby_7048_AgSp1","Mlaby_7048_AgSp1_rr_11",13,22,94,"T","Ml_Updated_RM_Final_File.fasta","Mlaby_7048_AgSp1",11,"Hex","Cannot Determine",19961000,6003800,"M_labyrinthea_quantified_raw.txt"
1699,"Mlaby_7048_AgSp1_rr_13","Mlaby_7048_AgSp1","Mlaby_7048_AgSp1_rr_13",15,46,94,"S","Ml_Updated_RM_Final_File.fasta","Mlaby_7048_AgSp1",9,"Hex","Only modified detected",13112000,13112000,"M_labyrinthea_quantified_raw.txt"
1699,"Mlaby_7048_AgSp1_rr_13","Mlaby_7048_AgSp1","Mlaby_7048_AgSp1_rr_13",15,46,94,"S","Ml_Updated_RM_Final_File.fasta","Mlaby_7048_AgSp1",11,"Hex","Only modified detected",13112000,13112000,"M_labyrinthea_quantified_raw.txt"
1700,"Mlaby_7048_AgSp1_rr_13","Mlaby_7048_AgSp1","Mlaby_7048_AgSp1_rr_13",15,47,94,"T","Ml_Updated_RM_Final_File.fasta","Mlaby_7048_AgSp1",9,"Hex","Only modified detected",13112000,13112000,"M_labyrinthea_quantified_raw.txt"
1700,"Mlaby_7048_AgSp1_rr_13","Mlaby_7048_AgSp1","Mlaby_7048_AgSp1_rr_13",15,47,94,"T","Ml_Updated_RM_Final_File.fasta","Mlaby_7048_AgSp1",11,"Hex","Only modified detected",13112000,13112000,"M_labyrinthea_quantified_raw.txt"
1705,"Mlaby_7048_AgSp1_rr_13","Mlaby_7048_AgSp1","Mlaby_7048_AgSp1_rr_13",15,52,94,"T","Ml_Updated_RM_Final_File.fasta","Mlaby_7048_AgSp1",9,"Hex","Only modified detected",13112000,13112000,"M_labyrinthea_quantified_raw.txt"
1705,"Mlaby_7048_AgSp1_rr_13","Mlaby_7048_AgSp1","Mlaby_7048_AgSp1_rr_13",15,52,94,"T","Ml_Updated_RM_Final_File.fasta","Mlaby_7048_AgSp1",11,"Hex","Only modified detected",13112000,13112000,"M_labyrinthea_quantified_raw.txt"
1857,"Mlaby_7048_AgSp1_rr_16","Mlaby_7048_AgSp1","Mlaby_7048_AgSp1_rr_16",18,9,94,"T","Ml_Updated_RM_Final_File.fasta","Mlaby_7048_AgSp1",7,"Hex","Only modified detected",12349000,12349000,"M_labyrinthea_quantified_raw.txt"
1857,"Mlaby_7048_AgSp1_rr_16","Mlaby_7048_AgSp1","Mlaby_7048_AgSp1_rr_16",18,9,94,"T","Ml_Updated_RM_Final_File.fasta","Mlaby_7048_AgSp1",9,"Hex","Only modified detected",9872900,9872900,"M_labyrinthea_quantified_raw.txt"
1857,"Mlaby_7048_AgSp1_rr_16","Mlaby_7048_AgSp1","Mlaby_7048_AgSp1_rr_16",18,9,94,"T","Ml_Updated_RM_Final_File.fasta","Mlaby_7048_AgSp1",11,"Hex","Only modified detected",9872900,9872900,"M_labyrinthea_quantified_raw.txt"
1896,"Mlaby_7048_AgSp1_rr_16","Mlaby_7048_AgSp1","Mlaby_7048_AgSp1_rr_16",18,48,94,"T","Ml_Updated_RM_Final_File.fasta","Mlaby_7048_AgSp1",7,"Hex","Only modified detected",5033500,5033500,"M_labyrinthea_quantified_raw.txt"
1896,"Mlaby_7048_AgSp1_rr_16","Mlaby_7048_AgSp1","Mlaby_7048_AgSp1_rr_16",18,48,94,"T","Ml_Updated_RM_Final_File.fasta","Mlaby_7048_AgSp1",9,"Hex","Only modified detected",4386700,4386700,"M_labyrinthea_quantified_raw.txt"
1896,"Mlaby_7048_AgSp1_rr_16","Mlaby_7048_AgSp1","Mlaby_7048_AgSp1_rr_16",18,48,94,"T","Ml_Updated_RM_Final_File.fasta","Mlaby_7048_AgSp1",11,"Hex","Only modified detected",4386700,4386700,"M_labyrinthea_quantified_raw.txt"
2073,"Mlaby_7048_AgSp1_glycine_rm1a_2","Mlaby_7048_AgSp1","Mlaby_7048_AgSp1_glycine_rm1a_2",21,67,147,"T","Ml_Updated_RM_Final_File.fasta","Mlaby_7048_AgSp1",7,"Hex","Only modified detected",15294000,8951350,"M_labyrinthea_quantified_raw.txt"
2073,"Mlaby_7048_AgSp1_glycine_rm1a_2","Mlaby_7048_AgSp1","Mlaby_7048_AgSp1_glycine_rm1a_2",21,67,147,"T","Ml_Updated_RM_Final_File.fasta","Mlaby_7048_AgSp1",9,"Hex","Only modified detected",12808000,7570400,"M_labyrinthea_quantified_raw.txt"
2073,"Mlaby_7048_AgSp1_glycine_rm1a_2","Mlaby_7048_AgSp1","Mlaby_7048_AgSp1_glycine_rm1a_2",21,67,147,"T","Ml_Updated_RM_Final_File.fasta","Mlaby_7048_AgSp1",11,"Hex","Only modified detected",12808000,7570400,"M_labyrinthea_quantified_raw.txt"
2074,"Mlaby_7048_AgSp1_glycine_rm1a_2","Mlaby_7048_AgSp1","Mlaby_7048_AgSp1_glycine_rm1a_2",21,68,147,"T","Ml_Updated_RM_Final_File.fasta","Mlaby_7048_AgSp1",7,"Hex","Only modified detected",15294000,8951350,"M_labyrinthea_quantified_raw.txt"
2074,"Mlaby_7048_AgSp1_glycine_rm1a_2","Mlaby_7048_AgSp1","Mlaby_7048_AgSp1_glycine_rm1a_2",21,68,147,"T","Ml_Updated_RM_Final_File.fasta","Mlaby_7048_AgSp1",9,"Hex","Only modified detected",12808000,7570400,"M_labyrinthea_quantified_raw.txt"
2074,"Mlaby_7048_AgSp1_glycine_rm1a_2","Mlaby_7048_AgSp1","Mlaby_7048_AgSp1_glycine_rm1a_2",21,68,147,"T","Ml_Updated_RM_Final_File.fasta","Mlaby_7048_AgSp1",11,"Hex","Only modified detected",12808000,7570400,"M_labyrinthea_quantified_raw.txt"
2697,"Mlaby_7048_AgSp1_tr_rm2_1","Mlaby_7048_AgSp1","Mlaby_7048_AgSp1_tr_rm2_1",28,14,52,"T","Ml_Updated_RM_Final_File.fasta","Mlaby_7048_AgSp1",7,"Hex","Cannot Determine",10591000,8933450,"M_labyrinthea_quantified_raw.txt"
2698,"Mlaby_7048_AgSp1_tr_rm2_1","Mlaby_7048_AgSp1","Mlaby_7048_AgSp1_tr_rm2_1",28,15,52,"T","Ml_Updated_RM_Final_File.fasta","Mlaby_7048_AgSp1",7,"Hex","Only modified detected",10591000,8933450,"M_labyrinthea_quantified_raw.txt"
2717,"Mlaby_7048_AgSp1_tr_rm2_1","Mlaby_7048_AgSp1","Mlaby_7048_AgSp1_tr_rm2_1",28,34,52,"T","Ml_Updated_RM_Final_File.fasta","Mlaby_7048_AgSp1",7,"Hex","Only modified detected",10591000,8933450,"M_labyrinthea_quantified_raw.txt"
2741,"Mlaby_7048_AgSp1_serine_rm1a_14","Mlaby_7048_AgSp1","Mlaby_7048_AgSp1_serine_rm1a_14",29,10,36,"T","Ml_Updated_RM_Final_File.fasta","Mlaby_7048_AgSp1",7,"Hex","Only modified detected",1102700,1102700,"M_labyrinthea_quantified_raw.txt"
2744,"Mlaby_7048_AgSp1_serine_rm1a_14","Mlaby_7048_AgSp1","Mlaby_7048_AgSp1_serine_rm1a_14",29,13,36,"S","Ml_Updated_RM_Final_File.fasta","Mlaby_7048_AgSp1",7,"Hex","Only modified detected",1102700,1102700,"M_labyrinthea_quantified_raw.txt"
2808,"Mlaby_7048_AgSp1_glycine_rm2a_21","Mlaby_7048_AgSp1","Mlaby_7048_AgSp1_glycine_rm2a_21",32,5,122,"T","Ml_Updated_RM_Final_File.fasta","Mlaby_7048_AgSp1",7,"Hex","Only modified detected",14748000,14748000,"M_labyrinthea_quantified_raw.txt"
2809,"Mlaby_7048_AgSp1_glycine_rm2a_21","Mlaby_7048_AgSp1","Mlaby_7048_AgSp1_glycine_rm2a_21",32,6,122,"T","Ml_Updated_RM_Final_File.fasta","Mlaby_7048_AgSp1",7,"Hex","Only modified detected",14748000,14748000,"M_labyrinthea_quantified_raw.txt"
2810,"Mlaby_7048_AgSp1_glycine_rm2a_21","Mlaby_7048_AgSp1","Mlaby_7048_AgSp1_glycine_rm2a_21",32,7,122,"T","Ml_Updated_RM_Final_File.fasta","Mlaby_7048_AgSp1",7,"Hex","Only modified detected",14748000,14748000,"M_labyrinthea_quantified_raw.txt"
2814,"Mlaby_7048_AgSp1_glycine_rm2a_21","Mlaby_7048_AgSp1","Mlaby_7048_AgSp1_glycine_rm2a_21",32,11,122,"T","Ml_Updated_RM_Final_File.fasta","Mlaby_7048_AgSp1",7,"Hex","Only modified detected",14748000,14748000,"M_labyrinthea_quantified_raw.txt"
753,"Ncruc_58532and13532_AgSp1_sy","Ncruc_58532and13532_AgSp1","Ncruc_58532and13532_AgSp1_sy",21,596,617,"S","Nc_Updated_RM_Final_File.fasta","Ncruc_58532and13532_AgSp1",1,"Phos","Only modified detected",207410000,45315000,"N_crucifera_quantified_raw.txt"
753,"Ncruc_58532and13532_AgSp1_sy","Ncruc_58532and13532_AgSp1","Ncruc_58532and13532_AgSp1_sy",21,596,617,"S","Nc_Updated_RM_Final_File.fasta","Ncruc_58532and13532_AgSp1",3,"Phos","Only modified detected",49249000,26560150,"N_crucifera_quantified_raw.txt"
753,"Ncruc_58532and13532_AgSp1_sy","Ncruc_58532and13532_AgSp1","Ncruc_58532and13532_AgSp1_sy",21,596,617,"S","Nc_Updated_RM_Final_File.fasta","Ncruc_58532and13532_AgSp1",5,"Phos","Only modified detected",35550000,19710650,"N_crucifera_quantified_raw.txt"
753,"Ncruc_58532and13532_AgSp1_sy","Ncruc_58532and13532_AgSp1","Ncruc_58532and13532_AgSp1_sy",21,596,617,"S","Nc_Updated_RM_Final_File.fasta","Ncruc_58532and13532_AgSp1",7,"Hex","Only modified detected",207410000,45315000,"N_crucifera_quantified_raw.txt"
753,"Ncruc_58532and13532_AgSp1_sy","Ncruc_58532and13532_AgSp1","Ncruc_58532and13532_AgSp1_sy",21,596,617,"S","Nc_Updated_RM_Final_File.fasta","Ncruc_58532and13532_AgSp1",9,"Hex","Only modified detected",49249000,26560150,"N_crucifera_quantified_raw.txt"
753,"Ncruc_58532and13532_AgSp1_sy","Ncruc_58532and13532_AgSp1","Ncruc_58532and13532_AgSp1_sy",21,596,617,"S","Nc_Updated_RM_Final_File.fasta","Ncruc_58532and13532_AgSp1",11,"Hex","Only modified detected",35550000,19710650,"N_crucifera_quantified_raw.txt"
777,"Ncruc_58532and13532_AgSp1_rr_1","Ncruc_58532and13532_AgSp1","Ncruc_58532and13532_AgSp1_rr_1",22,3,94,"S","Nc_Updated_RM_Final_File.fasta","Ncruc_58532and13532_AgSp1",1,"Phos","Cannot Determine",207410000,45315000,"N_crucifera_quantified_raw.txt"
777,"Ncruc_58532and13532_AgSp1_rr_1","Ncruc_58532and13532_AgSp1","Ncruc_58532and13532_AgSp1_rr_1",22,3,94,"S","Nc_Updated_RM_Final_File.fasta","Ncruc_58532and13532_AgSp1",3,"Phos","Only modified detected",49249000,26560150,"N_crucifera_quantified_raw.txt"
777,"Ncruc_58532and13532_AgSp1_rr_1","Ncruc_58532and13532_AgSp1","Ncruc_58532and13532_AgSp1_rr_1",22,3,94,"S","Nc_Updated_RM_Final_File.fasta","Ncruc_58532and13532_AgSp1",5,"Phos","Only modified detected",35550000,19710650,"N_crucifera_quantified_raw.txt"
777,"Ncruc_58532and13532_AgSp1_rr_1","Ncruc_58532and13532_AgSp1","Ncruc_58532and13532_AgSp1_rr_1",22,3,94,"S","Nc_Updated_RM_Final_File.fasta","Ncruc_58532and13532_AgSp1",7,"Hex","Cannot Determine",207410000,45315000,"N_crucifera_quantified_raw.txt"
777,"Ncruc_58532and13532_AgSp1_rr_1","Ncruc_58532and13532_AgSp1","Ncruc_58532and13532_AgSp1_rr_1",22,3,94,"S","Nc_Updated_RM_Final_File.fasta","Ncruc_58532and13532_AgSp1",9,"Hex","Only modified detected",49249000,26560150,"N_crucifera_quantified_raw.txt"
777,"Ncruc_58532and13532_AgSp1_rr_1","Ncruc_58532and13532_AgSp1","Ncruc_58532and13532_AgSp1_rr_1",22,3,94,"S","Nc_Updated_RM_Final_File.fasta","Ncruc_58532and13532_AgSp1",11,"Hex","Only modified detected",35550000,19710650,"N_crucifera_quantified_raw.txt"
778,"Ncruc_58532and13532_AgSp1_rr_1","Ncruc_58532and13532_AgSp1","Ncruc_58532and13532_AgSp1_rr_1",22,4,94,"T","Nc_Updated_RM_Final_File.fasta","Ncruc_58532and13532_AgSp1",7,"Hex","Cannot Determine",207410000,45315000,"N_crucifera_quantified_raw.txt"
799,"Ncruc_58532and13532_AgSp1_rr_1","Ncruc_58532and13532_AgSp1","Ncruc_58532and13532_AgSp1_rr_1",22,25,94,"S","Nc_Updated_RM_Final_File.fasta","Ncruc_58532and13532_AgSp1",3,"Phos","0.203490287050422",236610000,58901000,"N_crucifera_quantified_raw.txt"
799,"Ncruc_58532and13532_AgSp1_rr_1","Ncruc_58532and13532_AgSp1","Ncruc_58532and13532_AgSp1_rr_1",22,25,94,"S","Nc_Updated_RM_Final_File.fasta","Ncruc_58532and13532_AgSp1",5,"Phos","Cannot Determine",236610000,58901000,"N_crucifera_quantified_raw.txt"
802,"Ncruc_58532and13532_AgSp1_rr_1","Ncruc_58532and13532_AgSp1","Ncruc_58532and13532_AgSp1_rr_1",22,28,94,"S","Nc_Updated_RM_Final_File.fasta","Ncruc_58532and13532_AgSp1",1,"Phos","Only modified detected",14566000,13218000,"N_crucifera_quantified_raw.txt"
802,"Ncruc_58532and13532_AgSp1_rr_1","Ncruc_58532and13532_AgSp1","Ncruc_58532and13532_AgSp1_rr_1",22,28,94,"S","Nc_Updated_RM_Final_File.fasta","Ncruc_58532and13532_AgSp1",3,"Phos","Cannot Determine",29775000,24557500,"N_crucifera_quantified_raw.txt"
802,"Ncruc_58532and13532_AgSp1_rr_1","Ncruc_58532and13532_AgSp1","Ncruc_58532and13532_AgSp1_rr_1",22,28,94,"S","Nc_Updated_RM_Final_File.fasta","Ncruc_58532and13532_AgSp1",5,"Phos","Cannot Determine",29775000,24557500,"N_crucifera_quantified_raw.txt"
846,"Ncruc_58532and13532_AgSp1_rr_2","Ncruc_58532and13532_AgSp1","Ncruc_58532and13532_AgSp1_rr_2",23,24,94,"T","Nc_Updated_RM_Final_File.fasta","Ncruc_58532and13532_AgSp1",7,"Hex","Cannot Determine",178980000,7166700,"N_crucifera_quantified_raw.txt"
846,"Ncruc_58532and13532_AgSp1_rr_2","Ncruc_58532and13532_AgSp1","Ncruc_58532and13532_AgSp1_rr_2",23,24,94,"T","Nc_Updated_RM_Final_File.fasta","Ncruc_58532and13532_AgSp1",9,"Hex","Cannot Determine",268550000,10504700,"N_crucifera_quantified_raw.txt"
846,"Ncruc_58532and13532_AgSp1_rr_2","Ncruc_58532and13532_AgSp1","Ncruc_58532and13532_AgSp1_rr_2",23,24,94,"T","Nc_Updated_RM_Final_File.fasta","Ncruc_58532and13532_AgSp1",11,"Hex","Cannot Determine",268550000,10504700,"N_crucifera_quantified_raw.txt"
848,"Ncruc_58532and13532_AgSp1_rr_2","Ncruc_58532and13532_AgSp1","Ncruc_58532and13532_AgSp1_rr_2",23,26,94,"T","Nc_Updated_RM_Final_File.fasta","Ncruc_58532and13532_AgSp1",7,"Hex","Cannot Determine",178980000,7166700,"N_crucifera_quantified_raw.txt"
848,"Ncruc_58532and13532_AgSp1_rr_2","Ncruc_58532and13532_AgSp1","Ncruc_58532and13532_AgSp1_rr_2",23,26,94,"T","Nc_Updated_RM_Final_File.fasta","Ncruc_58532and13532_AgSp1",9,"Hex","Cannot Determine",268550000,10504700,"N_crucifera_quantified_raw.txt"
848,"Ncruc_58532and13532_AgSp1_rr_2","Ncruc_58532and13532_AgSp1","Ncruc_58532and13532_AgSp1_rr_2",23,26,94,"T","Nc_Updated_RM_Final_File.fasta","Ncruc_58532and13532_AgSp1",11,"Hex","Cannot Determine",268550000,10504700,"N_crucifera_quantified_raw.txt"
849,"Ncruc_58532and13532_AgSp1_rr_2","Ncruc_58532and13532_AgSp1","Ncruc_58532and13532_AgSp1_rr_2",23,27,94,"T","Nc_Updated_RM_Final_File.fasta","Ncruc_58532and13532_AgSp1",7,"Hex","Cannot Determine",178980000,7166700,"N_crucifera_quantified_raw.txt"
849,"Ncruc_58532and13532_AgSp1_rr_2","Ncruc_58532and13532_AgSp1","Ncruc_58532and13532_AgSp1_rr_2",23,27,94,"T","Nc_Updated_RM_Final_File.fasta","Ncruc_58532and13532_AgSp1",9,"Hex","Cannot Determine",268550000,10504700,"N_crucifera_quantified_raw.txt"
849,"Ncruc_58532and13532_AgSp1_rr_2","Ncruc_58532and13532_AgSp1","Ncruc_58532and13532_AgSp1_rr_2",23,27,94,"T","Nc_Updated_RM_Final_File.fasta","Ncruc_58532and13532_AgSp1",11,"Hex","Cannot Determine",268550000,10504700,"N_crucifera_quantified_raw.txt"
854,"Ncruc_58532and13532_AgSp1_rr_2","Ncruc_58532and13532_AgSp1","Ncruc_58532and13532_AgSp1_rr_2",23,32,94,"T","Nc_Updated_RM_Final_File.fasta","Ncruc_58532and13532_AgSp1",7,"Hex","Cannot Determine",178980000,7166700,"N_crucifera_quantified_raw.txt"
854,"Ncruc_58532and13532_AgSp1_rr_2","Ncruc_58532and13532_AgSp1","Ncruc_58532and13532_AgSp1_rr_2",23,32,94,"T","Nc_Updated_RM_Final_File.fasta","Ncruc_58532and13532_AgSp1",9,"Hex","Cannot Determine",268550000,10504700,"N_crucifera_quantified_raw.txt"
854,"Ncruc_58532and13532_AgSp1_rr_2","Ncruc_58532and13532_AgSp1","Ncruc_58532and13532_AgSp1_rr_2",23,32,94,"T","Nc_Updated_RM_Final_File.fasta","Ncruc_58532and13532_AgSp1",11,"Hex","Cannot Determine",268550000,10504700,"N_crucifera_quantified_raw.txt"
872,"Ncruc_58532and13532_AgSp1_rr_2","Ncruc_58532and13532_AgSp1","Ncruc_58532and13532_AgSp1_rr_2",23,50,94,"T","Nc_Updated_RM_Final_File.fasta","Ncruc_58532and13532_AgSp1",7,"Hex","Cannot Determine",46197000,15783000,"N_crucifera_quantified_raw.txt"
872,"Ncruc_58532and13532_AgSp1_rr_2","Ncruc_58532and13532_AgSp1","Ncruc_58532and13532_AgSp1_rr_2",23,50,94,"T","Nc_Updated_RM_Final_File.fasta","Ncruc_58532and13532_AgSp1",9,"Hex","Only modified detected",32673000,24223500,"N_crucifera_quantified_raw.txt"
872,"Ncruc_58532and13532_AgSp1_rr_2","Ncruc_58532and13532_AgSp1","Ncruc_58532and13532_AgSp1_rr_2",23,50,94,"T","Nc_Updated_RM_Final_File.fasta","Ncruc_58532and13532_AgSp1",11,"Hex","Only modified detected",32673000,24223500,"N_crucifera_quantified_raw.txt"
875,"Ncruc_58532and13532_AgSp1_rr_2","Ncruc_58532and13532_AgSp1","Ncruc_58532and13532_AgSp1_rr_2",23,53,94,"T","Nc_Updated_RM_Final_File.fasta","Ncruc_58532and13532_AgSp1",7,"Hex","Cannot Determine",46197000,15783000,"N_crucifera_quantified_raw.txt"
875,"Ncruc_58532and13532_AgSp1_rr_2","Ncruc_58532and13532_AgSp1","Ncruc_58532and13532_AgSp1_rr_2",23,53,94,"T","Nc_Updated_RM_Final_File.fasta","Ncruc_58532and13532_AgSp1",9,"Hex","Cannot Determine",32673000,24223500,"N_crucifera_quantified_raw.txt"
875,"Ncruc_58532and13532_AgSp1_rr_2","Ncruc_58532and13532_AgSp1","Ncruc_58532and13532_AgSp1_rr_2",23,53,94,"T","Nc_Updated_RM_Final_File.fasta","Ncruc_58532and13532_AgSp1",11,"Hex","0.9290975568436319",32673000,24223500,"N_crucifera_quantified_raw.txt"
877,"Ncruc_58532and13532_AgSp1_rr_2","Ncruc_58532and13532_AgSp1","Ncruc_58532and13532_AgSp1_rr_2",23,55,94,"T","Nc_Updated_RM_Final_File.fasta","Ncruc_58532and13532_AgSp1",7,"Hex","Cannot Determine",46197000,15783000,"N_crucifera_quantified_raw.txt"
877,"Ncruc_58532and13532_AgSp1_rr_2","Ncruc_58532and13532_AgSp1","Ncruc_58532and13532_AgSp1_rr_2",23,55,94,"T","Nc_Updated_RM_Final_File.fasta","Ncruc_58532and13532_AgSp1",9,"Hex","Cannot Determine",32673000,24223500,"N_crucifera_quantified_raw.txt"
877,"Ncruc_58532and13532_AgSp1_rr_2","Ncruc_58532and13532_AgSp1","Ncruc_58532and13532_AgSp1_rr_2",23,55,94,"T","Nc_Updated_RM_Final_File.fasta","Ncruc_58532and13532_AgSp1",11,"Hex","0.07090244315636807",32673000,24223500,"N_crucifera_quantified_raw.txt"
894,"Ncruc_58532and13532_AgSp1_rr_3","Ncruc_58532and13532_AgSp1","Ncruc_58532and13532_AgSp1_rr_3",24,4,94,"T","Nc_Updated_RM_Final_File.fasta","Ncruc_58532and13532_AgSp1",7,"Hex","Only modified detected",94489000,38621000,"N_crucifera_quantified_raw.txt"
894,"Ncruc_58532and13532_AgSp1_rr_3","Ncruc_58532and13532_AgSp1","Ncruc_58532and13532_AgSp1_rr_3",24,4,94,"T","Nc_Updated_RM_Final_File.fasta","Ncruc_58532and13532_AgSp1",9,"Hex","Only modified detected",158440000,60387000,"N_crucifera_quantified_raw.txt"
894,"Ncruc_58532and13532_AgSp1_rr_3","Ncruc_58532and13532_AgSp1","Ncruc_58532and13532_AgSp1_rr_3",24,4,94,"T","Nc_Updated_RM_Final_File.fasta","Ncruc_58532and13532_AgSp1",11,"Hex","Only modified detected",158440000,60387000,"N_crucifera_quantified_raw.txt"
899,"Ncruc_58532and13532_AgSp1_rr_3","Ncruc_58532and13532_AgSp1","Ncruc_58532and13532_AgSp1_rr_3",24,9,94,"T","Nc_Updated_RM_Final_File.fasta","Ncruc_58532and13532_AgSp1",7,"Hex","Only modified detected",94489000,38621000,"N_crucifera_quantified_raw.txt"
899,"Ncruc_58532and13532_AgSp1_rr_3","Ncruc_58532and13532_AgSp1","Ncruc_58532and13532_AgSp1_rr_3",24,9,94,"T","Nc_Updated_RM_Final_File.fasta","Ncruc_58532and13532_AgSp1",9,"Hex","Only modified detected",158440000,60387000,"N_crucifera_quantified_raw.txt"
899,"Ncruc_58532and13532_AgSp1_rr_3","Ncruc_58532and13532_AgSp1","Ncruc_58532and13532_AgSp1_rr_3",24,9,94,"T","Nc_Updated_RM_Final_File.fasta","Ncruc_58532and13532_AgSp1",11,"Hex","Only modified detected",158440000,60387000,"N_crucifera_quantified_raw.txt"
915,"Ncruc_58532and13532_AgSp1_rr_3","Ncruc_58532and13532_AgSp1","Ncruc_58532and13532_AgSp1_rr_3",24,25,94,"T","Nc_Updated_RM_Final_File.fasta","Ncruc_58532and13532_AgSp1",7,"Hex","Cannot Determine",51541000,45931000,"N_crucifera_quantified_raw.txt"
915,"Ncruc_58532and13532_AgSp1_rr_3","Ncruc_58532and13532_AgSp1","Ncruc_58532and13532_AgSp1_rr_3",24,25,94,"T","Nc_Updated_RM_Final_File.fasta","Ncruc_58532and13532_AgSp1",9,"Hex","Cannot Determine",132500000,85132000,"N_crucifera_quantified_raw.txt"
915,"Ncruc_58532and13532_AgSp1_rr_3","Ncruc_58532and13532_AgSp1","Ncruc_58532and13532_AgSp1_rr_3",24,25,94,"T","Nc_Updated_RM_Final_File.fasta","Ncruc_58532and13532_AgSp1",11,"Hex","Cannot Determine",132500000,26639000,"N_crucifera_quantified_raw.txt"
922,"Ncruc_58532and13532_AgSp1_rr_3","Ncruc_58532and13532_AgSp1","Ncruc_58532and13532_AgSp1_rr_3",24,32,94,"S","Nc_Updated_RM_Final_File.fasta","Ncruc_58532and13532_AgSp1",7,"Hex","Cannot Determine",51541000,29136500,"N_crucifera_quantified_raw.txt"
922,"Ncruc_58532and13532_AgSp1_rr_3","Ncruc_58532and13532_AgSp1","Ncruc_58532and13532_AgSp1_rr_3",24,32,94,"S","Nc_Updated_RM_Final_File.fasta","Ncruc_58532and13532_AgSp1",9,"Hex","Cannot Determine",132500000,127240000,"N_crucifera_quantified_raw.txt"
922,"Ncruc_58532and13532_AgSp1_rr_3","Ncruc_58532and13532_AgSp1","Ncruc_58532and13532_AgSp1_rr_3",24,32,94,"S","Nc_Updated_RM_Final_File.fasta","Ncruc_58532and13532_AgSp1",11,"Hex","Cannot Determine",132500000,26639000,"N_crucifera_quantified_raw.txt"
923,"Ncruc_58532and13532_AgSp1_rr_3","Ncruc_58532and13532_AgSp1","Ncruc_58532and13532_AgSp1_rr_3",24,33,94,"T","Nc_Updated_RM_Final_File.fasta","Ncruc_58532and13532_AgSp1",7,"Hex","Cannot Determine",51541000,29136500,"N_crucifera_quantified_raw.txt"
923,"Ncruc_58532and13532_AgSp1_rr_3","Ncruc_58532and13532_AgSp1","Ncruc_58532and13532_AgSp1_rr_3",24,33,94,"T","Nc_Updated_RM_Final_File.fasta","Ncruc_58532and13532_AgSp1",9,"Hex","Cannot Determine",132500000,127240000,"N_crucifera_quantified_raw.txt"
923,"Ncruc_58532and13532_AgSp1_rr_3","Ncruc_58532and13532_AgSp1","Ncruc_58532and13532_AgSp1_rr_3",24,33,94,"T","Nc_Updated_RM_Final_File.fasta","Ncruc_58532and13532_AgSp1",11,"Hex","Cannot Determine",132500000,26639000,"N_crucifera_quantified_raw.txt"
940,"Ncruc_58532and13532_AgSp1_rr_3","Ncruc_58532and13532_AgSp1","Ncruc_58532and13532_AgSp1_rr_3",24,50,94,"T","Nc_Updated_RM_Final_File.fasta","Ncruc_58532and13532_AgSp1",7,"Hex","Cannot Determine",182580000,18948000,"N_crucifera_quantified_raw.txt"
940,"Ncruc_58532and13532_AgSp1_rr_3","Ncruc_58532and13532_AgSp1","Ncruc_58532and13532_AgSp1_rr_3",24,50,94,"T","Nc_Updated_RM_Final_File.fasta","Ncruc_58532and13532_AgSp1",9,"Hex","Cannot Determine",242920000,20316500,"N_crucifera_quantified_raw.txt"
940,"Ncruc_58532and13532_AgSp1_rr_3","Ncruc_58532and13532_AgSp1","Ncruc_58532and13532_AgSp1_rr_3",24,50,94,"T","Nc_Updated_RM_Final_File.fasta","Ncruc_58532and13532_AgSp1",11,"Hex","Cannot Determine",242920000,19298000,"N_crucifera_quantified_raw.txt"
945,"Ncruc_58532and13532_AgSp1_rr_3","Ncruc_58532and13532_AgSp1","Ncruc_58532and13532_AgSp1_rr_3",24,55,94,"T","Nc_Updated_RM_Final_File.fasta","Ncruc_58532and13532_AgSp1",7,"Hex","Cannot Determine",182580000,18948000,"N_crucifera_quantified_raw.txt"
945,"Ncruc_58532and13532_AgSp1_rr_3","Ncruc_58532and13532_AgSp1","Ncruc_58532and13532_AgSp1_rr_3",24,55,94,"T","Nc_Updated_RM_Final_File.fasta","Ncruc_58532and13532_AgSp1",9,"Hex","0.9761449046754525",242920000,20316500,"N_crucifera_quantified_raw.txt"
945,"Ncruc_58532and13532_AgSp1_rr_3","Ncruc_58532and13532_AgSp1","Ncruc_58532and13532_AgSp1_rr_3",24,55,94,"T","Nc_Updated_RM_Final_File.fasta","Ncruc_58532and13532_AgSp1",11,"Hex","Cannot Determine",242920000,19298000,"N_crucifera_quantified_raw.txt"
1003,"Ncruc_58532and13532_AgSp1_rr_4","Ncruc_58532and13532_AgSp1","Ncruc_58532and13532_AgSp1_rr_4",25,22,94,"T","Nc_Updated_RM_Final_File.fasta","Ncruc_58532and13532_AgSp1",7,"Hex","0.9963482969736416",42692000,13637000,"N_crucifera_quantified_raw.txt"
1003,"Ncruc_58532and13532_AgSp1_rr_4","Ncruc_58532and13532_AgSp1","Ncruc_58532and13532_AgSp1_rr_4",25,22,94,"T","Nc_Updated_RM_Final_File.fasta","Ncruc_58532and13532_AgSp1",9,"Hex","Only modified detected",59364000,37713000,"N_crucifera_quantified_raw.txt"
1003,"Ncruc_58532and13532_AgSp1_rr_4","Ncruc_58532and13532_AgSp1","Ncruc_58532and13532_AgSp1_rr_4",25,22,94,"T","Nc_Updated_RM_Final_File.fasta","Ncruc_58532and13532_AgSp1",11,"Hex","Only modified detected",59364000,37713000,"N_crucifera_quantified_raw.txt"
1091,"Ncruc_58532and13532_AgSp1_rr_5","Ncruc_58532and13532_AgSp1","Ncruc_58532and13532_AgSp1_rr_5",26,22,94,"T","Nc_Updated_RM_Final_File.fasta","Ncruc_58532and13532_AgSp1",7,"Hex","0.9949633879075429",230160000,154805000,"N_crucifera_quantified_raw.txt"
1091,"Ncruc_58532and13532_AgSp1_rr_5","Ncruc_58532and13532_AgSp1","Ncruc_58532and13532_AgSp1_rr_5",26,22,94,"T","Nc_Updated_RM_Final_File.fasta","Ncruc_58532and13532_AgSp1",9,"Hex","0.957720968023487",319690000,317530000,"N_crucifera_quantified_raw.txt"
1091,"Ncruc_58532and13532_AgSp1_rr_5","Ncruc_58532and13532_AgSp1","Ncruc_58532and13532_AgSp1_rr_5",26,22,94,"T","Nc_Updated_RM_Final_File.fasta","Ncruc_58532and13532_AgSp1",11,"Hex","0.9515226856959257",319690000,220850000,"N_crucifera_quantified_raw.txt"
1115,"Ncruc_58532and13532_AgSp1_rr_5","Ncruc_58532and13532_AgSp1","Ncruc_58532and13532_AgSp1_rr_5",26,46,94,"S","Nc_Updated_RM_Final_File.fasta","Ncruc_58532and13532_AgSp1",7,"Hex","Cannot Determine",81146000,14559000,"N_crucifera_quantified_raw.txt"
1115,"Ncruc_58532and13532_AgSp1_rr_5","Ncruc_58532and13532_AgSp1","Ncruc_58532and13532_AgSp1_rr_5",26,46,94,"S","Nc_Updated_RM_Final_File.fasta","Ncruc_58532and13532_AgSp1",9,"Hex","Cannot Determine",109780000,15320500,"N_crucifera_quantified_raw.txt"
1115,"Ncruc_58532and13532_AgSp1_rr_5","Ncruc_58532and13532_AgSp1","Ncruc_58532and13532_AgSp1_rr_5",26,46,94,"S","Nc_Updated_RM_Final_File.fasta","Ncruc_58532and13532_AgSp1",11,"Hex","Cannot Determine",109780000,15320500,"N_crucifera_quantified_raw.txt"
1116,"Ncruc_58532and13532_AgSp1_rr_5","Ncruc_58532and13532_AgSp1","Ncruc_58532and13532_AgSp1_rr_5",26,47,94,"T","Nc_Updated_RM_Final_File.fasta","Ncruc_58532and13532_AgSp1",7,"Hex","Cannot Determine",81146000,14559000,"N_crucifera_quantified_raw.txt"
1116,"Ncruc_58532and13532_AgSp1_rr_5","Ncruc_58532and13532_AgSp1","Ncruc_58532and13532_AgSp1_rr_5",26,47,94,"T","Nc_Updated_RM_Final_File.fasta","Ncruc_58532and13532_AgSp1",9,"Hex","Only modified detected",109780000,15320500,"N_crucifera_quantified_raw.txt"
1116,"Ncruc_58532and13532_AgSp1_rr_5","Ncruc_58532and13532_AgSp1","Ncruc_58532and13532_AgSp1_rr_5",26,47,94,"T","Nc_Updated_RM_Final_File.fasta","Ncruc_58532and13532_AgSp1",11,"Hex","Only modified detected",109780000,15320500,"N_crucifera_quantified_raw.txt"
1119,"Ncruc_58532and13532_AgSp1_rr_5","Ncruc_58532and13532_AgSp1","Ncruc_58532and13532_AgSp1_rr_5",26,50,94,"T","Nc_Updated_RM_Final_File.fasta","Ncruc_58532and13532_AgSp1",7,"Hex","Only modified detected",81146000,14559000,"N_crucifera_quantified_raw.txt"
1119,"Ncruc_58532and13532_AgSp1_rr_5","Ncruc_58532and13532_AgSp1","Ncruc_58532and13532_AgSp1_rr_5",26,50,94,"T","Nc_Updated_RM_Final_File.fasta","Ncruc_58532and13532_AgSp1",9,"Hex","Cannot Determine",109780000,15320500,"N_crucifera_quantified_raw.txt"
1119,"Ncruc_58532and13532_AgSp1_rr_5","Ncruc_58532and13532_AgSp1","Ncruc_58532and13532_AgSp1_rr_5",26,50,94,"T","Nc_Updated_RM_Final_File.fasta","Ncruc_58532and13532_AgSp1",11,"Hex","0.34045174020945485",109780000,15320500,"N_crucifera_quantified_raw.txt"
1121,"Ncruc_58532and13532_AgSp1_rr_5","Ncruc_58532and13532_AgSp1","Ncruc_58532and13532_AgSp1_rr_5",26,52,94,"T","Nc_Updated_RM_Final_File.fasta","Ncruc_58532and13532_AgSp1",9,"Hex","Cannot Determine",109780000,15320500,"N_crucifera_quantified_raw.txt"
1121,"Ncruc_58532and13532_AgSp1_rr_5","Ncruc_58532and13532_AgSp1","Ncruc_58532and13532_AgSp1_rr_5",26,52,94,"T","Nc_Updated_RM_Final_File.fasta","Ncruc_58532and13532_AgSp1",11,"Hex","Cannot Determine",109780000,15320500,"N_crucifera_quantified_raw.txt"
1160,"Ncruc_58532and13532_AgSp1_rr_6","Ncruc_58532and13532_AgSp1","Ncruc_58532and13532_AgSp1_rr_6",27,3,94,"T","Nc_Updated_RM_Final_File.fasta","Ncruc_58532and13532_AgSp1",7,"Hex","Only modified detected",26018000,26018000,"N_crucifera_quantified_raw.txt"
1160,"Ncruc_58532and13532_AgSp1_rr_6","Ncruc_58532and13532_AgSp1","Ncruc_58532and13532_AgSp1_rr_6",27,3,94,"T","Nc_Updated_RM_Final_File.fasta","Ncruc_58532and13532_AgSp1",9,"Hex","Cannot Determine",19675000,12685200,"N_crucifera_quantified_raw.txt"
1160,"Ncruc_58532and13532_AgSp1_rr_6","Ncruc_58532and13532_AgSp1","Ncruc_58532and13532_AgSp1_rr_6",27,3,94,"T","Nc_Updated_RM_Final_File.fasta","Ncruc_58532and13532_AgSp1",11,"Hex","Cannot Determine",19675000,12685200,"N_crucifera_quantified_raw.txt"
1161,"Ncruc_58532and13532_AgSp1_rr_6","Ncruc_58532and13532_AgSp1","Ncruc_58532and13532_AgSp1_rr_6",27,4,94,"T","Nc_Updated_RM_Final_File.fasta","Ncruc_58532and13532_AgSp1",9,"Hex","Cannot Determine",19675000,12685200,"N_crucifera_quantified_raw.txt"
1161,"Ncruc_58532and13532_AgSp1_rr_6","Ncruc_58532and13532_AgSp1","Ncruc_58532and13532_AgSp1_rr_6",27,4,94,"T","Nc_Updated_RM_Final_File.fasta","Ncruc_58532and13532_AgSp1",11,"Hex","Cannot Determine",19675000,12685200,"N_crucifera_quantified_raw.txt"
1164,"Ncruc_58532and13532_AgSp1_rr_6","Ncruc_58532and13532_AgSp1","Ncruc_58532and13532_AgSp1_rr_6",27,7,94,"T","Nc_Updated_RM_Final_File.fasta","Ncruc_58532and13532_AgSp1",7,"Hex","Only modified detected",26018000,26018000,"N_crucifera_quantified_raw.txt"
1164,"Ncruc_58532and13532_AgSp1_rr_6","Ncruc_58532and13532_AgSp1","Ncruc_58532and13532_AgSp1_rr_6",27,7,94,"T","Nc_Updated_RM_Final_File.fasta","Ncruc_58532and13532_AgSp1",9,"Hex","Only modified detected",19675000,12685200,"N_crucifera_quantified_raw.txt"
1164,"Ncruc_58532and13532_AgSp1_rr_6","Ncruc_58532and13532_AgSp1","Ncruc_58532and13532_AgSp1_rr_6",27,7,94,"T","Nc_Updated_RM_Final_File.fasta","Ncruc_58532and13532_AgSp1",11,"Hex","Only modified detected",19675000,12685200,"N_crucifera_quantified_raw.txt"
1166,"Ncruc_58532and13532_AgSp1_rr_6","Ncruc_58532and13532_AgSp1","Ncruc_58532and13532_AgSp1_rr_6",27,9,94,"T","Nc_Updated_RM_Final_File.fasta","Ncruc_58532and13532_AgSp1",7,"Hex","Only modified detected",26018000,26018000,"N_crucifera_quantified_raw.txt"
1166,"Ncruc_58532and13532_AgSp1_rr_6","Ncruc_58532and13532_AgSp1","Ncruc_58532and13532_AgSp1_rr_6",27,9,94,"T","Nc_Updated_RM_Final_File.fasta","Ncruc_58532and13532_AgSp1",9,"Hex","Only modified detected",19675000,12685200,"N_crucifera_quantified_raw.txt"
1166,"Ncruc_58532and13532_AgSp1_rr_6","Ncruc_58532and13532_AgSp1","Ncruc_58532and13532_AgSp1_rr_6",27,9,94,"T","Nc_Updated_RM_Final_File.fasta","Ncruc_58532and13532_AgSp1",11,"Hex","Only modified detected",19675000,12685200,"N_crucifera_quantified_raw.txt"
1179,"Ncruc_58532and13532_AgSp1_rr_6","Ncruc_58532and13532_AgSp1","Ncruc_58532and13532_AgSp1_rr_6",27,22,94,"T","Nc_Updated_RM_Final_File.fasta","Ncruc_58532and13532_AgSp1",7,"Hex","0.9846043644956578",287940000,26176000,"N_crucifera_quantified_raw.txt"
1179,"Ncruc_58532and13532_AgSp1_rr_6","Ncruc_58532and13532_AgSp1","Ncruc_58532and13532_AgSp1_rr_6",27,22,94,"T","Nc_Updated_RM_Final_File.fasta","Ncruc_58532and13532_AgSp1",9,"Hex","0.7421296622448543",444040000,43252000,"N_crucifera_quantified_raw.txt"
1179,"Ncruc_58532and13532_AgSp1_rr_6","Ncruc_58532and13532_AgSp1","Ncruc_58532and13532_AgSp1_rr_6",27,22,94,"T","Nc_Updated_RM_Final_File.fasta","Ncruc_58532and13532_AgSp1",11,"Hex","0.7042817010676132",444040000,43252000,"N_crucifera_quantified_raw.txt"
1185,"Ncruc_58532and13532_AgSp1_rr_6","Ncruc_58532and13532_AgSp1","Ncruc_58532and13532_AgSp1_rr_6",27,28,94,"T","Nc_Updated_RM_Final_File.fasta","Ncruc_58532and13532_AgSp1",9,"Hex","0.49907684645414",444040000,43252000,"N_crucifera_quantified_raw.txt"
1185,"Ncruc_58532and13532_AgSp1_rr_6","Ncruc_58532and13532_AgSp1","Ncruc_58532and13532_AgSp1_rr_6",27,28,94,"T","Nc_Updated_RM_Final_File.fasta","Ncruc_58532and13532_AgSp1",11,"Hex","0.4224703721275772",444040000,43252000,"N_crucifera_quantified_raw.txt"
1204,"Ncruc_58532and13532_AgSp1_rr_7","Ncruc_58532and13532_AgSp1","Ncruc_58532and13532_AgSp1_rr_7",28,4,94,"T","Nc_Updated_RM_Final_File.fasta","Ncruc_58532and13532_AgSp1",7,"Hex","Only modified detected",41428000,38090500,"N_crucifera_quantified_raw.txt"
1204,"Ncruc_58532and13532_AgSp1_rr_7","Ncruc_58532and13532_AgSp1","Ncruc_58532and13532_AgSp1_rr_7",28,4,94,"T","Nc_Updated_RM_Final_File.fasta","Ncruc_58532and13532_AgSp1",9,"Hex","Only modified detected",71314000,66296500,"N_crucifera_quantified_raw.txt"
1204,"Ncruc_58532and13532_AgSp1_rr_7","Ncruc_58532and13532_AgSp1","Ncruc_58532and13532_AgSp1_rr_7",28,4,94,"T","Nc_Updated_RM_Final_File.fasta","Ncruc_58532and13532_AgSp1",11,"Hex","Only modified detected",71314000,66296500,"N_crucifera_quantified_raw.txt"
1207,"Ncruc_58532and13532_AgSp1_rr_7","Ncruc_58532and13532_AgSp1","Ncruc_58532and13532_AgSp1_rr_7",28,7,94,"T","Nc_Updated_RM_Final_File.fasta","Ncruc_58532and13532_AgSp1",7,"Hex","Only modified detected",41428000,38090500,"N_crucifera_quantified_raw.txt"
1207,"Ncruc_58532and13532_AgSp1_rr_7","Ncruc_58532and13532_AgSp1","Ncruc_58532and13532_AgSp1_rr_7",28,7,94,"T","Nc_Updated_RM_Final_File.fasta","Ncruc_58532and13532_AgSp1",9,"Hex","Only modified detected",71314000,66296500,"N_crucifera_quantified_raw.txt"
1207,"Ncruc_58532and13532_AgSp1_rr_7","Ncruc_58532and13532_AgSp1","Ncruc_58532and13532_AgSp1_rr_7",28,7,94,"T","Nc_Updated_RM_Final_File.fasta","Ncruc_58532and13532_AgSp1",11,"Hex","Only modified detected",71314000,66296500,"N_crucifera_quantified_raw.txt"
1209,"Ncruc_58532and13532_AgSp1_rr_7","Ncruc_58532and13532_AgSp1","Ncruc_58532and13532_AgSp1_rr_7",28,9,94,"T","Nc_Updated_RM_Final_File.fasta","Ncruc_58532and13532_AgSp1",7,"Hex","Only modified detected",41428000,38090500,"N_crucifera_quantified_raw.txt"
1209,"Ncruc_58532and13532_AgSp1_rr_7","Ncruc_58532and13532_AgSp1","Ncruc_58532and13532_AgSp1_rr_7",28,9,94,"T","Nc_Updated_RM_Final_File.fasta","Ncruc_58532and13532_AgSp1",9,"Hex","Only modified detected",71314000,66296500,"N_crucifera_quantified_raw.txt"
1209,"Ncruc_58532and13532_AgSp1_rr_7","Ncruc_58532and13532_AgSp1","Ncruc_58532and13532_AgSp1_rr_7",28,9,94,"T","Nc_Updated_RM_Final_File.fasta","Ncruc_58532and13532_AgSp1",11,"Hex","Only modified detected",71314000,66296500,"N_crucifera_quantified_raw.txt"
1226,"Ncruc_58532and13532_AgSp1_rr_7","Ncruc_58532and13532_AgSp1","Ncruc_58532and13532_AgSp1_rr_7",28,26,94,"T","Nc_Updated_RM_Final_File.fasta","Ncruc_58532and13532_AgSp1",7,"Hex","0.8994751709430363",112990000,58525900,"N_crucifera_quantified_raw.txt"
1226,"Ncruc_58532and13532_AgSp1_rr_7","Ncruc_58532and13532_AgSp1","Ncruc_58532and13532_AgSp1_rr_7",28,26,94,"T","Nc_Updated_RM_Final_File.fasta","Ncruc_58532and13532_AgSp1",9,"Hex","Only modified detected",103800000,103800000,"N_crucifera_quantified_raw.txt"
1226,"Ncruc_58532and13532_AgSp1_rr_7","Ncruc_58532and13532_AgSp1","Ncruc_58532and13532_AgSp1_rr_7",28,26,94,"T","Nc_Updated_RM_Final_File.fasta","Ncruc_58532and13532_AgSp1",11,"Hex","Only modified detected",103800000,103800000,"N_crucifera_quantified_raw.txt"
1227,"Ncruc_58532and13532_AgSp1_rr_7","Ncruc_58532and13532_AgSp1","Ncruc_58532and13532_AgSp1_rr_7",28,27,94,"T","Nc_Updated_RM_Final_File.fasta","Ncruc_58532and13532_AgSp1",7,"Hex","0.8994751709430363",112990000,58525900,"N_crucifera_quantified_raw.txt"
1227,"Ncruc_58532and13532_AgSp1_rr_7","Ncruc_58532and13532_AgSp1","Ncruc_58532and13532_AgSp1_rr_7",28,27,94,"T","Nc_Updated_RM_Final_File.fasta","Ncruc_58532and13532_AgSp1",9,"Hex","Only modified detected",103800000,103800000,"N_crucifera_quantified_raw.txt"
1227,"Ncruc_58532and13532_AgSp1_rr_7","Ncruc_58532and13532_AgSp1","Ncruc_58532and13532_AgSp1_rr_7",28,27,94,"T","Nc_Updated_RM_Final_File.fasta","Ncruc_58532and13532_AgSp1",11,"Hex","Only modified detected",103800000,103800000,"N_crucifera_quantified_raw.txt"
1337,"Ncruc_58532and13532_AgSp1_rr_9","Ncruc_58532and13532_AgSp1","Ncruc_58532and13532_AgSp1_rr_9",30,24,94,"T","Nc_Updated_RM_Final_File.fasta","Ncruc_58532and13532_AgSp1",7,"Hex","0.8161456395874969",94773000,18170000,"N_crucifera_quantified_raw.txt"
1337,"Ncruc_58532and13532_AgSp1_rr_9","Ncruc_58532and13532_AgSp1","Ncruc_58532and13532_AgSp1_rr_9",30,24,94,"T","Nc_Updated_RM_Final_File.fasta","Ncruc_58532and13532_AgSp1",9,"Hex","Only modified detected",8967200,6560800,"N_crucifera_quantified_raw.txt"
1337,"Ncruc_58532and13532_AgSp1_rr_9","Ncruc_58532and13532_AgSp1","Ncruc_58532and13532_AgSp1_rr_9",30,24,94,"T","Nc_Updated_RM_Final_File.fasta","Ncruc_58532and13532_AgSp1",11,"Hex","Cannot Determine",8967200,4154400,"N_crucifera_quantified_raw.txt"
1338,"Ncruc_58532and13532_AgSp1_rr_9","Ncruc_58532and13532_AgSp1","Ncruc_58532and13532_AgSp1_rr_9",30,25,94,"T","Nc_Updated_RM_Final_File.fasta","Ncruc_58532and13532_AgSp1",7,"Hex","0.8161456395874969",94773000,18170000,"N_crucifera_quantified_raw.txt"
1360,"Ncruc_58532and13532_AgSp1_rr_9","Ncruc_58532and13532_AgSp1","Ncruc_58532and13532_AgSp1_rr_9",30,47,94,"T","Nc_Updated_RM_Final_File.fasta","Ncruc_58532and13532_AgSp1",7,"Hex","Cannot Determine",568520000,76573000,"N_crucifera_quantified_raw.txt"
1360,"Ncruc_58532and13532_AgSp1_rr_9","Ncruc_58532and13532_AgSp1","Ncruc_58532and13532_AgSp1_rr_9",30,47,94,"T","Nc_Updated_RM_Final_File.fasta","Ncruc_58532and13532_AgSp1",9,"Hex","0.7965982460558383",429090000,100804000,"N_crucifera_quantified_raw.txt"
1360,"Ncruc_58532and13532_AgSp1_rr_9","Ncruc_58532and13532_AgSp1","Ncruc_58532and13532_AgSp1_rr_9",30,47,94,"T","Nc_Updated_RM_Final_File.fasta","Ncruc_58532and13532_AgSp1",11,"Hex","Cannot Determine",429090000,100804000,"N_crucifera_quantified_raw.txt"
1363,"Ncruc_58532and13532_AgSp1_rr_9","Ncruc_58532and13532_AgSp1","Ncruc_58532and13532_AgSp1_rr_9",30,50,94,"T","Nc_Updated_RM_Final_File.fasta","Ncruc_58532and13532_AgSp1",7,"Hex","0.772753456023509",568520000,76573000,"N_crucifera_quantified_raw.txt"
1363,"Ncruc_58532and13532_AgSp1_rr_9","Ncruc_58532and13532_AgSp1","Ncruc_58532and13532_AgSp1_rr_9",30,50,94,"T","Nc_Updated_RM_Final_File.fasta","Ncruc_58532and13532_AgSp1",9,"Hex","0.20340175394416174",429090000,100804000,"N_crucifera_quantified_raw.txt"
1363,"Ncruc_58532and13532_AgSp1_rr_9","Ncruc_58532and13532_AgSp1","Ncruc_58532and13532_AgSp1_rr_9",30,50,94,"T","Nc_Updated_RM_Final_File.fasta","Ncruc_58532and13532_AgSp1",11,"Hex","Cannot Determine",429090000,100804000,"N_crucifera_quantified_raw.txt"
1365,"Ncruc_58532and13532_AgSp1_rr_9","Ncruc_58532and13532_AgSp1","Ncruc_58532and13532_AgSp1_rr_9",30,52,94,"T","Nc_Updated_RM_Final_File.fasta","Ncruc_58532and13532_AgSp1",7,"Hex","0.6821785403075381",568520000,76573000,"N_crucifera_quantified_raw.txt"
1365,"Ncruc_58532and13532_AgSp1_rr_9","Ncruc_58532and13532_AgSp1","Ncruc_58532and13532_AgSp1_rr_9",30,52,94,"T","Nc_Updated_RM_Final_File.fasta","Ncruc_58532and13532_AgSp1",9,"Hex","0.5537234247025542",429090000,100804000,"N_crucifera_quantified_raw.txt"
1365,"Ncruc_58532and13532_AgSp1_rr_9","Ncruc_58532and13532_AgSp1","Ncruc_58532and13532_AgSp1_rr_9",30,52,94,"T","Nc_Updated_RM_Final_File.fasta","Ncruc_58532and13532_AgSp1",11,"Hex","Cannot Determine",429090000,100804000,"N_crucifera_quantified_raw.txt"
1383,"Ncruc_58532and13532_AgSp1_rr_9","Ncruc_58532and13532_AgSp1","Ncruc_58532and13532_AgSp1_rr_9",30,70,94,"T","Nc_Updated_RM_Final_File.fasta","Ncruc_58532and13532_AgSp1",7,"Hex","Only modified detected",425410000,27130000,"N_crucifera_quantified_raw.txt"
1383,"Ncruc_58532and13532_AgSp1_rr_9","Ncruc_58532and13532_AgSp1","Ncruc_58532and13532_AgSp1_rr_9",30,70,94,"T","Nc_Updated_RM_Final_File.fasta","Ncruc_58532and13532_AgSp1",9,"Hex","Only modified detected",609490000,39032500,"N_crucifera_quantified_raw.txt"
1383,"Ncruc_58532and13532_AgSp1_rr_9","Ncruc_58532and13532_AgSp1","Ncruc_58532and13532_AgSp1_rr_9",30,70,94,"T","Nc_Updated_RM_Final_File.fasta","Ncruc_58532and13532_AgSp1",11,"Hex","Only modified detected",609490000,39032500,"N_crucifera_quantified_raw.txt"
1404,"Ncruc_58532and13532_AgSp1_rr_10","Ncruc_58532and13532_AgSp1","Ncruc_58532and13532_AgSp1_rr_10",31,3,94,"T","Nc_Updated_RM_Final_File.fasta","Ncruc_58532and13532_AgSp1",9,"Hex","Only modified detected",124800000,94677500,"N_crucifera_quantified_raw.txt"
1404,"Ncruc_58532and13532_AgSp1_rr_10","Ncruc_58532and13532_AgSp1","Ncruc_58532and13532_AgSp1_rr_10",31,3,94,"T","Nc_Updated_RM_Final_File.fasta","Ncruc_58532and13532_AgSp1",11,"Hex","Only modified detected",124800000,94677500,"N_crucifera_quantified_raw.txt"
1405,"Ncruc_58532and13532_AgSp1_rr_10","Ncruc_58532and13532_AgSp1","Ncruc_58532and13532_AgSp1_rr_10",31,4,94,"T","Nc_Updated_RM_Final_File.fasta","Ncruc_58532and13532_AgSp1",9,"Hex","Only modified detected",124800000,94677500,"N_crucifera_quantified_raw.txt"
1405,"Ncruc_58532and13532_AgSp1_rr_10","Ncruc_58532and13532_AgSp1","Ncruc_58532and13532_AgSp1_rr_10",31,4,94,"T","Nc_Updated_RM_Final_File.fasta","Ncruc_58532and13532_AgSp1",11,"Hex","Only modified detected",124800000,94677500,"N_crucifera_quantified_raw.txt"
1410,"Ncruc_58532and13532_AgSp1_rr_10","Ncruc_58532and13532_AgSp1","Ncruc_58532and13532_AgSp1_rr_10",31,9,94,"T","Nc_Updated_RM_Final_File.fasta","Ncruc_58532and13532_AgSp1",9,"Hex","Only modified detected",124800000,94677500,"N_crucifera_quantified_raw.txt"
1410,"Ncruc_58532and13532_AgSp1_rr_10","Ncruc_58532and13532_AgSp1","Ncruc_58532and13532_AgSp1_rr_10",31,9,94,"T","Nc_Updated_RM_Final_File.fasta","Ncruc_58532and13532_AgSp1",11,"Hex","Only modified detected",124800000,94677500,"N_crucifera_quantified_raw.txt"
1423,"Ncruc_58532and13532_AgSp1_rr_10","Ncruc_58532and13532_AgSp1","Ncruc_58532and13532_AgSp1_rr_10",31,22,94,"T","Nc_Updated_RM_Final_File.fasta","Ncruc_58532and13532_AgSp1",7,"Hex","Cannot Determine",2212300000,211600000,"N_crucifera_quantified_raw.txt"
1423,"Ncruc_58532and13532_AgSp1_rr_10","Ncruc_58532and13532_AgSp1","Ncruc_58532and13532_AgSp1_rr_10",31,22,94,"T","Nc_Updated_RM_Final_File.fasta","Ncruc_58532and13532_AgSp1",9,"Hex","Cannot Determine",2622800000,53359000,"N_crucifera_quantified_raw.txt"
1423,"Ncruc_58532and13532_AgSp1_rr_10","Ncruc_58532and13532_AgSp1","Ncruc_58532and13532_AgSp1_rr_10",31,22,94,"T","Nc_Updated_RM_Final_File.fasta","Ncruc_58532and13532_AgSp1",11,"Hex","Cannot Determine",2622800000,53359000,"N_crucifera_quantified_raw.txt"
1435,"Ncruc_58532and13532_AgSp1_rr_10","Ncruc_58532and13532_AgSp1","Ncruc_58532and13532_AgSp1_rr_10",31,34,94,"S","Nc_Updated_RM_Final_File.fasta","Ncruc_58532and13532_AgSp1",1,"Phos","Only modified detected",10115000,10115000,"N_crucifera_quantified_raw.txt"
1435,"Ncruc_58532and13532_AgSp1_rr_10","Ncruc_58532and13532_AgSp1","Ncruc_58532and13532_AgSp1_rr_10",31,34,94,"S","Nc_Updated_RM_Final_File.fasta","Ncruc_58532and13532_AgSp1",3,"Phos","Only modified detected",14552000,12347500,"N_crucifera_quantified_raw.txt"
1435,"Ncruc_58532and13532_AgSp1_rr_10","Ncruc_58532and13532_AgSp1","Ncruc_58532and13532_AgSp1_rr_10",31,34,94,"S","Nc_Updated_RM_Final_File.fasta","Ncruc_58532and13532_AgSp1",5,"Phos","Only modified detected",14552000,12347500,"N_crucifera_quantified_raw.txt"
1491,"Ncruc_58532and13532_AgSp1_rr_11","Ncruc_58532and13532_AgSp1","Ncruc_58532and13532_AgSp1_rr_11",32,3,94,"T","Nc_Updated_RM_Final_File.fasta","Ncruc_58532and13532_AgSp1",9,"Hex","Only modified detected",2187500,2187500,"N_crucifera_quantified_raw.txt"
1491,"Ncruc_58532and13532_AgSp1_rr_11","Ncruc_58532and13532_AgSp1","Ncruc_58532and13532_AgSp1_rr_11",32,3,94,"T","Nc_Updated_RM_Final_File.fasta","Ncruc_58532and13532_AgSp1",11,"Hex","Only modified detected",2187500,2187500,"N_crucifera_quantified_raw.txt"
1492,"Ncruc_58532and13532_AgSp1_rr_11","Ncruc_58532and13532_AgSp1","Ncruc_58532and13532_AgSp1_rr_11",32,4,94,"T","Nc_Updated_RM_Final_File.fasta","Ncruc_58532and13532_AgSp1",9,"Hex","Only modified detected",2187500,2187500,"N_crucifera_quantified_raw.txt"
1492,"Ncruc_58532and13532_AgSp1_rr_11","Ncruc_58532and13532_AgSp1","Ncruc_58532and13532_AgSp1_rr_11",32,4,94,"T","Nc_Updated_RM_Final_File.fasta","Ncruc_58532and13532_AgSp1",11,"Hex","Only modified detected",2187500,2187500,"N_crucifera_quantified_raw.txt"
1497,"Ncruc_58532and13532_AgSp1_rr_11","Ncruc_58532and13532_AgSp1","Ncruc_58532and13532_AgSp1_rr_11",32,9,94,"T","Nc_Updated_RM_Final_File.fasta","Ncruc_58532and13532_AgSp1",9,"Hex","Only modified detected",2187500,2187500,"N_crucifera_quantified_raw.txt"
1497,"Ncruc_58532and13532_AgSp1_rr_11","Ncruc_58532and13532_AgSp1","Ncruc_58532and13532_AgSp1_rr_11",32,9,94,"T","Nc_Updated_RM_Final_File.fasta","Ncruc_58532and13532_AgSp1",11,"Hex","Only modified detected",2187500,2187500,"N_crucifera_quantified_raw.txt"
1510,"Ncruc_58532and13532_AgSp1_rr_11","Ncruc_58532and13532_AgSp1","Ncruc_58532and13532_AgSp1_rr_11",32,22,94,"T","Nc_Updated_RM_Final_File.fasta","Ncruc_58532and13532_AgSp1",7,"Hex","Cannot Determine",175320000,11975000,"N_crucifera_quantified_raw.txt"
1510,"Ncruc_58532and13532_AgSp1_rr_11","Ncruc_58532and13532_AgSp1","Ncruc_58532and13532_AgSp1_rr_11",32,22,94,"T","Nc_Updated_RM_Final_File.fasta","Ncruc_58532and13532_AgSp1",9,"Hex","Cannot Determine",242890000,14610000,"N_crucifera_quantified_raw.txt"
1510,"Ncruc_58532and13532_AgSp1_rr_11","Ncruc_58532and13532_AgSp1","Ncruc_58532and13532_AgSp1_rr_11",32,22,94,"T","Nc_Updated_RM_Final_File.fasta","Ncruc_58532and13532_AgSp1",11,"Hex","Cannot Determine",242890000,14610000,"N_crucifera_quantified_raw.txt"
1623,"Ncruc_58532and13532_AgSp1_rr_13","Ncruc_58532and13532_AgSp1","Ncruc_58532and13532_AgSp1_rr_13",34,46,94,"S","Nc_Updated_RM_Final_File.fasta","Ncruc_58532and13532_AgSp1",7,"Hex","Only modified detected",24618000,24618000,"N_crucifera_quantified_raw.txt"
1623,"Ncruc_58532and13532_AgSp1_rr_13","Ncruc_58532and13532_AgSp1","Ncruc_58532and13532_AgSp1_rr_13",34,46,94,"S","Nc_Updated_RM_Final_File.fasta","Ncruc_58532and13532_AgSp1",9,"Hex","Only modified detected",16796000,16796000,"N_crucifera_quantified_raw.txt"
1623,"Ncruc_58532and13532_AgSp1_rr_13","Ncruc_58532and13532_AgSp1","Ncruc_58532and13532_AgSp1_rr_13",34,46,94,"S","Nc_Updated_RM_Final_File.fasta","Ncruc_58532and13532_AgSp1",11,"Hex","Only modified detected",16796000,16796000,"N_crucifera_quantified_raw.txt"
1624,"Ncruc_58532and13532_AgSp1_rr_13","Ncruc_58532and13532_AgSp1","Ncruc_58532and13532_AgSp1_rr_13",34,47,94,"T","Nc_Updated_RM_Final_File.fasta","Ncruc_58532and13532_AgSp1",7,"Hex","Only modified detected",24618000,24618000,"N_crucifera_quantified_raw.txt"
1624,"Ncruc_58532and13532_AgSp1_rr_13","Ncruc_58532and13532_AgSp1","Ncruc_58532and13532_AgSp1_rr_13",34,47,94,"T","Nc_Updated_RM_Final_File.fasta","Ncruc_58532and13532_AgSp1",9,"Hex","Only modified detected",16796000,16796000,"N_crucifera_quantified_raw.txt"
1624,"Ncruc_58532and13532_AgSp1_rr_13","Ncruc_58532and13532_AgSp1","Ncruc_58532and13532_AgSp1_rr_13",34,47,94,"T","Nc_Updated_RM_Final_File.fasta","Ncruc_58532and13532_AgSp1",11,"Hex","Only modified detected",16796000,16796000,"N_crucifera_quantified_raw.txt"
1629,"Ncruc_58532and13532_AgSp1_rr_13","Ncruc_58532and13532_AgSp1","Ncruc_58532and13532_AgSp1_rr_13",34,52,94,"T","Nc_Updated_RM_Final_File.fasta","Ncruc_58532and13532_AgSp1",7,"Hex","Only modified detected",24618000,24618000,"N_crucifera_quantified_raw.txt"
1629,"Ncruc_58532and13532_AgSp1_rr_13","Ncruc_58532and13532_AgSp1","Ncruc_58532and13532_AgSp1_rr_13",34,52,94,"T","Nc_Updated_RM_Final_File.fasta","Ncruc_58532and13532_AgSp1",9,"Hex","Only modified detected",16796000,16796000,"N_crucifera_quantified_raw.txt"
1629,"Ncruc_58532and13532_AgSp1_rr_13","Ncruc_58532and13532_AgSp1","Ncruc_58532and13532_AgSp1_rr_13",34,52,94,"T","Nc_Updated_RM_Final_File.fasta","Ncruc_58532and13532_AgSp1",11,"Hex","Only modified detected",16796000,16796000,"N_crucifera_quantified_raw.txt"
1692,"Ncruc_58532and13532_AgSp1_rr_14","Ncruc_58532and13532_AgSp1","Ncruc_58532and13532_AgSp1_rr_14",35,26,94,"T","Nc_Updated_RM_Final_File.fasta","Ncruc_58532and13532_AgSp1",7,"Hex","Only modified detected",15941000,15941000,"N_crucifera_quantified_raw.txt"
1693,"Ncruc_58532and13532_AgSp1_rr_14","Ncruc_58532and13532_AgSp1","Ncruc_58532and13532_AgSp1_rr_14",35,27,94,"T","Nc_Updated_RM_Final_File.fasta","Ncruc_58532and13532_AgSp1",7,"Hex","Only modified detected",15941000,15941000,"N_crucifera_quantified_raw.txt"
1693,"Ncruc_58532and13532_AgSp1_rr_14","Ncruc_58532and13532_AgSp1","Ncruc_58532and13532_AgSp1_rr_14",35,27,94,"T","Nc_Updated_RM_Final_File.fasta","Ncruc_58532and13532_AgSp1",9,"Hex","Cannot Determine",19958000,12271550,"N_crucifera_quantified_raw.txt"
1693,"Ncruc_58532and13532_AgSp1_rr_14","Ncruc_58532and13532_AgSp1","Ncruc_58532and13532_AgSp1_rr_14",35,27,94,"T","Nc_Updated_RM_Final_File.fasta","Ncruc_58532and13532_AgSp1",11,"Hex","Cannot Determine",19958000,12271550,"N_crucifera_quantified_raw.txt"
1694,"Ncruc_58532and13532_AgSp1_rr_14","Ncruc_58532and13532_AgSp1","Ncruc_58532and13532_AgSp1_rr_14",35,28,94,"T","Nc_Updated_RM_Final_File.fasta","Ncruc_58532and13532_AgSp1",7,"Hex","Only modified detected",15941000,15941000,"N_crucifera_quantified_raw.txt"
1694,"Ncruc_58532and13532_AgSp1_rr_14","Ncruc_58532and13532_AgSp1","Ncruc_58532and13532_AgSp1_rr_14",35,28,94,"T","Nc_Updated_RM_Final_File.fasta","Ncruc_58532and13532_AgSp1",9,"Hex","Only modified detected",19958000,12271550,"N_crucifera_quantified_raw.txt"
1694,"Ncruc_58532and13532_AgSp1_rr_14","Ncruc_58532and13532_AgSp1","Ncruc_58532and13532_AgSp1_rr_14",35,28,94,"T","Nc_Updated_RM_Final_File.fasta","Ncruc_58532and13532_AgSp1",11,"Hex","Only modified detected",19958000,12271550,"N_crucifera_quantified_raw.txt"
1699,"Ncruc_58532and13532_AgSp1_rr_14","Ncruc_58532and13532_AgSp1","Ncruc_58532and13532_AgSp1_rr_14",35,33,94,"S","Nc_Updated_RM_Final_File.fasta","Ncruc_58532and13532_AgSp1",7,"Hex","Cannot Determine",16001000,7468000,"N_crucifera_quantified_raw.txt"
1699,"Ncruc_58532and13532_AgSp1_rr_14","Ncruc_58532and13532_AgSp1","Ncruc_58532and13532_AgSp1_rr_14",35,33,94,"S","Nc_Updated_RM_Final_File.fasta","Ncruc_58532and13532_AgSp1",9,"Hex","Cannot Determine",19958000,6448800,"N_crucifera_quantified_raw.txt"
1699,"Ncruc_58532and13532_AgSp1_rr_14","Ncruc_58532and13532_AgSp1","Ncruc_58532and13532_AgSp1_rr_14",35,33,94,"S","Nc_Updated_RM_Final_File.fasta","Ncruc_58532and13532_AgSp1",11,"Hex","Cannot Determine",19958000,6448800,"N_crucifera_quantified_raw.txt"
1706,"Ncruc_58532and13532_AgSp1_rr_14","Ncruc_58532and13532_AgSp1","Ncruc_58532and13532_AgSp1_rr_14",35,40,94,"S","Nc_Updated_RM_Final_File.fasta","Ncruc_58532and13532_AgSp1",7,"Hex","Cannot Determine",16001000,7468000,"N_crucifera_quantified_raw.txt"
1707,"Ncruc_58532and13532_AgSp1_rr_14","Ncruc_58532and13532_AgSp1","Ncruc_58532and13532_AgSp1_rr_14",35,41,94,"T","Nc_Updated_RM_Final_File.fasta","Ncruc_58532and13532_AgSp1",7,"Hex","Cannot Determine",16001000,7468000,"N_crucifera_quantified_raw.txt"
1707,"Ncruc_58532and13532_AgSp1_rr_14","Ncruc_58532and13532_AgSp1","Ncruc_58532and13532_AgSp1_rr_14",35,41,94,"T","Nc_Updated_RM_Final_File.fasta","Ncruc_58532and13532_AgSp1",9,"Hex","Cannot Determine",19958000,6448800,"N_crucifera_quantified_raw.txt"
1707,"Ncruc_58532and13532_AgSp1_rr_14","Ncruc_58532and13532_AgSp1","Ncruc_58532and13532_AgSp1_rr_14",35,41,94,"T","Nc_Updated_RM_Final_File.fasta","Ncruc_58532and13532_AgSp1",11,"Hex","Cannot Determine",19958000,6448800,"N_crucifera_quantified_raw.txt"
1711,"Ncruc_58532and13532_AgSp1_rr_14","Ncruc_58532and13532_AgSp1","Ncruc_58532and13532_AgSp1_rr_14",35,45,94,"T","Nc_Updated_RM_Final_File.fasta","Ncruc_58532and13532_AgSp1",1,"Phos","0.8880879244996657",14129000,4990150,"N_crucifera_quantified_raw.txt"
1711,"Ncruc_58532and13532_AgSp1_rr_14","Ncruc_58532and13532_AgSp1","Ncruc_58532and13532_AgSp1_rr_14",35,45,94,"T","Nc_Updated_RM_Final_File.fasta","Ncruc_58532and13532_AgSp1",3,"Phos","Cannot Determine",23152000,5885800,"N_crucifera_quantified_raw.txt"
1711,"Ncruc_58532and13532_AgSp1_rr_14","Ncruc_58532and13532_AgSp1","Ncruc_58532and13532_AgSp1_rr_14",35,45,94,"T","Nc_Updated_RM_Final_File.fasta","Ncruc_58532and13532_AgSp1",5,"Phos","Cannot Determine",23152000,5885800,"N_crucifera_quantified_raw.txt"
1730,"Ncruc_58532and13532_AgSp1_rr_15","Ncruc_58532and13532_AgSp1","Ncruc_58532and13532_AgSp1_rr_15",36,3,94,"T","Nc_Updated_RM_Final_File.fasta","Ncruc_58532and13532_AgSp1",7,"Hex","Cannot Determine",272220000,19641500,"N_crucifera_quantified_raw.txt"
1730,"Ncruc_58532and13532_AgSp1_rr_15","Ncruc_58532and13532_AgSp1","Ncruc_58532and13532_AgSp1_rr_15",36,3,94,"T","Nc_Updated_RM_Final_File.fasta","Ncruc_58532and13532_AgSp1",9,"Hex","Cannot Determine",394730000,25842000,"N_crucifera_quantified_raw.txt"
1730,"Ncruc_58532and13532_AgSp1_rr_15","Ncruc_58532and13532_AgSp1","Ncruc_58532and13532_AgSp1_rr_15",36,3,94,"T","Nc_Updated_RM_Final_File.fasta","Ncruc_58532and13532_AgSp1",11,"Hex","Cannot Determine",394730000,25842000,"N_crucifera_quantified_raw.txt"
1731,"Ncruc_58532and13532_AgSp1_rr_15","Ncruc_58532and13532_AgSp1","Ncruc_58532and13532_AgSp1_rr_15",36,4,94,"T","Nc_Updated_RM_Final_File.fasta","Ncruc_58532and13532_AgSp1",7,"Hex","0.9670479311138879",272220000,19641500,"N_crucifera_quantified_raw.txt"
1731,"Ncruc_58532and13532_AgSp1_rr_15","Ncruc_58532and13532_AgSp1","Ncruc_58532and13532_AgSp1_rr_15",36,4,94,"T","Nc_Updated_RM_Final_File.fasta","Ncruc_58532and13532_AgSp1",9,"Hex","0.7689523001840018",394730000,25842000,"N_crucifera_quantified_raw.txt"
1731,"Ncruc_58532and13532_AgSp1_rr_15","Ncruc_58532and13532_AgSp1","Ncruc_58532and13532_AgSp1_rr_15",36,4,94,"T","Nc_Updated_RM_Final_File.fasta","Ncruc_58532and13532_AgSp1",11,"Hex","0.6014072024823044",394730000,25842000,"N_crucifera_quantified_raw.txt"
1736,"Ncruc_58532and13532_AgSp1_rr_15","Ncruc_58532and13532_AgSp1","Ncruc_58532and13532_AgSp1_rr_15",36,9,94,"T","Nc_Updated_RM_Final_File.fasta","Ncruc_58532and13532_AgSp1",7,"Hex","Cannot Determine",272220000,19641500,"N_crucifera_quantified_raw.txt"
1736,"Ncruc_58532and13532_AgSp1_rr_15","Ncruc_58532and13532_AgSp1","Ncruc_58532and13532_AgSp1_rr_15",36,9,94,"T","Nc_Updated_RM_Final_File.fasta","Ncruc_58532and13532_AgSp1",9,"Hex","Cannot Determine",394730000,25842000,"N_crucifera_quantified_raw.txt"
1736,"Ncruc_58532and13532_AgSp1_rr_15","Ncruc_58532and13532_AgSp1","Ncruc_58532and13532_AgSp1_rr_15",36,9,94,"T","Nc_Updated_RM_Final_File.fasta","Ncruc_58532and13532_AgSp1",11,"Hex","Cannot Determine",394730000,25842000,"N_crucifera_quantified_raw.txt"
1781,"Ncruc_58532and13532_AgSp1_rr_16","Ncruc_58532and13532_AgSp1","Ncruc_58532and13532_AgSp1_rr_16",37,9,94,"T","Nc_Updated_RM_Final_File.fasta","Ncruc_58532and13532_AgSp1",7,"Hex","Only modified detected",17891000,17891000,"N_crucifera_quantified_raw.txt"
1781,"Ncruc_58532and13532_AgSp1_rr_16","Ncruc_58532and13532_AgSp1","Ncruc_58532and13532_AgSp1_rr_16",37,9,94,"T","Nc_Updated_RM_Final_File.fasta","Ncruc_58532and13532_AgSp1",9,"Hex","Only modified detected",12299000,12299000,"N_crucifera_quantified_raw.txt"
1781,"Ncruc_58532and13532_AgSp1_rr_16","Ncruc_58532and13532_AgSp1","Ncruc_58532and13532_AgSp1_rr_16",37,9,94,"T","Nc_Updated_RM_Final_File.fasta","Ncruc_58532and13532_AgSp1",11,"Hex","Only modified detected",12299000,12299000,"N_crucifera_quantified_raw.txt"
1915,"Ncruc_58532and13532_AgSp1_glycine_rm_1","Ncruc_58532and13532_AgSp1","Ncruc_58532and13532_AgSp1_glycine_rm_1",38,67,120,"T","Nc_Updated_RM_Final_File.fasta","Ncruc_58532and13532_AgSp1",7,"Hex","Cannot Determine",690260000,9053250,"N_crucifera_quantified_raw.txt"
1915,"Ncruc_58532and13532_AgSp1_glycine_rm_1","Ncruc_58532and13532_AgSp1","Ncruc_58532and13532_AgSp1_glycine_rm_1",38,67,120,"T","Nc_Updated_RM_Final_File.fasta","Ncruc_58532and13532_AgSp1",9,"Hex","Cannot Determine",1132600000,10112800,"N_crucifera_quantified_raw.txt"
1915,"Ncruc_58532and13532_AgSp1_glycine_rm_1","Ncruc_58532and13532_AgSp1","Ncruc_58532and13532_AgSp1_glycine_rm_1",38,67,120,"T","Nc_Updated_RM_Final_File.fasta","Ncruc_58532and13532_AgSp1",11,"Hex","Cannot Determine",1132600000,10112800,"N_crucifera_quantified_raw.txt"
1916,"Ncruc_58532and13532_AgSp1_glycine_rm_1","Ncruc_58532and13532_AgSp1","Ncruc_58532and13532_AgSp1_glycine_rm_1",38,68,120,"T","Nc_Updated_RM_Final_File.fasta","Ncruc_58532and13532_AgSp1",7,"Hex","Cannot Determine",690260000,9053250,"N_crucifera_quantified_raw.txt"
1916,"Ncruc_58532and13532_AgSp1_glycine_rm_1","Ncruc_58532and13532_AgSp1","Ncruc_58532and13532_AgSp1_glycine_rm_1",38,68,120,"T","Nc_Updated_RM_Final_File.fasta","Ncruc_58532and13532_AgSp1",9,"Hex","Cannot Determine",1132600000,10112800,"N_crucifera_quantified_raw.txt"
1916,"Ncruc_58532and13532_AgSp1_glycine_rm_1","Ncruc_58532and13532_AgSp1","Ncruc_58532and13532_AgSp1_glycine_rm_1",38,68,120,"T","Nc_Updated_RM_Final_File.fasta","Ncruc_58532and13532_AgSp1",11,"Hex","Cannot Determine",1132600000,10112800,"N_crucifera_quantified_raw.txt"
1929,"Ncruc_58532and13532_AgSp1_glycine_rm_1","Ncruc_58532and13532_AgSp1","Ncruc_58532and13532_AgSp1_glycine_rm_1",38,81,120,"T","Nc_Updated_RM_Final_File.fasta","Ncruc_58532and13532_AgSp1",7,"Hex","0.25738359621438744",82204000,17996000,"N_crucifera_quantified_raw.txt"
1929,"Ncruc_58532and13532_AgSp1_glycine_rm_1","Ncruc_58532and13532_AgSp1","Ncruc_58532and13532_AgSp1_glycine_rm_1",38,81,120,"T","Nc_Updated_RM_Final_File.fasta","Ncruc_58532and13532_AgSp1",9,"Hex","Cannot Determine",118570000,27753000,"N_crucifera_quantified_raw.txt"
1929,"Ncruc_58532and13532_AgSp1_glycine_rm_1","Ncruc_58532and13532_AgSp1","Ncruc_58532and13532_AgSp1_glycine_rm_1",38,81,120,"T","Nc_Updated_RM_Final_File.fasta","Ncruc_58532and13532_AgSp1",11,"Hex","Cannot Determine",118570000,27753000,"N_crucifera_quantified_raw.txt"
1932,"Ncruc_58532and13532_AgSp1_glycine_rm_1","Ncruc_58532and13532_AgSp1","Ncruc_58532and13532_AgSp1_glycine_rm_1",38,84,120,"T","Nc_Updated_RM_Final_File.fasta","Ncruc_58532and13532_AgSp1",7,"Hex","Only modified detected",82204000,17996000,"N_crucifera_quantified_raw.txt"
1932,"Ncruc_58532and13532_AgSp1_glycine_rm_1","Ncruc_58532and13532_AgSp1","Ncruc_58532and13532_AgSp1_glycine_rm_1",38,84,120,"T","Nc_Updated_RM_Final_File.fasta","Ncruc_58532and13532_AgSp1",9,"Hex","Only modified detected",118570000,27753000,"N_crucifera_quantified_raw.txt"
1932,"Ncruc_58532and13532_AgSp1_glycine_rm_1","Ncruc_58532and13532_AgSp1","Ncruc_58532and13532_AgSp1_glycine_rm_1",38,84,120,"T","Nc_Updated_RM_Final_File.fasta","Ncruc_58532and13532_AgSp1",11,"Hex","Only modified detected",118570000,27753000,"N_crucifera_quantified_raw.txt"
1933,"Ncruc_58532and13532_AgSp1_glycine_rm_1","Ncruc_58532and13532_AgSp1","Ncruc_58532and13532_AgSp1_glycine_rm_1",38,85,120,"T","Nc_Updated_RM_Final_File.fasta","Ncruc_58532and13532_AgSp1",7,"Hex","0.2870449593275314",82204000,17996000,"N_crucifera_quantified_raw.txt"
1933,"Ncruc_58532and13532_AgSp1_glycine_rm_1","Ncruc_58532and13532_AgSp1","Ncruc_58532and13532_AgSp1_glycine_rm_1",38,85,120,"T","Nc_Updated_RM_Final_File.fasta","Ncruc_58532and13532_AgSp1",9,"Hex","Cannot Determine",118570000,27753000,"N_crucifera_quantified_raw.txt"
1933,"Ncruc_58532and13532_AgSp1_glycine_rm_1","Ncruc_58532and13532_AgSp1","Ncruc_58532and13532_AgSp1_glycine_rm_1",38,85,120,"T","Nc_Updated_RM_Final_File.fasta","Ncruc_58532and13532_AgSp1",11,"Hex","Cannot Determine",118570000,27753000,"N_crucifera_quantified_raw.txt"
1935,"Ncruc_58532and13532_AgSp1_glycine_rm_1","Ncruc_58532and13532_AgSp1","Ncruc_58532and13532_AgSp1_glycine_rm_1",38,87,120,"T","Nc_Updated_RM_Final_File.fasta","Ncruc_58532and13532_AgSp1",7,"Hex","Cannot Determine",82204000,17996000,"N_crucifera_quantified_raw.txt"
1935,"Ncruc_58532and13532_AgSp1_glycine_rm_1","Ncruc_58532and13532_AgSp1","Ncruc_58532and13532_AgSp1_glycine_rm_1",38,87,120,"T","Nc_Updated_RM_Final_File.fasta","Ncruc_58532and13532_AgSp1",9,"Hex","Only modified detected",118570000,27753000,"N_crucifera_quantified_raw.txt"
1935,"Ncruc_58532and13532_AgSp1_glycine_rm_1","Ncruc_58532and13532_AgSp1","Ncruc_58532and13532_AgSp1_glycine_rm_1",38,87,120,"T","Nc_Updated_RM_Final_File.fasta","Ncruc_58532and13532_AgSp1",11,"Hex","Only modified detected",118570000,27753000,"N_crucifera_quantified_raw.txt"
2557,"Ncruc_58532and13532_AgSp1_serine_rm_88","Ncruc_58532and13532_AgSp1","Ncruc_58532and13532_AgSp1_serine_rm_88",45,54,120,"T","Nc_Updated_RM_Final_File.fasta","Ncruc_58532and13532_AgSp1",7,"Hex","0.44641798621058565",102490000,46499000,"N_crucifera_quantified_raw.txt"
2557,"Ncruc_58532and13532_AgSp1_serine_rm_88","Ncruc_58532and13532_AgSp1","Ncruc_58532and13532_AgSp1_serine_rm_88",45,54,120,"T","Nc_Updated_RM_Final_File.fasta","Ncruc_58532and13532_AgSp1",9,"Hex","Cannot Determine",80243000,32055000,"N_crucifera_quantified_raw.txt"
2557,"Ncruc_58532and13532_AgSp1_serine_rm_88","Ncruc_58532and13532_AgSp1","Ncruc_58532and13532_AgSp1_serine_rm_88",45,54,120,"T","Nc_Updated_RM_Final_File.fasta","Ncruc_58532and13532_AgSp1",11,"Hex","Cannot Determine",80243000,32055000,"N_crucifera_quantified_raw.txt"
2559,"Ncruc_58532and13532_AgSp1_serine_rm_88","Ncruc_58532and13532_AgSp1","Ncruc_58532and13532_AgSp1_serine_rm_88",45,56,120,"S","Nc_Updated_RM_Final_File.fasta","Ncruc_58532and13532_AgSp1",7,"Hex","0.5535820137894144",102490000,46499000,"N_crucifera_quantified_raw.txt"
2562,"Ncruc_58532and13532_AgSp1_serine_rm_88","Ncruc_58532and13532_AgSp1","Ncruc_58532and13532_AgSp1_serine_rm_88",45,59,120,"S","Nc_Updated_RM_Final_File.fasta","Ncruc_58532and13532_AgSp1",9,"Hex","Cannot Determine",80243000,32055000,"N_crucifera_quantified_raw.txt"
2562,"Ncruc_58532and13532_AgSp1_serine_rm_88","Ncruc_58532and13532_AgSp1","Ncruc_58532and13532_AgSp1_serine_rm_88",45,59,120,"S","Nc_Updated_RM_Final_File.fasta","Ncruc_58532and13532_AgSp1",11,"Hex","Cannot Determine",80243000,32055000,"N_crucifera_quantified_raw.txt"
2570,"Ncruc_58532and13532_AgSp1_serine_rm_88","Ncruc_58532and13532_AgSp1","Ncruc_58532and13532_AgSp1_serine_rm_88",45,67,120,"T","Nc_Updated_RM_Final_File.fasta","Ncruc_58532and13532_AgSp1",7,"Hex","Only modified detected",102490000,46499000,"N_crucifera_quantified_raw.txt"
2570,"Ncruc_58532and13532_AgSp1_serine_rm_88","Ncruc_58532and13532_AgSp1","Ncruc_58532and13532_AgSp1_serine_rm_88",45,67,120,"T","Nc_Updated_RM_Final_File.fasta","Ncruc_58532and13532_AgSp1",9,"Hex","Only modified detected",80243000,32055000,"N_crucifera_quantified_raw.txt"
2570,"Ncruc_58532and13532_AgSp1_serine_rm_88","Ncruc_58532and13532_AgSp1","Ncruc_58532and13532_AgSp1_serine_rm_88",45,67,120,"T","Nc_Updated_RM_Final_File.fasta","Ncruc_58532and13532_AgSp1",11,"Hex","Only modified detected",80243000,32055000,"N_crucifera_quantified_raw.txt"
2571,"Ncruc_58532and13532_AgSp1_serine_rm_88","Ncruc_58532and13532_AgSp1","Ncruc_58532and13532_AgSp1_serine_rm_88",45,68,120,"T","Nc_Updated_RM_Final_File.fasta","Ncruc_58532and13532_AgSp1",7,"Hex","Only modified detected",102490000,46499000,"N_crucifera_quantified_raw.txt"
2571,"Ncruc_58532and13532_AgSp1_serine_rm_88","Ncruc_58532and13532_AgSp1","Ncruc_58532and13532_AgSp1_serine_rm_88",45,68,120,"T","Nc_Updated_RM_Final_File.fasta","Ncruc_58532and13532_AgSp1",9,"Hex","Only modified detected",80243000,32055000,"N_crucifera_quantified_raw.txt"
2571,"Ncruc_58532and13532_AgSp1_serine_rm_88","Ncruc_58532and13532_AgSp1","Ncruc_58532and13532_AgSp1_serine_rm_88",45,68,120,"T","Nc_Updated_RM_Final_File.fasta","Ncruc_58532and13532_AgSp1",11,"Hex","Only modified detected",80243000,32055000,"N_crucifera_quantified_raw.txt"
2660,"Ncruc_58532and13532_AgSp1_serine_rm_89","Ncruc_58532and13532_AgSp1","Ncruc_58532and13532_AgSp1_serine_rm_89",46,59,120,"S","Nc_Updated_RM_Final_File.fasta","Ncruc_58532and13532_AgSp1",7,"Hex","Cannot Determine",153470000,52706000,"N_crucifera_quantified_raw.txt"
2660,"Ncruc_58532and13532_AgSp1_serine_rm_89","Ncruc_58532and13532_AgSp1","Ncruc_58532and13532_AgSp1_serine_rm_89",46,59,120,"S","Nc_Updated_RM_Final_File.fasta","Ncruc_58532and13532_AgSp1",9,"Hex","Cannot Determine",231050000,85494000,"N_crucifera_quantified_raw.txt"
2660,"Ncruc_58532and13532_AgSp1_serine_rm_89","Ncruc_58532and13532_AgSp1","Ncruc_58532and13532_AgSp1_serine_rm_89",46,59,120,"S","Nc_Updated_RM_Final_File.fasta","Ncruc_58532and13532_AgSp1",11,"Hex","Cannot Determine",82256000,59188500,"N_crucifera_quantified_raw.txt"
2663,"Ncruc_58532and13532_AgSp1_serine_rm_89","Ncruc_58532and13532_AgSp1","Ncruc_58532and13532_AgSp1_serine_rm_89",46,62,120,"S","Nc_Updated_RM_Final_File.fasta","Ncruc_58532and13532_AgSp1",7,"Hex","Cannot Determine",153470000,52706000,"N_crucifera_quantified_raw.txt"
2663,"Ncruc_58532and13532_AgSp1_serine_rm_89","Ncruc_58532and13532_AgSp1","Ncruc_58532and13532_AgSp1_serine_rm_89",46,62,120,"S","Nc_Updated_RM_Final_File.fasta","Ncruc_58532and13532_AgSp1",9,"Hex","Cannot Determine",231050000,85494000,"N_crucifera_quantified_raw.txt"
2663,"Ncruc_58532and13532_AgSp1_serine_rm_89","Ncruc_58532and13532_AgSp1","Ncruc_58532and13532_AgSp1_serine_rm_89",46,62,120,"S","Nc_Updated_RM_Final_File.fasta","Ncruc_58532and13532_AgSp1",11,"Hex","Only modified detected",82256000,59188500,"N_crucifera_quantified_raw.txt"
2668,"Ncruc_58532and13532_AgSp1_serine_rm_89","Ncruc_58532and13532_AgSp1","Ncruc_58532and13532_AgSp1_serine_rm_89",46,67,120,"T","Nc_Updated_RM_Final_File.fasta","Ncruc_58532and13532_AgSp1",7,"Hex","Only modified detected",153470000,52706000,"N_crucifera_quantified_raw.txt"
2668,"Ncruc_58532and13532_AgSp1_serine_rm_89","Ncruc_58532and13532_AgSp1","Ncruc_58532and13532_AgSp1_serine_rm_89",46,67,120,"T","Nc_Updated_RM_Final_File.fasta","Ncruc_58532and13532_AgSp1",9,"Hex","Only modified detected",231050000,85494000,"N_crucifera_quantified_raw.txt"
2668,"Ncruc_58532and13532_AgSp1_serine_rm_89","Ncruc_58532and13532_AgSp1","Ncruc_58532and13532_AgSp1_serine_rm_89",46,67,120,"T","Nc_Updated_RM_Final_File.fasta","Ncruc_58532and13532_AgSp1",11,"Hex","Only modified detected",82256000,59188500,"N_crucifera_quantified_raw.txt"
2669,"Ncruc_58532and13532_AgSp1_serine_rm_89","Ncruc_58532and13532_AgSp1","Ncruc_58532and13532_AgSp1_serine_rm_89",46,68,120,"T","Nc_Updated_RM_Final_File.fasta","Ncruc_58532and13532_AgSp1",7,"Hex","0.028659226706290414",153470000,52706000,"N_crucifera_quantified_raw.txt"
2669,"Ncruc_58532and13532_AgSp1_serine_rm_89","Ncruc_58532and13532_AgSp1","Ncruc_58532and13532_AgSp1_serine_rm_89",46,68,120,"T","Nc_Updated_RM_Final_File.fasta","Ncruc_58532and13532_AgSp1",9,"Hex","Cannot Determine",231050000,85494000,"N_crucifera_quantified_raw.txt"
2669,"Ncruc_58532and13532_AgSp1_serine_rm_89","Ncruc_58532and13532_AgSp1","Ncruc_58532and13532_AgSp1_serine_rm_89",46,68,120,"T","Nc_Updated_RM_Final_File.fasta","Ncruc_58532and13532_AgSp1",11,"Hex","Cannot Determine",82256000,59188500,"N_crucifera_quantified_raw.txt"
2862,"Ncruc_58532and13532_AgSp1_serine_rm_91","Ncruc_58532and13532_AgSp1","Ncruc_58532and13532_AgSp1_serine_rm_91",48,54,120,"T","Nc_Updated_RM_Final_File.fasta","Ncruc_58532and13532_AgSp1",7,"Hex","Only modified detected",16070000,11162900,"N_crucifera_quantified_raw.txt"
2862,"Ncruc_58532and13532_AgSp1_serine_rm_91","Ncruc_58532and13532_AgSp1","Ncruc_58532and13532_AgSp1_serine_rm_91",48,54,120,"T","Nc_Updated_RM_Final_File.fasta","Ncruc_58532and13532_AgSp1",9,"Hex","Cannot Determine",15322000,7507900,"N_crucifera_quantified_raw.txt"
2862,"Ncruc_58532and13532_AgSp1_serine_rm_91","Ncruc_58532and13532_AgSp1","Ncruc_58532and13532_AgSp1_serine_rm_91",48,54,120,"T","Nc_Updated_RM_Final_File.fasta","Ncruc_58532and13532_AgSp1",11,"Hex","Cannot Determine",15322000,7507900,"N_crucifera_quantified_raw.txt"
2864,"Ncruc_58532and13532_AgSp1_serine_rm_91","Ncruc_58532and13532_AgSp1","Ncruc_58532and13532_AgSp1_serine_rm_91",48,56,120,"S","Nc_Updated_RM_Final_File.fasta","Ncruc_58532and13532_AgSp1",9,"Hex","0.6373657135422057",15322000,7507900,"N_crucifera_quantified_raw.txt"
2864,"Ncruc_58532and13532_AgSp1_serine_rm_91","Ncruc_58532and13532_AgSp1","Ncruc_58532and13532_AgSp1_serine_rm_91",48,56,120,"S","Nc_Updated_RM_Final_File.fasta","Ncruc_58532and13532_AgSp1",11,"Hex","Cannot Determine",15322000,7507900,"N_crucifera_quantified_raw.txt"
2867,"Ncruc_58532and13532_AgSp1_serine_rm_91","Ncruc_58532and13532_AgSp1","Ncruc_58532and13532_AgSp1_serine_rm_91",48,59,120,"S","Nc_Updated_RM_Final_File.fasta","Ncruc_58532and13532_AgSp1",9,"Hex","0.10391939255862322",15322000,7507900,"N_crucifera_quantified_raw.txt"
2867,"Ncruc_58532and13532_AgSp1_serine_rm_91","Ncruc_58532and13532_AgSp1","Ncruc_58532and13532_AgSp1_serine_rm_91",48,59,120,"S","Nc_Updated_RM_Final_File.fasta","Ncruc_58532and13532_AgSp1",11,"Hex","Cannot Determine",15322000,7507900,"N_crucifera_quantified_raw.txt"
2875,"Ncruc_58532and13532_AgSp1_serine_rm_91","Ncruc_58532and13532_AgSp1","Ncruc_58532and13532_AgSp1_serine_rm_91",48,67,120,"S","Nc_Updated_RM_Final_File.fasta","Ncruc_58532and13532_AgSp1",7,"Hex","Only modified detected",16070000,11162900,"N_crucifera_quantified_raw.txt"
2875,"Ncruc_58532and13532_AgSp1_serine_rm_91","Ncruc_58532and13532_AgSp1","Ncruc_58532and13532_AgSp1_serine_rm_91",48,67,120,"S","Nc_Updated_RM_Final_File.fasta","Ncruc_58532and13532_AgSp1",9,"Hex","Only modified detected",15322000,7507900,"N_crucifera_quantified_raw.txt"
2875,"Ncruc_58532and13532_AgSp1_serine_rm_91","Ncruc_58532and13532_AgSp1","Ncruc_58532and13532_AgSp1_serine_rm_91",48,67,120,"S","Nc_Updated_RM_Final_File.fasta","Ncruc_58532and13532_AgSp1",11,"Hex","Only modified detected",15322000,7507900,"N_crucifera_quantified_raw.txt"
2876,"Ncruc_58532and13532_AgSp1_serine_rm_91","Ncruc_58532and13532_AgSp1","Ncruc_58532and13532_AgSp1_serine_rm_91",48,68,120,"T","Nc_Updated_RM_Final_File.fasta","Ncruc_58532and13532_AgSp1",7,"Hex","Only modified detected",16070000,11162900,"N_crucifera_quantified_raw.txt"
2876,"Ncruc_58532and13532_AgSp1_serine_rm_91","Ncruc_58532and13532_AgSp1","Ncruc_58532and13532_AgSp1_serine_rm_91",48,68,120,"T","Nc_Updated_RM_Final_File.fasta","Ncruc_58532and13532_AgSp1",9,"Hex","Only modified detected",15322000,7507900,"N_crucifera_quantified_raw.txt"
2876,"Ncruc_58532and13532_AgSp1_serine_rm_91","Ncruc_58532and13532_AgSp1","Ncruc_58532and13532_AgSp1_serine_rm_91",48,68,120,"T","Nc_Updated_RM_Final_File.fasta","Ncruc_58532and13532_AgSp1",11,"Hex","Only modified detected",15322000,7507900,"N_crucifera_quantified_raw.txt"
2932,"Ncruc_58532and13532_AgSp1_serine_rm_92","Ncruc_58532and13532_AgSp1","Ncruc_58532and13532_AgSp1_serine_rm_92",49,27,120,"T","Nc_Updated_RM_Final_File.fasta","Ncruc_58532and13532_AgSp1",7,"Hex","Only modified detected",5344500,5344500,"N_crucifera_quantified_raw.txt"
2935,"Ncruc_58532and13532_AgSp1_serine_rm_92","Ncruc_58532and13532_AgSp1","Ncruc_58532and13532_AgSp1_serine_rm_92",49,30,120,"T","Nc_Updated_RM_Final_File.fasta","Ncruc_58532and13532_AgSp1",7,"Hex","Only modified detected",5344500,5344500,"N_crucifera_quantified_raw.txt"
2953,"Ncruc_58532and13532_AgSp1_serine_rm_92","Ncruc_58532and13532_AgSp1","Ncruc_58532and13532_AgSp1_serine_rm_92",49,48,120,"T","Nc_Updated_RM_Final_File.fasta","Ncruc_58532and13532_AgSp1",7,"Hex","Only modified detected",9675700,9675700,"N_crucifera_quantified_raw.txt"
2953,"Ncruc_58532and13532_AgSp1_serine_rm_92","Ncruc_58532and13532_AgSp1","Ncruc_58532and13532_AgSp1_serine_rm_92",49,48,120,"T","Nc_Updated_RM_Final_File.fasta","Ncruc_58532and13532_AgSp1",9,"Hex","Only modified detected",20653000,15020950,"N_crucifera_quantified_raw.txt"
2953,"Ncruc_58532and13532_AgSp1_serine_rm_92","Ncruc_58532and13532_AgSp1","Ncruc_58532and13532_AgSp1_serine_rm_92",49,48,120,"T","Nc_Updated_RM_Final_File.fasta","Ncruc_58532and13532_AgSp1",11,"Hex","Only modified detected",20653000,15020950,"N_crucifera_quantified_raw.txt"
2954,"Ncruc_58532and13532_AgSp1_serine_rm_92","Ncruc_58532and13532_AgSp1","Ncruc_58532and13532_AgSp1_serine_rm_92",49,49,120,"T","Nc_Updated_RM_Final_File.fasta","Ncruc_58532and13532_AgSp1",7,"Hex","Only modified detected",9675700,9675700,"N_crucifera_quantified_raw.txt"
2954,"Ncruc_58532and13532_AgSp1_serine_rm_92","Ncruc_58532and13532_AgSp1","Ncruc_58532and13532_AgSp1_serine_rm_92",49,49,120,"T","Nc_Updated_RM_Final_File.fasta","Ncruc_58532and13532_AgSp1",9,"Hex","Only modified detected",20653000,15020950,"N_crucifera_quantified_raw.txt"
2954,"Ncruc_58532and13532_AgSp1_serine_rm_92","Ncruc_58532and13532_AgSp1","Ncruc_58532and13532_AgSp1_serine_rm_92",49,49,120,"T","Nc_Updated_RM_Final_File.fasta","Ncruc_58532and13532_AgSp1",11,"Hex","Only modified detected",20653000,15020950,"N_crucifera_quantified_raw.txt"
2985,"Ncruc_58532and13532_AgSp1_serine_rm_92","Ncruc_58532and13532_AgSp1","Ncruc_58532and13532_AgSp1_serine_rm_92",49,80,120,"T","Nc_Updated_RM_Final_File.fasta","Ncruc_58532and13532_AgSp1",7,"Hex","Only modified detected",12941000,11601000,"N_crucifera_quantified_raw.txt"
2985,"Ncruc_58532and13532_AgSp1_serine_rm_92","Ncruc_58532and13532_AgSp1","Ncruc_58532and13532_AgSp1_serine_rm_92",49,80,120,"T","Nc_Updated_RM_Final_File.fasta","Ncruc_58532and13532_AgSp1",9,"Hex","Only modified detected",16266000,14689500,"N_crucifera_quantified_raw.txt"
2985,"Ncruc_58532and13532_AgSp1_serine_rm_92","Ncruc_58532and13532_AgSp1","Ncruc_58532and13532_AgSp1_serine_rm_92",49,80,120,"T","Nc_Updated_RM_Final_File.fasta","Ncruc_58532and13532_AgSp1",11,"Hex","Only modified detected",16266000,14689500,"N_crucifera_quantified_raw.txt"
3063,"Ncruc_58532and13532_AgSp1_serine_rm_93","Ncruc_58532and13532_AgSp1","Ncruc_58532and13532_AgSp1_serine_rm_93",50,61,120,"S","Nc_Updated_RM_Final_File.fasta","Ncruc_58532and13532_AgSp1",7,"Hex","Only modified detected",6892400,6892400,"N_crucifera_quantified_raw.txt"
3069,"Ncruc_58532and13532_AgSp1_serine_rm_93","Ncruc_58532and13532_AgSp1","Ncruc_58532and13532_AgSp1_serine_rm_93",50,67,120,"S","Nc_Updated_RM_Final_File.fasta","Ncruc_58532and13532_AgSp1",7,"Hex","Only modified detected",6892400,6892400,"N_crucifera_quantified_raw.txt"
3070,"Ncruc_58532and13532_AgSp1_serine_rm_93","Ncruc_58532and13532_AgSp1","Ncruc_58532and13532_AgSp1_serine_rm_93",50,68,120,"T","Nc_Updated_RM_Final_File.fasta","Ncruc_58532and13532_AgSp1",7,"Hex","Only modified detected",6892400,6892400,"N_crucifera_quantified_raw.txt"
3082,"Ncruc_58532and13532_AgSp1_serine_rm_93","Ncruc_58532and13532_AgSp1","Ncruc_58532and13532_AgSp1_serine_rm_93",50,80,120,"T","Nc_Updated_RM_Final_File.fasta","Ncruc_58532and13532_AgSp1",7,"Hex","Only modified detected",6892400,6892400,"N_crucifera_quantified_raw.txt"
3162,"Ncruc_58532and13532_AgSp1_tr_2","Ncruc_58532and13532_AgSp1","Ncruc_58532and13532_AgSp1_tr_2",52,16,52,"S","Nc_Updated_RM_Final_File.fasta","Ncruc_58532and13532_AgSp1",7,"Hex","Only modified detected",137090000,11386500,"N_crucifera_quantified_raw.txt"
3162,"Ncruc_58532and13532_AgSp1_tr_2","Ncruc_58532and13532_AgSp1","Ncruc_58532and13532_AgSp1_tr_2",52,16,52,"S","Nc_Updated_RM_Final_File.fasta","Ncruc_58532and13532_AgSp1",9,"Hex","Only modified detected",239370000,16897500,"N_crucifera_quantified_raw.txt"
3162,"Ncruc_58532and13532_AgSp1_tr_2","Ncruc_58532and13532_AgSp1","Ncruc_58532and13532_AgSp1_tr_2",52,16,52,"S","Nc_Updated_RM_Final_File.fasta","Ncruc_58532and13532_AgSp1",11,"Hex","Only modified detected",239370000,16897500,"N_crucifera_quantified_raw.txt"
3168,"Ncruc_58532and13532_AgSp1_tr_2","Ncruc_58532and13532_AgSp1","Ncruc_58532and13532_AgSp1_tr_2",52,22,52,"T","Nc_Updated_RM_Final_File.fasta","Ncruc_58532and13532_AgSp1",7,"Hex","0.4922026913893267",137090000,11386500,"N_crucifera_quantified_raw.txt"
3168,"Ncruc_58532and13532_AgSp1_tr_2","Ncruc_58532and13532_AgSp1","Ncruc_58532and13532_AgSp1_tr_2",52,22,52,"T","Nc_Updated_RM_Final_File.fasta","Ncruc_58532and13532_AgSp1",9,"Hex","0.09868292100168866",239370000,16897500,"N_crucifera_quantified_raw.txt"
3168,"Ncruc_58532and13532_AgSp1_tr_2","Ncruc_58532and13532_AgSp1","Ncruc_58532and13532_AgSp1_tr_2",52,22,52,"T","Nc_Updated_RM_Final_File.fasta","Ncruc_58532and13532_AgSp1",11,"Hex","0.9535889474143129",239370000,16897500,"N_crucifera_quantified_raw.txt"
3169,"Ncruc_58532and13532_AgSp1_tr_2","Ncruc_58532and13532_AgSp1","Ncruc_58532and13532_AgSp1_tr_2",52,23,52,"T","Nc_Updated_RM_Final_File.fasta","Ncruc_58532and13532_AgSp1",7,"Hex","0.10977622877070721",137090000,11386500,"N_crucifera_quantified_raw.txt"
3169,"Ncruc_58532and13532_AgSp1_tr_2","Ncruc_58532and13532_AgSp1","Ncruc_58532and13532_AgSp1_tr_2",52,23,52,"T","Nc_Updated_RM_Final_File.fasta","Ncruc_58532and13532_AgSp1",9,"Hex","0.7903816522844062",239370000,16897500,"N_crucifera_quantified_raw.txt"
3169,"Ncruc_58532and13532_AgSp1_tr_2","Ncruc_58532and13532_AgSp1","Ncruc_58532and13532_AgSp1_tr_2",52,23,52,"T","Nc_Updated_RM_Final_File.fasta","Ncruc_58532and13532_AgSp1",11,"Hex","Cannot Determine",239370000,16897500,"N_crucifera_quantified_raw.txt"
3223,"Ncruc_58532and13532_AgSp1_tr_3","Ncruc_58532and13532_AgSp1","Ncruc_58532and13532_AgSp1_tr_3",53,26,52,"S","Nc_Updated_RM_Final_File.fasta","Ncruc_58532and13532_AgSp1",7,"Hex","Only modified detected",161880000,45091500,"N_crucifera_quantified_raw.txt"
3223,"Ncruc_58532and13532_AgSp1_tr_3","Ncruc_58532and13532_AgSp1","Ncruc_58532and13532_AgSp1_tr_3",53,26,52,"S","Nc_Updated_RM_Final_File.fasta","Ncruc_58532and13532_AgSp1",9,"Hex","0.23570999635436357",170070000,49643000,"N_crucifera_quantified_raw.txt"
3223,"Ncruc_58532and13532_AgSp1_tr_3","Ncruc_58532and13532_AgSp1","Ncruc_58532and13532_AgSp1_tr_3",53,26,52,"S","Nc_Updated_RM_Final_File.fasta","Ncruc_58532and13532_AgSp1",11,"Hex","0.39351190098903405",170070000,49643000,"N_crucifera_quantified_raw.txt"
3224,"Ncruc_58532and13532_AgSp1_tr_3","Ncruc_58532and13532_AgSp1","Ncruc_58532and13532_AgSp1_tr_3",53,27,52,"T","Nc_Updated_RM_Final_File.fasta","Ncruc_58532and13532_AgSp1",9,"Hex","0.7642900036456364",170070000,49643000,"N_crucifera_quantified_raw.txt"
3224,"Ncruc_58532and13532_AgSp1_tr_3","Ncruc_58532and13532_AgSp1","Ncruc_58532and13532_AgSp1_tr_3",53,27,52,"T","Nc_Updated_RM_Final_File.fasta","Ncruc_58532and13532_AgSp1",11,"Hex","0.606488099010966",170070000,49643000,"N_crucifera_quantified_raw.txt"
3227,"Ncruc_58532and13532_AgSp1_tr_3","Ncruc_58532and13532_AgSp1","Ncruc_58532and13532_AgSp1_tr_3",53,30,52,"T","Nc_Updated_RM_Final_File.fasta","Ncruc_58532and13532_AgSp1",7,"Hex","Only modified detected",161880000,45091500,"N_crucifera_quantified_raw.txt"
3227,"Ncruc_58532and13532_AgSp1_tr_3","Ncruc_58532and13532_AgSp1","Ncruc_58532and13532_AgSp1_tr_3",53,30,52,"T","Nc_Updated_RM_Final_File.fasta","Ncruc_58532and13532_AgSp1",9,"Hex","Only modified detected",170070000,49643000,"N_crucifera_quantified_raw.txt"
3227,"Ncruc_58532and13532_AgSp1_tr_3","Ncruc_58532and13532_AgSp1","Ncruc_58532and13532_AgSp1_tr_3",53,30,52,"T","Nc_Updated_RM_Final_File.fasta","Ncruc_58532and13532_AgSp1",11,"Hex","Only modified detected",170070000,49643000,"N_crucifera_quantified_raw.txt"
3449,"Ncruc_58532and13532_AgSp1_cr","Ncruc_58532and13532_AgSp1","Ncruc_58532and13532_AgSp1_cr",54,207,481,"S","Nc_Updated_RM_Final_File.fasta","Ncruc_58532and13532_AgSp1",7,"Hex","0.655762304209628",501970000,3543500,"N_crucifera_quantified_raw.txt"
3449,"Ncruc_58532and13532_AgSp1_cr","Ncruc_58532and13532_AgSp1","Ncruc_58532and13532_AgSp1_cr",54,207,481,"S","Nc_Updated_RM_Final_File.fasta","Ncruc_58532and13532_AgSp1",9,"Hex","Cannot Determine",1357200000,9140800,"N_crucifera_quantified_raw.txt"
3449,"Ncruc_58532and13532_AgSp1_cr","Ncruc_58532and13532_AgSp1","Ncruc_58532and13532_AgSp1_cr",54,207,481,"S","Nc_Updated_RM_Final_File.fasta","Ncruc_58532and13532_AgSp1",11,"Hex","0.4696215208606419",1357200000,9140800,"N_crucifera_quantified_raw.txt"
3450,"Ncruc_58532and13532_AgSp1_cr","Ncruc_58532and13532_AgSp1","Ncruc_58532and13532_AgSp1_cr",54,208,481,"S","Nc_Updated_RM_Final_File.fasta","Ncruc_58532and13532_AgSp1",1,"Phos","0.04022386959417396",501970000,3543500,"N_crucifera_quantified_raw.txt"
3450,"Ncruc_58532and13532_AgSp1_cr","Ncruc_58532and13532_AgSp1","Ncruc_58532and13532_AgSp1_cr",54,208,481,"S","Nc_Updated_RM_Final_File.fasta","Ncruc_58532and13532_AgSp1",3,"Phos","Cannot Determine",1357200000,9140800,"N_crucifera_quantified_raw.txt"
3450,"Ncruc_58532and13532_AgSp1_cr","Ncruc_58532and13532_AgSp1","Ncruc_58532and13532_AgSp1_cr",54,208,481,"S","Nc_Updated_RM_Final_File.fasta","Ncruc_58532and13532_AgSp1",5,"Phos","Cannot Determine",1357200000,9140800,"N_crucifera_quantified_raw.txt"
3807,"Ncruc_58532and13532_AgSp1_ct","Ncruc_58532and13532_AgSp1","Ncruc_58532and13532_AgSp1_ct",55,84,101,"S","Nc_Updated_RM_Final_File.fasta","Ncruc_58532and13532_AgSp1",1,"Phos","0.22925414862189508",218430000,13389000,"N_crucifera_quantified_raw.txt"
3807,"Ncruc_58532and13532_AgSp1_ct","Ncruc_58532and13532_AgSp1","Ncruc_58532and13532_AgSp1_ct",55,84,101,"S","Nc_Updated_RM_Final_File.fasta","Ncruc_58532and13532_AgSp1",3,"Phos","Cannot Determine",263570000,132615050,"N_crucifera_quantified_raw.txt"
6,"Mg_TRINITY_DN1546_c0_g1_serine_rm_1","TRINITY_DN1546_c0_g1","Mg_TRINITY_DN1546_c0_g1_serine_rm_1",1,6,99,"T","Mg_Updated_RM_Final_File.fasta","TRINITY_DN1546_c0_g1",7,"Hex","Only modified detected",1688300,1688300,"M_gracilis_quantified_raw.txt"
6,"Mg_TRINITY_DN1546_c0_g1_serine_rm_1","TRINITY_DN1546_c0_g1","Mg_TRINITY_DN1546_c0_g1_serine_rm_1",1,6,99,"T","Mg_Updated_RM_Final_File.fasta","TRINITY_DN1546_c0_g1",11,"Hex","Only modified detected",2985200,2985200,"M_gracilis_quantified_raw.txt"
8,"Mg_TRINITY_DN1546_c0_g1_serine_rm_1","TRINITY_DN1546_c0_g1","Mg_TRINITY_DN1546_c0_g1_serine_rm_1",1,8,99,"S","Mg_Updated_RM_Final_File.fasta","TRINITY_DN1546_c0_g1",1,"Phos","Only modified detected",1688300,1688300,"M_gracilis_quantified_raw.txt"
8,"Mg_TRINITY_DN1546_c0_g1_serine_rm_1","TRINITY_DN1546_c0_g1","Mg_TRINITY_DN1546_c0_g1_serine_rm_1",1,8,99,"S","Mg_Updated_RM_Final_File.fasta","TRINITY_DN1546_c0_g1",5,"Phos","Only modified detected",2985200,2985200,"M_gracilis_quantified_raw.txt"
14,"Mg_TRINITY_DN1546_c0_g1_serine_rm_1","TRINITY_DN1546_c0_g1","Mg_TRINITY_DN1546_c0_g1_serine_rm_1",1,14,99,"S","Mg_Updated_RM_Final_File.fasta","TRINITY_DN1546_c0_g1",1,"Phos","Only modified detected",1688300,1688300,"M_gracilis_quantified_raw.txt"
14,"Mg_TRINITY_DN1546_c0_g1_serine_rm_1","TRINITY_DN1546_c0_g1","Mg_TRINITY_DN1546_c0_g1_serine_rm_1",1,14,99,"S","Mg_Updated_RM_Final_File.fasta","TRINITY_DN1546_c0_g1",5,"Phos","Only modified detected",2985200,2985200,"M_gracilis_quantified_raw.txt"
19,"Mg_TRINITY_DN1546_c0_g1_serine_rm_1","TRINITY_DN1546_c0_g1","Mg_TRINITY_DN1546_c0_g1_serine_rm_1",1,19,99,"S","Mg_Updated_RM_Final_File.fasta","TRINITY_DN1546_c0_g1",7,"Hex","Only modified detected",1688300,1688300,"M_gracilis_quantified_raw.txt"
19,"Mg_TRINITY_DN1546_c0_g1_serine_rm_1","TRINITY_DN1546_c0_g1","Mg_TRINITY_DN1546_c0_g1_serine_rm_1",1,19,99,"S","Mg_Updated_RM_Final_File.fasta","TRINITY_DN1546_c0_g1",11,"Hex","Only modified detected",2985200,2985200,"M_gracilis_quantified_raw.txt"
20,"Mg_TRINITY_DN1546_c0_g1_serine_rm_1","TRINITY_DN1546_c0_g1","Mg_TRINITY_DN1546_c0_g1_serine_rm_1",1,20,99,"T","Mg_Updated_RM_Final_File.fasta","TRINITY_DN1546_c0_g1",7,"Hex","Only modified detected",1688300,1688300,"M_gracilis_quantified_raw.txt"
20,"Mg_TRINITY_DN1546_c0_g1_serine_rm_1","TRINITY_DN1546_c0_g1","Mg_TRINITY_DN1546_c0_g1_serine_rm_1",1,20,99,"T","Mg_Updated_RM_Final_File.fasta","TRINITY_DN1546_c0_g1",11,"Hex","Only modified detected",2985200,2985200,"M_gracilis_quantified_raw.txt"
466,"Mg_TRINITY_DN1546_c0_g1_Cp_2","TRINITY_DN1546_c0_g1","Mg_TRINITY_DN1546_c0_g1_Cp_2",6,7,45,"T","Mg_Updated_RM_Final_File.fasta","TRINITY_DN1546_c0_g1",11,"Hex","Only modified detected",3949500,3949500,"M_gracilis_quantified_raw.txt"
468,"Mg_TRINITY_DN1546_c0_g1_Cp_2","TRINITY_DN1546_c0_g1","Mg_TRINITY_DN1546_c0_g1_Cp_2",6,9,45,"T","Mg_Updated_RM_Final_File.fasta","TRINITY_DN1546_c0_g1",11,"Hex","Only modified detected",3949500,3949500,"M_gracilis_quantified_raw.txt"
470,"Mg_TRINITY_DN1546_c0_g1_Cp_2","TRINITY_DN1546_c0_g1","Mg_TRINITY_DN1546_c0_g1_Cp_2",6,11,45,"S","Mg_Updated_RM_Final_File.fasta","TRINITY_DN1546_c0_g1",11,"Hex","Only modified detected",3949500,3949500,"M_gracilis_quantified_raw.txt"
485,"Mg_TRINITY_DN1546_c0_g1_Cp_2","TRINITY_DN1546_c0_g1","Mg_TRINITY_DN1546_c0_g1_Cp_2",6,26,45,"S","Mg_Updated_RM_Final_File.fasta","TRINITY_DN1546_c0_g1",9,"Hex","Only modified detected",694590,694590,"M_gracilis_quantified_raw.txt"
485,"Mg_TRINITY_DN1546_c0_g1_Cp_2","TRINITY_DN1546_c0_g1","Mg_TRINITY_DN1546_c0_g1_Cp_2",6,26,45,"S","Mg_Updated_RM_Final_File.fasta","TRINITY_DN1546_c0_g1",11,"Hex","Only modified detected",694590,694590,"M_gracilis_quantified_raw.txt"
486,"Mg_TRINITY_DN1546_c0_g1_Cp_2","TRINITY_DN1546_c0_g1","Mg_TRINITY_DN1546_c0_g1_Cp_2",6,27,45,"T","Mg_Updated_RM_Final_File.fasta","TRINITY_DN1546_c0_g1",9,"Hex","Only modified detected",694590,694590,"M_gracilis_quantified_raw.txt"
486,"Mg_TRINITY_DN1546_c0_g1_Cp_2","TRINITY_DN1546_c0_g1","Mg_TRINITY_DN1546_c0_g1_Cp_2",6,27,45,"T","Mg_Updated_RM_Final_File.fasta","TRINITY_DN1546_c0_g1",11,"Hex","Only modified detected",694590,694590,"M_gracilis_quantified_raw.txt"
355,"Nc_AgSp1_mod_TRINITY_DN6491_c2_g1_rr_3","TRINITY_DN6491_c2_g1","Nc_AgSp1_mod_TRINITY_DN6491_c2_g1_rr_3",4,72,94,"T","Nc_Updated_RM_Final_File.fasta","TRINITY_DN6491_c2_g1",7,"Hex","Only modified detected",117680000,74971500,"N_crucifera_quantified_raw.txt"
355,"Nc_AgSp1_mod_TRINITY_DN6491_c2_g1_rr_3","TRINITY_DN6491_c2_g1","Nc_AgSp1_mod_TRINITY_DN6491_c2_g1_rr_3",4,72,94,"T","Nc_Updated_RM_Final_File.fasta","TRINITY_DN6491_c2_g1",9,"Hex","Only modified detected",159720000,101705000,"N_crucifera_quantified_raw.txt"
355,"Nc_AgSp1_mod_TRINITY_DN6491_c2_g1_rr_3","TRINITY_DN6491_c2_g1","Nc_AgSp1_mod_TRINITY_DN6491_c2_g1_rr_3",4,72,94,"T","Nc_Updated_RM_Final_File.fasta","TRINITY_DN6491_c2_g1",11,"Hex","Only modified detected",159720000,101705000,"N_crucifera_quantified_raw.txt"
359,"Nc_AgSp1_mod_TRINITY_DN6491_c2_g1_rr_3","TRINITY_DN6491_c2_g1","Nc_AgSp1_mod_TRINITY_DN6491_c2_g1_rr_3",4,76,94,"T","Nc_Updated_RM_Final_File.fasta","TRINITY_DN6491_c2_g1",7,"Hex","Only modified detected",117680000,74971500,"N_crucifera_quantified_raw.txt"
359,"Nc_AgSp1_mod_TRINITY_DN6491_c2_g1_rr_3","TRINITY_DN6491_c2_g1","Nc_AgSp1_mod_TRINITY_DN6491_c2_g1_rr_3",4,76,94,"T","Nc_Updated_RM_Final_File.fasta","TRINITY_DN6491_c2_g1",9,"Hex","Only modified detected",159720000,101705000,"N_crucifera_quantified_raw.txt"
359,"Nc_AgSp1_mod_TRINITY_DN6491_c2_g1_rr_3","TRINITY_DN6491_c2_g1","Nc_AgSp1_mod_TRINITY_DN6491_c2_g1_rr_3",4,76,94,"T","Nc_Updated_RM_Final_File.fasta","TRINITY_DN6491_c2_g1",11,"Hex","Only modified detected",159720000,101705000,"N_crucifera_quantified_raw.txt"
426,"Nc_AgSp1_mod_TRINITY_DN6491_c2_g1_rr_4","TRINITY_DN6491_c2_g1","Nc_AgSp1_mod_TRINITY_DN6491_c2_g1_rr_4",5,52,94,"T","Nc_Updated_RM_Final_File.fasta","TRINITY_DN6491_c2_g1",7,"Hex","Cannot Determine",57713000,6549200,"N_crucifera_quantified_raw.txt"
426,"Nc_AgSp1_mod_TRINITY_DN6491_c2_g1_rr_4","TRINITY_DN6491_c2_g1","Nc_AgSp1_mod_TRINITY_DN6491_c2_g1_rr_4",5,52,94,"T","Nc_Updated_RM_Final_File.fasta","TRINITY_DN6491_c2_g1",9,"Hex","Cannot Determine",59207000,4189200,"N_crucifera_quantified_raw.txt"
426,"Nc_AgSp1_mod_TRINITY_DN6491_c2_g1_rr_4","TRINITY_DN6491_c2_g1","Nc_AgSp1_mod_TRINITY_DN6491_c2_g1_rr_4",5,52,94,"T","Nc_Updated_RM_Final_File.fasta","TRINITY_DN6491_c2_g1",11,"Hex","Cannot Determine",59207000,4189200,"N_crucifera_quantified_raw.txt"
529,"Nc_AgSp1_mod_TRINITY_DN6491_c2_g1_rr_5","TRINITY_DN6491_c2_g1","Nc_AgSp1_mod_TRINITY_DN6491_c2_g1_rr_5",6,67,94,"S","Nc_Updated_RM_Final_File.fasta","TRINITY_DN6491_c2_g1",1,"Phos","0.8890599645256788",352970000,35897000,"N_crucifera_quantified_raw.txt"
529,"Nc_AgSp1_mod_TRINITY_DN6491_c2_g1_rr_5","TRINITY_DN6491_c2_g1","Nc_AgSp1_mod_TRINITY_DN6491_c2_g1_rr_5",6,67,94,"S","Nc_Updated_RM_Final_File.fasta","TRINITY_DN6491_c2_g1",3,"Phos","0.972959893884455",490800000,12311000,"N_crucifera_quantified_raw.txt"
529,"Nc_AgSp1_mod_TRINITY_DN6491_c2_g1_rr_5","TRINITY_DN6491_c2_g1","Nc_AgSp1_mod_TRINITY_DN6491_c2_g1_rr_5",6,67,94,"S","Nc_Updated_RM_Final_File.fasta","TRINITY_DN6491_c2_g1",5,"Phos","0.9966746620045738",490800000,10071000,"N_crucifera_quantified_raw.txt"
530,"Nc_AgSp1_mod_TRINITY_DN6491_c2_g1_rr_5","TRINITY_DN6491_c2_g1","Nc_AgSp1_mod_TRINITY_DN6491_c2_g1_rr_5",6,68,94,"S","Nc_Updated_RM_Final_File.fasta","TRINITY_DN6491_c2_g1",1,"Phos","0.8525002755371474",352970000,35897000,"N_crucifera_quantified_raw.txt"
530,"Nc_AgSp1_mod_TRINITY_DN6491_c2_g1_rr_5","TRINITY_DN6491_c2_g1","Nc_AgSp1_mod_TRINITY_DN6491_c2_g1_rr_5",6,68,94,"S","Nc_Updated_RM_Final_File.fasta","TRINITY_DN6491_c2_g1",3,"Phos","0.9570741338073928",490800000,12311000,"N_crucifera_quantified_raw.txt"
530,"Nc_AgSp1_mod_TRINITY_DN6491_c2_g1_rr_5","TRINITY_DN6491_c2_g1","Nc_AgSp1_mod_TRINITY_DN6491_c2_g1_rr_5",6,68,94,"S","Nc_Updated_RM_Final_File.fasta","TRINITY_DN6491_c2_g1",5,"Phos","0.9909982996937905",490800000,10071000,"N_crucifera_quantified_raw.txt"
534,"Nc_AgSp1_mod_TRINITY_DN6491_c2_g1_rr_5","TRINITY_DN6491_c2_g1","Nc_AgSp1_mod_TRINITY_DN6491_c2_g1_rr_5",6,72,94,"S","Nc_Updated_RM_Final_File.fasta","TRINITY_DN6491_c2_g1",1,"Phos","0.8635524270161319",352970000,35897000,"N_crucifera_quantified_raw.txt"
534,"Nc_AgSp1_mod_TRINITY_DN6491_c2_g1_rr_5","TRINITY_DN6491_c2_g1","Nc_AgSp1_mod_TRINITY_DN6491_c2_g1_rr_5",6,72,94,"S","Nc_Updated_RM_Final_File.fasta","TRINITY_DN6491_c2_g1",3,"Phos","0.9599170328116877",490800000,12311000,"N_crucifera_quantified_raw.txt"
534,"Nc_AgSp1_mod_TRINITY_DN6491_c2_g1_rr_5","TRINITY_DN6491_c2_g1","Nc_AgSp1_mod_TRINITY_DN6491_c2_g1_rr_5",6,72,94,"S","Nc_Updated_RM_Final_File.fasta","TRINITY_DN6491_c2_g1",5,"Phos","0.9939902151697633",490800000,10071000,"N_crucifera_quantified_raw.txt"
535,"Nc_AgSp1_mod_TRINITY_DN6491_c2_g1_rr_5","TRINITY_DN6491_c2_g1","Nc_AgSp1_mod_TRINITY_DN6491_c2_g1_rr_5",6,73,94,"T","Nc_Updated_RM_Final_File.fasta","TRINITY_DN6491_c2_g1",1,"Phos","0.8283053656051726",352970000,35897000,"N_crucifera_quantified_raw.txt"
535,"Nc_AgSp1_mod_TRINITY_DN6491_c2_g1_rr_5","TRINITY_DN6491_c2_g1","Nc_AgSp1_mod_TRINITY_DN6491_c2_g1_rr_5",6,73,94,"T","Nc_Updated_RM_Final_File.fasta","TRINITY_DN6491_c2_g1",3,"Phos","0.8998396455505832",490800000,12311000,"N_crucifera_quantified_raw.txt"
535,"Nc_AgSp1_mod_TRINITY_DN6491_c2_g1_rr_5","TRINITY_DN6491_c2_g1","Nc_AgSp1_mod_TRINITY_DN6491_c2_g1_rr_5",6,73,94,"T","Nc_Updated_RM_Final_File.fasta","TRINITY_DN6491_c2_g1",5,"Phos","0.9705652711535171",490800000,10071000,"N_crucifera_quantified_raw.txt"
537,"Nc_AgSp1_mod_TRINITY_DN6491_c2_g1_rr_5","TRINITY_DN6491_c2_g1","Nc_AgSp1_mod_TRINITY_DN6491_c2_g1_rr_5",6,75,94,"S","Nc_Updated_RM_Final_File.fasta","TRINITY_DN6491_c2_g1",1,"Phos","0.8177767817880828",352970000,35897000,"N_crucifera_quantified_raw.txt"
537,"Nc_AgSp1_mod_TRINITY_DN6491_c2_g1_rr_5","TRINITY_DN6491_c2_g1","Nc_AgSp1_mod_TRINITY_DN6491_c2_g1_rr_5",6,75,94,"S","Nc_Updated_RM_Final_File.fasta","TRINITY_DN6491_c2_g1",3,"Phos","0.928456889678988",490800000,12311000,"N_crucifera_quantified_raw.txt"
537,"Nc_AgSp1_mod_TRINITY_DN6491_c2_g1_rr_5","TRINITY_DN6491_c2_g1","Nc_AgSp1_mod_TRINITY_DN6491_c2_g1_rr_5",6,75,94,"S","Nc_Updated_RM_Final_File.fasta","TRINITY_DN6491_c2_g1",5,"Phos","0.9803768474356781",490800000,10071000,"N_crucifera_quantified_raw.txt"
671,"Nc_AgSp1_mod_TRINITY_DN6491_c2_g1_rr_8","TRINITY_DN6491_c2_g1","Nc_AgSp1_mod_TRINITY_DN6491_c2_g1_rr_8",9,33,94,"T","Nc_Updated_RM_Final_File.fasta","TRINITY_DN6491_c2_g1",7,"Hex","Cannot Determine",54562000,13730000,"N_crucifera_quantified_raw.txt"
671,"Nc_AgSp1_mod_TRINITY_DN6491_c2_g1_rr_8","TRINITY_DN6491_c2_g1","Nc_AgSp1_mod_TRINITY_DN6491_c2_g1_rr_8",9,33,94,"T","Nc_Updated_RM_Final_File.fasta","TRINITY_DN6491_c2_g1",9,"Hex","Cannot Determine",48734000,14198000,"N_crucifera_quantified_raw.txt"
671,"Nc_AgSp1_mod_TRINITY_DN6491_c2_g1_rr_8","TRINITY_DN6491_c2_g1","Nc_AgSp1_mod_TRINITY_DN6491_c2_g1_rr_8",9,33,94,"T","Nc_Updated_RM_Final_File.fasta","TRINITY_DN6491_c2_g1",11,"Hex","Cannot Determine",48734000,14198000,"N_crucifera_quantified_raw.txt"
685,"Nc_AgSp1_mod_TRINITY_DN6491_c2_g1_rr_8","TRINITY_DN6491_c2_g1","Nc_AgSp1_mod_TRINITY_DN6491_c2_g1_rr_8",9,47,94,"S","Nc_Updated_RM_Final_File.fasta","TRINITY_DN6491_c2_g1",7,"Hex","Only modified detected",54562000,13730000,"N_crucifera_quantified_raw.txt"
685,"Nc_AgSp1_mod_TRINITY_DN6491_c2_g1_rr_8","TRINITY_DN6491_c2_g1","Nc_AgSp1_mod_TRINITY_DN6491_c2_g1_rr_8",9,47,94,"S","Nc_Updated_RM_Final_File.fasta","TRINITY_DN6491_c2_g1",9,"Hex","Only modified detected",48734000,14198000,"N_crucifera_quantified_raw.txt"
685,"Nc_AgSp1_mod_TRINITY_DN6491_c2_g1_rr_8","TRINITY_DN6491_c2_g1","Nc_AgSp1_mod_TRINITY_DN6491_c2_g1_rr_8",9,47,94,"S","Nc_Updated_RM_Final_File.fasta","TRINITY_DN6491_c2_g1",11,"Hex","Only modified detected",48734000,14198000,"N_crucifera_quantified_raw.txt"
709,"Nc_AgSp1_mod_TRINITY_DN6491_c2_g1_rr_9","TRINITY_DN6491_c2_g1","Nc_AgSp1_mod_TRINITY_DN6491_c2_g1_rr_9",10,3,94,"T","Nc_Updated_RM_Final_File.fasta","TRINITY_DN6491_c2_g1",9,"Hex","Cannot Determine",35274000,27577500,"N_crucifera_quantified_raw.txt"
709,"Nc_AgSp1_mod_TRINITY_DN6491_c2_g1_rr_9","TRINITY_DN6491_c2_g1","Nc_AgSp1_mod_TRINITY_DN6491_c2_g1_rr_9",10,3,94,"T","Nc_Updated_RM_Final_File.fasta","TRINITY_DN6491_c2_g1",11,"Hex","Cannot Determine",35274000,27577500,"N_crucifera_quantified_raw.txt"
710,"Nc_AgSp1_mod_TRINITY_DN6491_c2_g1_rr_9","TRINITY_DN6491_c2_g1","Nc_AgSp1_mod_TRINITY_DN6491_c2_g1_rr_9",10,4,94,"T","Nc_Updated_RM_Final_File.fasta","TRINITY_DN6491_c2_g1",7,"Hex","Only modified detected",14735000,14735000,"N_crucifera_quantified_raw.txt"
710,"Nc_AgSp1_mod_TRINITY_DN6491_c2_g1_rr_9","TRINITY_DN6491_c2_g1","Nc_AgSp1_mod_TRINITY_DN6491_c2_g1_rr_9",10,4,94,"T","Nc_Updated_RM_Final_File.fasta","TRINITY_DN6491_c2_g1",9,"Hex","Only modified detected",35274000,27577500,"N_crucifera_quantified_raw.txt"
710,"Nc_AgSp1_mod_TRINITY_DN6491_c2_g1_rr_9","TRINITY_DN6491_c2_g1","Nc_AgSp1_mod_TRINITY_DN6491_c2_g1_rr_9",10,4,94,"T","Nc_Updated_RM_Final_File.fasta","TRINITY_DN6491_c2_g1",11,"Hex","Only modified detected",35274000,27577500,"N_crucifera_quantified_raw.txt"
715,"Nc_AgSp1_mod_TRINITY_DN6491_c2_g1_rr_9","TRINITY_DN6491_c2_g1","Nc_AgSp1_mod_TRINITY_DN6491_c2_g1_rr_9",10,9,94,"T","Nc_Updated_RM_Final_File.fasta","TRINITY_DN6491_c2_g1",7,"Hex","Only modified detected",14735000,14735000,"N_crucifera_quantified_raw.txt"
715,"Nc_AgSp1_mod_TRINITY_DN6491_c2_g1_rr_9","TRINITY_DN6491_c2_g1","Nc_AgSp1_mod_TRINITY_DN6491_c2_g1_rr_9",10,9,94,"T","Nc_Updated_RM_Final_File.fasta","TRINITY_DN6491_c2_g1",9,"Hex","Only modified detected",35274000,27577500,"N_crucifera_quantified_raw.txt"
715,"Nc_AgSp1_mod_TRINITY_DN6491_c2_g1_rr_9","TRINITY_DN6491_c2_g1","Nc_AgSp1_mod_TRINITY_DN6491_c2_g1_rr_9",10,9,94,"T","Nc_Updated_RM_Final_File.fasta","TRINITY_DN6491_c2_g1",11,"Hex","Only modified detected",35274000,27577500,"N_crucifera_quantified_raw.txt"
722,"Nc_AgSp1_mod_TRINITY_DN6491_c2_g1_rr_9","TRINITY_DN6491_c2_g1","Nc_AgSp1_mod_TRINITY_DN6491_c2_g1_rr_9",10,16,94,"S","Nc_Updated_RM_Final_File.fasta","TRINITY_DN6491_c2_g1",7,"Hex","Only modified detected",14735000,14735000,"N_crucifera_quantified_raw.txt"
722,"Nc_AgSp1_mod_TRINITY_DN6491_c2_g1_rr_9","TRINITY_DN6491_c2_g1","Nc_AgSp1_mod_TRINITY_DN6491_c2_g1_rr_9",10,16,94,"S","Nc_Updated_RM_Final_File.fasta","TRINITY_DN6491_c2_g1",9,"Hex","Only modified detected",19881000,19881000,"N_crucifera_quantified_raw.txt"
722,"Nc_AgSp1_mod_TRINITY_DN6491_c2_g1_rr_9","TRINITY_DN6491_c2_g1","Nc_AgSp1_mod_TRINITY_DN6491_c2_g1_rr_9",10,16,94,"S","Nc_Updated_RM_Final_File.fasta","TRINITY_DN6491_c2_g1",11,"Hex","Only modified detected",19881000,19881000,"N_crucifera_quantified_raw.txt"
1187,"Nc_AgSp1_mod_TRINITY_DN6491_c2_g1_rr_16","TRINITY_DN6491_c2_g1","Nc_AgSp1_mod_TRINITY_DN6491_c2_g1_rr_16",17,22,94,"T","Nc_Updated_RM_Final_File.fasta","TRINITY_DN6491_c2_g1",7,"Hex","Only modified detected",16245000,16245000,"N_crucifera_quantified_raw.txt"
1187,"Nc_AgSp1_mod_TRINITY_DN6491_c2_g1_rr_16","TRINITY_DN6491_c2_g1","Nc_AgSp1_mod_TRINITY_DN6491_c2_g1_rr_16",17,22,94,"T","Nc_Updated_RM_Final_File.fasta","TRINITY_DN6491_c2_g1",9,"Hex","Only modified detected",22122000,22122000,"N_crucifera_quantified_raw.txt"
1188,"Nc_AgSp1_mod_TRINITY_DN6491_c2_g1_rr_16","TRINITY_DN6491_c2_g1","Nc_AgSp1_mod_TRINITY_DN6491_c2_g1_rr_16",17,23,94,"T","Nc_Updated_RM_Final_File.fasta","TRINITY_DN6491_c2_g1",7,"Hex","Only modified detected",16245000,16245000,"N_crucifera_quantified_raw.txt"
1198,"Nc_AgSp1_mod_TRINITY_DN6491_c2_g1_rr_16","TRINITY_DN6491_c2_g1","Nc_AgSp1_mod_TRINITY_DN6491_c2_g1_rr_16",17,33,94,"T","Nc_Updated_RM_Final_File.fasta","TRINITY_DN6491_c2_g1",7,"Hex","Only modified detected",16245000,16245000,"N_crucifera_quantified_raw.txt"
1198,"Nc_AgSp1_mod_TRINITY_DN6491_c2_g1_rr_16","TRINITY_DN6491_c2_g1","Nc_AgSp1_mod_TRINITY_DN6491_c2_g1_rr_16",17,33,94,"T","Nc_Updated_RM_Final_File.fasta","TRINITY_DN6491_c2_g1",9,"Hex","Only modified detected",22122000,22122000,"N_crucifera_quantified_raw.txt"
1201,"Nc_AgSp1_mod_TRINITY_DN6491_c2_g1_rr_16","TRINITY_DN6491_c2_g1","Nc_AgSp1_mod_TRINITY_DN6491_c2_g1_rr_16",17,36,94,"S","Nc_Updated_RM_Final_File.fasta","TRINITY_DN6491_c2_g1",9,"Hex","Only modified detected",22122000,22122000,"N_crucifera_quantified_raw.txt"
1219,"Nc_AgSp1_mod_TRINITY_DN6491_c2_g1_rr_16","TRINITY_DN6491_c2_g1","Nc_AgSp1_mod_TRINITY_DN6491_c2_g1_rr_16",17,54,94,"T","Nc_Updated_RM_Final_File.fasta","TRINITY_DN6491_c2_g1",7,"Hex","Cannot Determine",44801000,18432000,"N_crucifera_quantified_raw.txt"
1219,"Nc_AgSp1_mod_TRINITY_DN6491_c2_g1_rr_16","TRINITY_DN6491_c2_g1","Nc_AgSp1_mod_TRINITY_DN6491_c2_g1_rr_16",17,54,94,"T","Nc_Updated_RM_Final_File.fasta","TRINITY_DN6491_c2_g1",9,"Hex","Cannot Determine",69885000,30452000,"N_crucifera_quantified_raw.txt"
1219,"Nc_AgSp1_mod_TRINITY_DN6491_c2_g1_rr_16","TRINITY_DN6491_c2_g1","Nc_AgSp1_mod_TRINITY_DN6491_c2_g1_rr_16",17,54,94,"T","Nc_Updated_RM_Final_File.fasta","TRINITY_DN6491_c2_g1",11,"Hex","0.4774107253408226",69885000,30452000,"N_crucifera_quantified_raw.txt"
1222,"Nc_AgSp1_mod_TRINITY_DN6491_c2_g1_rr_16","TRINITY_DN6491_c2_g1","Nc_AgSp1_mod_TRINITY_DN6491_c2_g1_rr_16",17,57,94,"T","Nc_Updated_RM_Final_File.fasta","TRINITY_DN6491_c2_g1",7,"Hex","Cannot Determine",44801000,18432000,"N_crucifera_quantified_raw.txt"
1222,"Nc_AgSp1_mod_TRINITY_DN6491_c2_g1_rr_16","TRINITY_DN6491_c2_g1","Nc_AgSp1_mod_TRINITY_DN6491_c2_g1_rr_16",17,57,94,"T","Nc_Updated_RM_Final_File.fasta","TRINITY_DN6491_c2_g1",9,"Hex","0.05228254596933501",69885000,30452000,"N_crucifera_quantified_raw.txt"
1222,"Nc_AgSp1_mod_TRINITY_DN6491_c2_g1_rr_16","TRINITY_DN6491_c2_g1","Nc_AgSp1_mod_TRINITY_DN6491_c2_g1_rr_16",17,57,94,"T","Nc_Updated_RM_Final_File.fasta","TRINITY_DN6491_c2_g1",11,"Hex","0.6850032036194587",69885000,30452000,"N_crucifera_quantified_raw.txt"
1223,"Nc_AgSp1_mod_TRINITY_DN6491_c2_g1_rr_16","TRINITY_DN6491_c2_g1","Nc_AgSp1_mod_TRINITY_DN6491_c2_g1_rr_16",17,58,94,"T","Nc_Updated_RM_Final_File.fasta","TRINITY_DN6491_c2_g1",7,"Hex","Cannot Determine",44801000,18432000,"N_crucifera_quantified_raw.txt"
1223,"Nc_AgSp1_mod_TRINITY_DN6491_c2_g1_rr_16","TRINITY_DN6491_c2_g1","Nc_AgSp1_mod_TRINITY_DN6491_c2_g1_rr_16",17,58,94,"T","Nc_Updated_RM_Final_File.fasta","TRINITY_DN6491_c2_g1",9,"Hex","Cannot Determine",69885000,30452000,"N_crucifera_quantified_raw.txt"
1223,"Nc_AgSp1_mod_TRINITY_DN6491_c2_g1_rr_16","TRINITY_DN6491_c2_g1","Nc_AgSp1_mod_TRINITY_DN6491_c2_g1_rr_16",17,58,94,"T","Nc_Updated_RM_Final_File.fasta","TRINITY_DN6491_c2_g1",11,"Hex","Cannot Determine",69885000,30452000,"N_crucifera_quantified_raw.txt"
1225,"Nc_AgSp1_mod_TRINITY_DN6491_c2_g1_rr_16","TRINITY_DN6491_c2_g1","Nc_AgSp1_mod_TRINITY_DN6491_c2_g1_rr_16",17,60,94,"T","Nc_Updated_RM_Final_File.fasta","TRINITY_DN6491_c2_g1",7,"Hex","Only modified detected",44801000,18432000,"N_crucifera_quantified_raw.txt"
1225,"Nc_AgSp1_mod_TRINITY_DN6491_c2_g1_rr_16","TRINITY_DN6491_c2_g1","Nc_AgSp1_mod_TRINITY_DN6491_c2_g1_rr_16",17,60,94,"T","Nc_Updated_RM_Final_File.fasta","TRINITY_DN6491_c2_g1",9,"Hex","Only modified detected",69885000,30452000,"N_crucifera_quantified_raw.txt"
1225,"Nc_AgSp1_mod_TRINITY_DN6491_c2_g1_rr_16","TRINITY_DN6491_c2_g1","Nc_AgSp1_mod_TRINITY_DN6491_c2_g1_rr_16",17,60,94,"T","Nc_Updated_RM_Final_File.fasta","TRINITY_DN6491_c2_g1",11,"Hex","Only modified detected",69885000,30452000,"N_crucifera_quantified_raw.txt"
1267,"Nc_AgSp1_mod_TRINITY_DN6491_c2_g1_rr_17","TRINITY_DN6491_c2_g1","Nc_AgSp1_mod_TRINITY_DN6491_c2_g1_rr_17",18,26,94,"T","Nc_Updated_RM_Final_File.fasta","TRINITY_DN6491_c2_g1",7,"Hex","Cannot Determine",370860000,49270000,"N_crucifera_quantified_raw.txt"
1267,"Nc_AgSp1_mod_TRINITY_DN6491_c2_g1_rr_17","TRINITY_DN6491_c2_g1","Nc_AgSp1_mod_TRINITY_DN6491_c2_g1_rr_17",18,26,94,"T","Nc_Updated_RM_Final_File.fasta","TRINITY_DN6491_c2_g1",9,"Hex","0.04635708319453892",1.286e+09,41753500,"N_crucifera_quantified_raw.txt"
1267,"Nc_AgSp1_mod_TRINITY_DN6491_c2_g1_rr_17","TRINITY_DN6491_c2_g1","Nc_AgSp1_mod_TRINITY_DN6491_c2_g1_rr_17",18,26,94,"T","Nc_Updated_RM_Final_File.fasta","TRINITY_DN6491_c2_g1",11,"Hex","Cannot Determine",1.286e+09,38773000,"N_crucifera_quantified_raw.txt"
1268,"Nc_AgSp1_mod_TRINITY_DN6491_c2_g1_rr_17","TRINITY_DN6491_c2_g1","Nc_AgSp1_mod_TRINITY_DN6491_c2_g1_rr_17",18,27,94,"T","Nc_Updated_RM_Final_File.fasta","TRINITY_DN6491_c2_g1",3,"Phos","0.8421350699429351",1.286e+09,41753500,"N_crucifera_quantified_raw.txt"
1268,"Nc_AgSp1_mod_TRINITY_DN6491_c2_g1_rr_17","TRINITY_DN6491_c2_g1","Nc_AgSp1_mod_TRINITY_DN6491_c2_g1_rr_17",18,27,94,"T","Nc_Updated_RM_Final_File.fasta","TRINITY_DN6491_c2_g1",5,"Phos","0.9192135129511212",1.286e+09,38773000,"N_crucifera_quantified_raw.txt"
1268,"Nc_AgSp1_mod_TRINITY_DN6491_c2_g1_rr_17","TRINITY_DN6491_c2_g1","Nc_AgSp1_mod_TRINITY_DN6491_c2_g1_rr_17",18,27,94,"T","Nc_Updated_RM_Final_File.fasta","TRINITY_DN6491_c2_g1",7,"Hex","0.693745845698975",370860000,49270000,"N_crucifera_quantified_raw.txt"
1268,"Nc_AgSp1_mod_TRINITY_DN6491_c2_g1_rr_17","TRINITY_DN6491_c2_g1","Nc_AgSp1_mod_TRINITY_DN6491_c2_g1_rr_17",18,27,94,"T","Nc_Updated_RM_Final_File.fasta","TRINITY_DN6491_c2_g1",9,"Hex","0.8414443934248146",1.286e+09,41753500,"N_crucifera_quantified_raw.txt"
1268,"Nc_AgSp1_mod_TRINITY_DN6491_c2_g1_rr_17","TRINITY_DN6491_c2_g1","Nc_AgSp1_mod_TRINITY_DN6491_c2_g1_rr_17",18,27,94,"T","Nc_Updated_RM_Final_File.fasta","TRINITY_DN6491_c2_g1",11,"Hex","0.8032222805867746",1.286e+09,38773000,"N_crucifera_quantified_raw.txt"
1271,"Nc_AgSp1_mod_TRINITY_DN6491_c2_g1_rr_17","TRINITY_DN6491_c2_g1","Nc_AgSp1_mod_TRINITY_DN6491_c2_g1_rr_17",18,30,94,"S","Nc_Updated_RM_Final_File.fasta","TRINITY_DN6491_c2_g1",1,"Phos","0.38138704800483014",370860000,49270000,"N_crucifera_quantified_raw.txt"
1271,"Nc_AgSp1_mod_TRINITY_DN6491_c2_g1_rr_17","TRINITY_DN6491_c2_g1","Nc_AgSp1_mod_TRINITY_DN6491_c2_g1_rr_17",18,30,94,"S","Nc_Updated_RM_Final_File.fasta","TRINITY_DN6491_c2_g1",3,"Phos","0.7348103550906374",1.286e+09,41753500,"N_crucifera_quantified_raw.txt"
1271,"Nc_AgSp1_mod_TRINITY_DN6491_c2_g1_rr_17","TRINITY_DN6491_c2_g1","Nc_AgSp1_mod_TRINITY_DN6491_c2_g1_rr_17",18,30,94,"S","Nc_Updated_RM_Final_File.fasta","TRINITY_DN6491_c2_g1",5,"Phos","0.9139141773109641",1.286e+09,38773000,"N_crucifera_quantified_raw.txt"
1271,"Nc_AgSp1_mod_TRINITY_DN6491_c2_g1_rr_17","TRINITY_DN6491_c2_g1","Nc_AgSp1_mod_TRINITY_DN6491_c2_g1_rr_17",18,30,94,"S","Nc_Updated_RM_Final_File.fasta","TRINITY_DN6491_c2_g1",7,"Hex","Cannot Determine",370860000,49270000,"N_crucifera_quantified_raw.txt"
1271,"Nc_AgSp1_mod_TRINITY_DN6491_c2_g1_rr_17","TRINITY_DN6491_c2_g1","Nc_AgSp1_mod_TRINITY_DN6491_c2_g1_rr_17",18,30,94,"S","Nc_Updated_RM_Final_File.fasta","TRINITY_DN6491_c2_g1",9,"Hex","Cannot Determine",1.286e+09,41753500,"N_crucifera_quantified_raw.txt"
1271,"Nc_AgSp1_mod_TRINITY_DN6491_c2_g1_rr_17","TRINITY_DN6491_c2_g1","Nc_AgSp1_mod_TRINITY_DN6491_c2_g1_rr_17",18,30,94,"S","Nc_Updated_RM_Final_File.fasta","TRINITY_DN6491_c2_g1",11,"Hex","Cannot Determine",1.286e+09,38773000,"N_crucifera_quantified_raw.txt"
166,"Varen_6869_AgSp1.1_sy","Varen_6869_AgSp1.1","Varen_6869_AgSp1.1_sy",2,11,290,"S","Va_Updated_RM_Final_File.fasta","Varen_6869_AgSp1.1",1,"Phos","Only modified detected",5814600,4158500,"V_arrenata_quantified_raw.txt"
166,"Varen_6869_AgSp1.1_sy","Varen_6869_AgSp1.1","Varen_6869_AgSp1.1_sy",2,11,290,"S","Va_Updated_RM_Final_File.fasta","Varen_6869_AgSp1.1",3,"Phos","Only modified detected",3871100,3000050,"V_arrenata_quantified_raw.txt"
166,"Varen_6869_AgSp1.1_sy","Varen_6869_AgSp1.1","Varen_6869_AgSp1.1_sy",2,11,290,"S","Va_Updated_RM_Final_File.fasta","Varen_6869_AgSp1.1",5,"Phos","Only modified detected",3871100,3000050,"V_arrenata_quantified_raw.txt"
404,"Varen_6869_AgSp1.1_sy","Varen_6869_AgSp1.1","Varen_6869_AgSp1.1_sy",2,249,290,"T","Va_Updated_RM_Final_File.fasta","Varen_6869_AgSp1.1",9,"Hex","Only modified detected",9233300,9233300,"V_arrenata_quantified_raw.txt"
404,"Varen_6869_AgSp1.1_sy","Varen_6869_AgSp1.1","Varen_6869_AgSp1.1_sy",2,249,290,"T","Va_Updated_RM_Final_File.fasta","Varen_6869_AgSp1.1",11,"Hex","Only modified detected",9233300,9233300,"V_arrenata_quantified_raw.txt"
409,"Varen_6869_AgSp1.1_sy","Varen_6869_AgSp1.1","Varen_6869_AgSp1.1_sy",2,254,290,"T","Va_Updated_RM_Final_File.fasta","Varen_6869_AgSp1.1",7,"Hex","Only modified detected",11838000,11838000,"V_arrenata_quantified_raw.txt"
517,"Varen_6869_AgSp1.1_rr_2","Varen_6869_AgSp1.1","Varen_6869_AgSp1.1_rr_2",4,24,94,"T","Va_Updated_RM_Final_File.fasta","Varen_6869_AgSp1.1",7,"Hex","0.3451728545400452",31302000,14629600,"V_arrenata_quantified_raw.txt"
517,"Varen_6869_AgSp1.1_rr_2","Varen_6869_AgSp1.1","Varen_6869_AgSp1.1_rr_2",4,24,94,"T","Va_Updated_RM_Final_File.fasta","Varen_6869_AgSp1.1",11,"Hex","Cannot Determine",28457000,17074000,"V_arrenata_quantified_raw.txt"
519,"Varen_6869_AgSp1.1_rr_2","Varen_6869_AgSp1.1","Varen_6869_AgSp1.1_rr_2",4,26,94,"T","Va_Updated_RM_Final_File.fasta","Varen_6869_AgSp1.1",7,"Hex","Only modified detected",31302000,14629600,"V_arrenata_quantified_raw.txt"
519,"Varen_6869_AgSp1.1_rr_2","Varen_6869_AgSp1.1","Varen_6869_AgSp1.1_rr_2",4,26,94,"T","Va_Updated_RM_Final_File.fasta","Varen_6869_AgSp1.1",9,"Hex","Only modified detected",28457000,22765500,"V_arrenata_quantified_raw.txt"
519,"Varen_6869_AgSp1.1_rr_2","Varen_6869_AgSp1.1","Varen_6869_AgSp1.1_rr_2",4,26,94,"T","Va_Updated_RM_Final_File.fasta","Varen_6869_AgSp1.1",11,"Hex","Only modified detected",28457000,17074000,"V_arrenata_quantified_raw.txt"
520,"Varen_6869_AgSp1.1_rr_2","Varen_6869_AgSp1.1","Varen_6869_AgSp1.1_rr_2",4,27,94,"T","Va_Updated_RM_Final_File.fasta","Varen_6869_AgSp1.1",7,"Hex","0.6548271454599549",31302000,14629600,"V_arrenata_quantified_raw.txt"
520,"Varen_6869_AgSp1.1_rr_2","Varen_6869_AgSp1.1","Varen_6869_AgSp1.1_rr_2",4,27,94,"T","Va_Updated_RM_Final_File.fasta","Varen_6869_AgSp1.1",9,"Hex","Only modified detected",28457000,22765500,"V_arrenata_quantified_raw.txt"
520,"Varen_6869_AgSp1.1_rr_2","Varen_6869_AgSp1.1","Varen_6869_AgSp1.1_rr_2",4,27,94,"T","Va_Updated_RM_Final_File.fasta","Varen_6869_AgSp1.1",11,"Hex","Only modified detected",28457000,17074000,"V_arrenata_quantified_raw.txt"
525,"Varen_6869_AgSp1.1_rr_2","Varen_6869_AgSp1.1","Varen_6869_AgSp1.1_rr_2",4,32,94,"T","Va_Updated_RM_Final_File.fasta","Varen_6869_AgSp1.1",7,"Hex","Only modified detected",31302000,14629600,"V_arrenata_quantified_raw.txt"
525,"Varen_6869_AgSp1.1_rr_2","Varen_6869_AgSp1.1","Varen_6869_AgSp1.1_rr_2",4,32,94,"T","Va_Updated_RM_Final_File.fasta","Varen_6869_AgSp1.1",9,"Hex","Only modified detected",28457000,22765500,"V_arrenata_quantified_raw.txt"
525,"Varen_6869_AgSp1.1_rr_2","Varen_6869_AgSp1.1","Varen_6869_AgSp1.1_rr_2",4,32,94,"T","Va_Updated_RM_Final_File.fasta","Varen_6869_AgSp1.1",11,"Hex","Cannot Determine",28457000,17074000,"V_arrenata_quantified_raw.txt"
543,"Varen_6869_AgSp1.1_rr_2","Varen_6869_AgSp1.1","Varen_6869_AgSp1.1_rr_2",4,50,94,"T","Va_Updated_RM_Final_File.fasta","Varen_6869_AgSp1.1",7,"Hex","Only modified detected",47125000,12132000,"V_arrenata_quantified_raw.txt"
543,"Varen_6869_AgSp1.1_rr_2","Varen_6869_AgSp1.1","Varen_6869_AgSp1.1_rr_2",4,50,94,"T","Va_Updated_RM_Final_File.fasta","Varen_6869_AgSp1.1",9,"Hex","Only modified detected",43147000,43147000,"V_arrenata_quantified_raw.txt"
543,"Varen_6869_AgSp1.1_rr_2","Varen_6869_AgSp1.1","Varen_6869_AgSp1.1_rr_2",4,50,94,"T","Va_Updated_RM_Final_File.fasta","Varen_6869_AgSp1.1",11,"Hex","Only modified detected",43147000,20571000,"V_arrenata_quantified_raw.txt"
546,"Varen_6869_AgSp1.1_rr_2","Varen_6869_AgSp1.1","Varen_6869_AgSp1.1_rr_2",4,53,94,"T","Va_Updated_RM_Final_File.fasta","Varen_6869_AgSp1.1",7,"Hex","0.020924197313729364",47125000,12132000,"V_arrenata_quantified_raw.txt"
546,"Varen_6869_AgSp1.1_rr_2","Varen_6869_AgSp1.1","Varen_6869_AgSp1.1_rr_2",4,53,94,"T","Va_Updated_RM_Final_File.fasta","Varen_6869_AgSp1.1",9,"Hex","Only modified detected",43147000,43147000,"V_arrenata_quantified_raw.txt"
546,"Varen_6869_AgSp1.1_rr_2","Varen_6869_AgSp1.1","Varen_6869_AgSp1.1_rr_2",4,53,94,"T","Va_Updated_RM_Final_File.fasta","Varen_6869_AgSp1.1",11,"Hex","Cannot Determine",43147000,20571000,"V_arrenata_quantified_raw.txt"
548,"Varen_6869_AgSp1.1_rr_2","Varen_6869_AgSp1.1","Varen_6869_AgSp1.1_rr_2",4,55,94,"T","Va_Updated_RM_Final_File.fasta","Varen_6869_AgSp1.1",7,"Hex","0.6034827655418543",47125000,12132000,"V_arrenata_quantified_raw.txt"
548,"Varen_6869_AgSp1.1_rr_2","Varen_6869_AgSp1.1","Varen_6869_AgSp1.1_rr_2",4,55,94,"T","Va_Updated_RM_Final_File.fasta","Varen_6869_AgSp1.1",11,"Hex","Cannot Determine",43147000,20571000,"V_arrenata_quantified_raw.txt"
565,"Varen_6869_AgSp1.1_rr_3","Varen_6869_AgSp1.1","Varen_6869_AgSp1.1_rr_3",5,4,94,"T","Va_Updated_RM_Final_File.fasta","Varen_6869_AgSp1.1",7,"Hex","Only modified detected",915710,915710,"V_arrenata_quantified_raw.txt"
611,"Varen_6869_AgSp1.1_rr_3","Varen_6869_AgSp1.1","Varen_6869_AgSp1.1_rr_3",5,50,94,"T","Va_Updated_RM_Final_File.fasta","Varen_6869_AgSp1.1",7,"Hex","0.5780059397006081",19477000,5330500,"V_arrenata_quantified_raw.txt"
611,"Varen_6869_AgSp1.1_rr_3","Varen_6869_AgSp1.1","Varen_6869_AgSp1.1_rr_3",5,50,94,"T","Va_Updated_RM_Final_File.fasta","Varen_6869_AgSp1.1",9,"Hex","Only modified detected",14459000,14459000,"V_arrenata_quantified_raw.txt"
611,"Varen_6869_AgSp1.1_rr_3","Varen_6869_AgSp1.1","Varen_6869_AgSp1.1_rr_3",5,50,94,"T","Va_Updated_RM_Final_File.fasta","Varen_6869_AgSp1.1",11,"Hex","Only modified detected",14459000,14459000,"V_arrenata_quantified_raw.txt"
616,"Varen_6869_AgSp1.1_rr_3","Varen_6869_AgSp1.1","Varen_6869_AgSp1.1_rr_3",5,55,94,"T","Va_Updated_RM_Final_File.fasta","Varen_6869_AgSp1.1",7,"Hex","Only modified detected",19477000,5330500,"V_arrenata_quantified_raw.txt"
616,"Varen_6869_AgSp1.1_rr_3","Varen_6869_AgSp1.1","Varen_6869_AgSp1.1_rr_3",5,55,94,"T","Va_Updated_RM_Final_File.fasta","Varen_6869_AgSp1.1",9,"Hex","Only modified detected",14459000,14459000,"V_arrenata_quantified_raw.txt"
616,"Varen_6869_AgSp1.1_rr_3","Varen_6869_AgSp1.1","Varen_6869_AgSp1.1_rr_3",5,55,94,"T","Va_Updated_RM_Final_File.fasta","Varen_6869_AgSp1.1",11,"Hex","Only modified detected",14459000,14459000,"V_arrenata_quantified_raw.txt"
633,"Varen_6869_AgSp1.1_rr_3","Varen_6869_AgSp1.1","Varen_6869_AgSp1.1_rr_3",5,72,94,"T","Va_Updated_RM_Final_File.fasta","Varen_6869_AgSp1.1",7,"Hex","Only modified detected",14278000,8877400,"V_arrenata_quantified_raw.txt"
634,"Varen_6869_AgSp1.1_rr_3","Varen_6869_AgSp1.1","Varen_6869_AgSp1.1_rr_3",5,73,94,"T","Va_Updated_RM_Final_File.fasta","Varen_6869_AgSp1.1",9,"Hex","Only modified detected",2982600,2982600,"V_arrenata_quantified_raw.txt"
634,"Varen_6869_AgSp1.1_rr_3","Varen_6869_AgSp1.1","Varen_6869_AgSp1.1_rr_3",5,73,94,"T","Va_Updated_RM_Final_File.fasta","Varen_6869_AgSp1.1",11,"Hex","Only modified detected",2982600,2982600,"V_arrenata_quantified_raw.txt"
637,"Varen_6869_AgSp1.1_rr_3","Varen_6869_AgSp1.1","Varen_6869_AgSp1.1_rr_3",5,76,94,"T","Va_Updated_RM_Final_File.fasta","Varen_6869_AgSp1.1",7,"Hex","Only modified detected",14278000,8877400,"V_arrenata_quantified_raw.txt"
637,"Varen_6869_AgSp1.1_rr_3","Varen_6869_AgSp1.1","Varen_6869_AgSp1.1_rr_3",5,76,94,"T","Va_Updated_RM_Final_File.fasta","Varen_6869_AgSp1.1",9,"Hex","Only modified detected",2982600,2982600,"V_arrenata_quantified_raw.txt"
637,"Varen_6869_AgSp1.1_rr_3","Varen_6869_AgSp1.1","Varen_6869_AgSp1.1_rr_3",5,76,94,"T","Va_Updated_RM_Final_File.fasta","Varen_6869_AgSp1.1",11,"Hex","Only modified detected",2982600,2982600,"V_arrenata_quantified_raw.txt"
674,"Varen_6869_AgSp1.1_rr_4","Varen_6869_AgSp1.1","Varen_6869_AgSp1.1_rr_4",6,22,94,"T","Va_Updated_RM_Final_File.fasta","Varen_6869_AgSp1.1",7,"Hex","Cannot Determine",24077000,10245000,"V_arrenata_quantified_raw.txt"
674,"Varen_6869_AgSp1.1_rr_4","Varen_6869_AgSp1.1","Varen_6869_AgSp1.1_rr_4",6,22,94,"T","Va_Updated_RM_Final_File.fasta","Varen_6869_AgSp1.1",9,"Hex","Only modified detected",7807800,7807800,"V_arrenata_quantified_raw.txt"
674,"Varen_6869_AgSp1.1_rr_4","Varen_6869_AgSp1.1","Varen_6869_AgSp1.1_rr_4",6,22,94,"T","Va_Updated_RM_Final_File.fasta","Varen_6869_AgSp1.1",11,"Hex","Only modified detected",7807800,7807800,"V_arrenata_quantified_raw.txt"
696,"Varen_6869_AgSp1.1_rr_4","Varen_6869_AgSp1.1","Varen_6869_AgSp1.1_rr_4",6,44,94,"S","Va_Updated_RM_Final_File.fasta","Varen_6869_AgSp1.1",1,"Phos","0.657961782256507",14909000,11807450,"V_arrenata_quantified_raw.txt"
696,"Varen_6869_AgSp1.1_rr_4","Varen_6869_AgSp1.1","Varen_6869_AgSp1.1_rr_4",6,44,94,"S","Va_Updated_RM_Final_File.fasta","Varen_6869_AgSp1.1",3,"Phos","0.6097936632891198",7902300,6494650,"V_arrenata_quantified_raw.txt"
696,"Varen_6869_AgSp1.1_rr_4","Varen_6869_AgSp1.1","Varen_6869_AgSp1.1_rr_4",6,44,94,"S","Va_Updated_RM_Final_File.fasta","Varen_6869_AgSp1.1",5,"Phos","0.645062259420066",7902300,6494650,"V_arrenata_quantified_raw.txt"
704,"Varen_6869_AgSp1.1_rr_4","Varen_6869_AgSp1.1","Varen_6869_AgSp1.1_rr_4",6,52,94,"T","Va_Updated_RM_Final_File.fasta","Varen_6869_AgSp1.1",7,"Hex","Only modified detected",11403000,7035450,"V_arrenata_quantified_raw.txt"
704,"Varen_6869_AgSp1.1_rr_4","Varen_6869_AgSp1.1","Varen_6869_AgSp1.1_rr_4",6,52,94,"T","Va_Updated_RM_Final_File.fasta","Varen_6869_AgSp1.1",9,"Hex","Only modified detected",9297900,5551200,"V_arrenata_quantified_raw.txt"
704,"Varen_6869_AgSp1.1_rr_4","Varen_6869_AgSp1.1","Varen_6869_AgSp1.1_rr_4",6,52,94,"T","Va_Updated_RM_Final_File.fasta","Varen_6869_AgSp1.1",11,"Hex","Only modified detected",9297900,5551200,"V_arrenata_quantified_raw.txt"
762,"Varen_6869_AgSp1.1_rr_5","Varen_6869_AgSp1.1","Varen_6869_AgSp1.1_rr_5",7,22,94,"T","Va_Updated_RM_Final_File.fasta","Varen_6869_AgSp1.1",7,"Hex","Cannot Determine",30663000,15254450,"V_arrenata_quantified_raw.txt"
762,"Varen_6869_AgSp1.1_rr_5","Varen_6869_AgSp1.1","Varen_6869_AgSp1.1_rr_5",7,22,94,"T","Va_Updated_RM_Final_File.fasta","Varen_6869_AgSp1.1",9,"Hex","Cannot Determine",17947000,16891000,"V_arrenata_quantified_raw.txt"
762,"Varen_6869_AgSp1.1_rr_5","Varen_6869_AgSp1.1","Varen_6869_AgSp1.1_rr_5",7,22,94,"T","Va_Updated_RM_Final_File.fasta","Varen_6869_AgSp1.1",11,"Hex","Cannot Determine",17947000,16891000,"V_arrenata_quantified_raw.txt"
786,"Varen_6869_AgSp1.1_rr_5","Varen_6869_AgSp1.1","Varen_6869_AgSp1.1_rr_5",7,46,94,"S","Va_Updated_RM_Final_File.fasta","Varen_6869_AgSp1.1",7,"Hex","Cannot Determine",13301000,8633800,"V_arrenata_quantified_raw.txt"
787,"Varen_6869_AgSp1.1_rr_5","Varen_6869_AgSp1.1","Varen_6869_AgSp1.1_rr_5",7,47,94,"T","Va_Updated_RM_Final_File.fasta","Varen_6869_AgSp1.1",7,"Hex","Only modified detected",13301000,8633800,"V_arrenata_quantified_raw.txt"
787,"Varen_6869_AgSp1.1_rr_5","Varen_6869_AgSp1.1","Varen_6869_AgSp1.1_rr_5",7,47,94,"T","Va_Updated_RM_Final_File.fasta","Varen_6869_AgSp1.1",11,"Hex","Only modified detected",8650000,8650000,"V_arrenata_quantified_raw.txt"
790,"Varen_6869_AgSp1.1_rr_5","Varen_6869_AgSp1.1","Varen_6869_AgSp1.1_rr_5",7,50,94,"T","Va_Updated_RM_Final_File.fasta","Varen_6869_AgSp1.1",7,"Hex","Only modified detected",13301000,8633800,"V_arrenata_quantified_raw.txt"
790,"Varen_6869_AgSp1.1_rr_5","Varen_6869_AgSp1.1","Varen_6869_AgSp1.1_rr_5",7,50,94,"T","Va_Updated_RM_Final_File.fasta","Varen_6869_AgSp1.1",11,"Hex","Only modified detected",8650000,8650000,"V_arrenata_quantified_raw.txt"
792,"Varen_6869_AgSp1.1_rr_5","Varen_6869_AgSp1.1","Varen_6869_AgSp1.1_rr_5",7,52,94,"T","Va_Updated_RM_Final_File.fasta","Varen_6869_AgSp1.1",7,"Hex","Cannot Determine",13301000,8633800,"V_arrenata_quantified_raw.txt"
792,"Varen_6869_AgSp1.1_rr_5","Varen_6869_AgSp1.1","Varen_6869_AgSp1.1_rr_5",7,52,94,"T","Va_Updated_RM_Final_File.fasta","Varen_6869_AgSp1.1",11,"Hex","Only modified detected",8650000,8650000,"V_arrenata_quantified_raw.txt"
850,"Varen_6869_AgSp1.1_rr_6","Varen_6869_AgSp1.1","Varen_6869_AgSp1.1_rr_6",8,22,94,"T","Va_Updated_RM_Final_File.fasta","Varen_6869_AgSp1.1",7,"Hex","Cannot Determine",43403000,3952350,"V_arrenata_quantified_raw.txt"
850,"Varen_6869_AgSp1.1_rr_6","Varen_6869_AgSp1.1","Varen_6869_AgSp1.1_rr_6",8,22,94,"T","Va_Updated_RM_Final_File.fasta","Varen_6869_AgSp1.1",9,"Hex","Only modified detected",29384000,16747950,"V_arrenata_quantified_raw.txt"
850,"Varen_6869_AgSp1.1_rr_6","Varen_6869_AgSp1.1","Varen_6869_AgSp1.1_rr_6",8,22,94,"T","Va_Updated_RM_Final_File.fasta","Varen_6869_AgSp1.1",11,"Hex","Only modified detected",29384000,16747950,"V_arrenata_quantified_raw.txt"
954,"Varen_6869_AgSp1.1_rr_8","Varen_6869_AgSp1.1","Varen_6869_AgSp1.1_rr_8",10,38,94,"S","Va_Updated_RM_Final_File.fasta","Varen_6869_AgSp1.1",3,"Phos","0.638178799000074",42704000,31358000,"V_arrenata_quantified_raw.txt"
954,"Varen_6869_AgSp1.1_rr_8","Varen_6869_AgSp1.1","Varen_6869_AgSp1.1_rr_8",10,38,94,"S","Va_Updated_RM_Final_File.fasta","Varen_6869_AgSp1.1",5,"Phos","0.17837260173967573",42704000,31358000,"V_arrenata_quantified_raw.txt"
963,"Varen_6869_AgSp1.1_rr_8","Varen_6869_AgSp1.1","Varen_6869_AgSp1.1_rr_8",10,47,94,"S","Va_Updated_RM_Final_File.fasta","Varen_6869_AgSp1.1",9,"Hex","Cannot Determine",42704000,31358000,"V_arrenata_quantified_raw.txt"
963,"Varen_6869_AgSp1.1_rr_8","Varen_6869_AgSp1.1","Varen_6869_AgSp1.1_rr_8",10,47,94,"S","Va_Updated_RM_Final_File.fasta","Varen_6869_AgSp1.1",11,"Hex","Cannot Determine",42704000,31358000,"V_arrenata_quantified_raw.txt"
966,"Varen_6869_AgSp1.1_rr_8","Varen_6869_AgSp1.1","Varen_6869_AgSp1.1_rr_8",10,50,94,"T","Va_Updated_RM_Final_File.fasta","Varen_6869_AgSp1.1",9,"Hex","Cannot Determine",42704000,31358000,"V_arrenata_quantified_raw.txt"
966,"Varen_6869_AgSp1.1_rr_8","Varen_6869_AgSp1.1","Varen_6869_AgSp1.1_rr_8",10,50,94,"T","Va_Updated_RM_Final_File.fasta","Varen_6869_AgSp1.1",11,"Hex","Cannot Determine",42704000,31358000,"V_arrenata_quantified_raw.txt"
1054,"Varen_6869_AgSp1.1_rr_9","Varen_6869_AgSp1.1","Varen_6869_AgSp1.1_rr_9",11,70,94,"T","Va_Updated_RM_Final_File.fasta","Varen_6869_AgSp1.1",7,"Hex","0.3178614438008732",28865000,10380000,"V_arrenata_quantified_raw.txt"
1054,"Varen_6869_AgSp1.1_rr_9","Varen_6869_AgSp1.1","Varen_6869_AgSp1.1_rr_9",11,70,94,"T","Va_Updated_RM_Final_File.fasta","Varen_6869_AgSp1.1",9,"Hex","Cannot Determine",18279000,6286600,"V_arrenata_quantified_raw.txt"
1056,"Varen_6869_AgSp1.1_rr_9","Varen_6869_AgSp1.1","Varen_6869_AgSp1.1_rr_9",11,72,94,"S","Va_Updated_RM_Final_File.fasta","Varen_6869_AgSp1.1",7,"Hex","0.6821385561991268",28865000,10380000,"V_arrenata_quantified_raw.txt"
1056,"Varen_6869_AgSp1.1_rr_9","Varen_6869_AgSp1.1","Varen_6869_AgSp1.1_rr_9",11,72,94,"S","Va_Updated_RM_Final_File.fasta","Varen_6869_AgSp1.1",9,"Hex","Cannot Determine",18279000,6286600,"V_arrenata_quantified_raw.txt"
1056,"Varen_6869_AgSp1.1_rr_9","Varen_6869_AgSp1.1","Varen_6869_AgSp1.1_rr_9",11,72,94,"S","Va_Updated_RM_Final_File.fasta","Varen_6869_AgSp1.1",11,"Hex","Only modified detected",18279000,16996000,"V_arrenata_quantified_raw.txt"
1181,"Varen_6869_AgSp1.1_rr_11","Varen_6869_AgSp1.1","Varen_6869_AgSp1.1_rr_11",13,22,94,"T","Va_Updated_RM_Final_File.fasta","Varen_6869_AgSp1.1",7,"Hex","Cannot Determine",41295000,3170200,"V_arrenata_quantified_raw.txt"
1181,"Varen_6869_AgSp1.1_rr_11","Varen_6869_AgSp1.1","Varen_6869_AgSp1.1_rr_11",13,22,94,"T","Va_Updated_RM_Final_File.fasta","Varen_6869_AgSp1.1",9,"Hex","0.9600519385323645",23009000,12679250,"V_arrenata_quantified_raw.txt"
1181,"Varen_6869_AgSp1.1_rr_11","Varen_6869_AgSp1.1","Varen_6869_AgSp1.1_rr_11",13,22,94,"T","Va_Updated_RM_Final_File.fasta","Varen_6869_AgSp1.1",11,"Hex","Cannot Determine",23009000,12679250,"V_arrenata_quantified_raw.txt"
1401,"Varen_6869_AgSp1.1_rr_15","Varen_6869_AgSp1.1","Varen_6869_AgSp1.1_rr_15",17,3,94,"T","Va_Updated_RM_Final_File.fasta","Varen_6869_AgSp1.1",7,"Hex","0.5715082844060966",14330000,13246000,"V_arrenata_quantified_raw.txt"
1401,"Varen_6869_AgSp1.1_rr_15","Varen_6869_AgSp1.1","Varen_6869_AgSp1.1_rr_15",17,3,94,"T","Va_Updated_RM_Final_File.fasta","Varen_6869_AgSp1.1",11,"Hex","Only modified detected",10292000,10292000,"V_arrenata_quantified_raw.txt"
1402,"Varen_6869_AgSp1.1_rr_15","Varen_6869_AgSp1.1","Varen_6869_AgSp1.1_rr_15",17,4,94,"T","Va_Updated_RM_Final_File.fasta","Varen_6869_AgSp1.1",7,"Hex","Only modified detected",14330000,13246000,"V_arrenata_quantified_raw.txt"
1402,"Varen_6869_AgSp1.1_rr_15","Varen_6869_AgSp1.1","Varen_6869_AgSp1.1_rr_15",17,4,94,"T","Va_Updated_RM_Final_File.fasta","Varen_6869_AgSp1.1",11,"Hex","Only modified detected",10292000,10292000,"V_arrenata_quantified_raw.txt"
1407,"Varen_6869_AgSp1.1_rr_15","Varen_6869_AgSp1.1","Varen_6869_AgSp1.1_rr_15",17,9,94,"T","Va_Updated_RM_Final_File.fasta","Varen_6869_AgSp1.1",7,"Hex","Only modified detected",14330000,13246000,"V_arrenata_quantified_raw.txt"
1424,"Varen_6869_AgSp1.1_rr_15","Varen_6869_AgSp1.1","Varen_6869_AgSp1.1_rr_15",17,26,94,"T","Va_Updated_RM_Final_File.fasta","Varen_6869_AgSp1.1",7,"Hex","Only modified detected",10924000,10924000,"V_arrenata_quantified_raw.txt"
1424,"Varen_6869_AgSp1.1_rr_15","Varen_6869_AgSp1.1","Varen_6869_AgSp1.1_rr_15",17,26,94,"T","Va_Updated_RM_Final_File.fasta","Varen_6869_AgSp1.1",9,"Hex","Only modified detected",7375000,7375000,"V_arrenata_quantified_raw.txt"
1424,"Varen_6869_AgSp1.1_rr_15","Varen_6869_AgSp1.1","Varen_6869_AgSp1.1_rr_15",17,26,94,"T","Va_Updated_RM_Final_File.fasta","Varen_6869_AgSp1.1",11,"Hex","Only modified detected",7375000,7375000,"V_arrenata_quantified_raw.txt"
1425,"Varen_6869_AgSp1.1_rr_15","Varen_6869_AgSp1.1","Varen_6869_AgSp1.1_rr_15",17,27,94,"T","Va_Updated_RM_Final_File.fasta","Varen_6869_AgSp1.1",7,"Hex","Only modified detected",10924000,10924000,"V_arrenata_quantified_raw.txt"
1425,"Varen_6869_AgSp1.1_rr_15","Varen_6869_AgSp1.1","Varen_6869_AgSp1.1_rr_15",17,27,94,"T","Va_Updated_RM_Final_File.fasta","Varen_6869_AgSp1.1",9,"Hex","Only modified detected",7375000,7375000,"V_arrenata_quantified_raw.txt"
1425,"Varen_6869_AgSp1.1_rr_15","Varen_6869_AgSp1.1","Varen_6869_AgSp1.1_rr_15",17,27,94,"T","Va_Updated_RM_Final_File.fasta","Varen_6869_AgSp1.1",11,"Hex","Only modified detected",7375000,7375000,"V_arrenata_quantified_raw.txt"
1531,"Varen_6869_AgSp1.1_tr_rm1_1","Varen_6869_AgSp1.1","Varen_6869_AgSp1.1_tr_rm1_1",19,27,52,"T","Va_Updated_RM_Final_File.fasta","Varen_6869_AgSp1.1",1,"Phos","Only modified detected",762780,685495,"V_arrenata_quantified_raw.txt"
1531,"Varen_6869_AgSp1.1_tr_rm1_1","Varen_6869_AgSp1.1","Varen_6869_AgSp1.1_tr_rm1_1",19,27,52,"T","Va_Updated_RM_Final_File.fasta","Varen_6869_AgSp1.1",7,"Hex","Only modified detected",762780,685495,"V_arrenata_quantified_raw.txt"
1534,"Varen_6869_AgSp1.1_tr_rm1_1","Varen_6869_AgSp1.1","Varen_6869_AgSp1.1_tr_rm1_1",19,30,52,"S","Va_Updated_RM_Final_File.fasta","Varen_6869_AgSp1.1",1,"Phos","Only modified detected",762780,685495,"V_arrenata_quantified_raw.txt"
1534,"Varen_6869_AgSp1.1_tr_rm1_1","Varen_6869_AgSp1.1","Varen_6869_AgSp1.1_tr_rm1_1",19,30,52,"S","Va_Updated_RM_Final_File.fasta","Varen_6869_AgSp1.1",7,"Hex","Only modified detected",762780,685495,"V_arrenata_quantified_raw.txt"
1553,"Varen_6869_AgSp1.1_tr_rm1_2","Varen_6869_AgSp1.1","Varen_6869_AgSp1.1_tr_rm1_2",20,4,52,"T","Va_Updated_RM_Final_File.fasta","Varen_6869_AgSp1.1",7,"Hex","Only modified detected",8505600,8505600,"V_arrenata_quantified_raw.txt"
1553,"Varen_6869_AgSp1.1_tr_rm1_2","Varen_6869_AgSp1.1","Varen_6869_AgSp1.1_tr_rm1_2",20,4,52,"T","Va_Updated_RM_Final_File.fasta","Varen_6869_AgSp1.1",11,"Hex","Only modified detected",4995000,4995000,"V_arrenata_quantified_raw.txt"
1668,"Varen_6869_AgSp1.1_tr_rm1_4","Varen_6869_AgSp1.1","Varen_6869_AgSp1.1_tr_rm1_4",22,22,52,"T","Va_Updated_RM_Final_File.fasta","Varen_6869_AgSp1.1",7,"Hex","Only modified detected",30433000,5759000,"V_arrenata_quantified_raw.txt"
1668,"Varen_6869_AgSp1.1_tr_rm1_4","Varen_6869_AgSp1.1","Varen_6869_AgSp1.1_tr_rm1_4",22,22,52,"T","Va_Updated_RM_Final_File.fasta","Varen_6869_AgSp1.1",9,"Hex","Only modified detected",18384000,11158550,"V_arrenata_quantified_raw.txt"
1668,"Varen_6869_AgSp1.1_tr_rm1_4","Varen_6869_AgSp1.1","Varen_6869_AgSp1.1_tr_rm1_4",22,22,52,"T","Va_Updated_RM_Final_File.fasta","Varen_6869_AgSp1.1",11,"Hex","Only modified detected",18384000,11158550,"V_arrenata_quantified_raw.txt"
1669,"Varen_6869_AgSp1.1_tr_rm1_4","Varen_6869_AgSp1.1","Varen_6869_AgSp1.1_tr_rm1_4",22,23,52,"T","Va_Updated_RM_Final_File.fasta","Varen_6869_AgSp1.1",7,"Hex","0.9896319852107783",30433000,5759000,"V_arrenata_quantified_raw.txt"
1669,"Varen_6869_AgSp1.1_tr_rm1_4","Varen_6869_AgSp1.1","Varen_6869_AgSp1.1_tr_rm1_4",22,23,52,"T","Va_Updated_RM_Final_File.fasta","Varen_6869_AgSp1.1",9,"Hex","Only modified detected",18384000,11158550,"V_arrenata_quantified_raw.txt"
1669,"Varen_6869_AgSp1.1_tr_rm1_4","Varen_6869_AgSp1.1","Varen_6869_AgSp1.1_tr_rm1_4",22,23,52,"T","Va_Updated_RM_Final_File.fasta","Varen_6869_AgSp1.1",11,"Hex","Only modified detected",18384000,11158550,"V_arrenata_quantified_raw.txt"
1739,"Varen_6869_AgSp1.1_glycine_rm1_1","Varen_6869_AgSp1.1","Varen_6869_AgSp1.1_glycine_rm1_1",23,51,108,"T","Va_Updated_RM_Final_File.fasta","Varen_6869_AgSp1.1",7,"Hex","Only modified detected",5202600,5202600,"V_arrenata_quantified_raw.txt"
1740,"Varen_6869_AgSp1.1_glycine_rm1_1","Varen_6869_AgSp1.1","Varen_6869_AgSp1.1_glycine_rm1_1",23,52,108,"T","Va_Updated_RM_Final_File.fasta","Varen_6869_AgSp1.1",7,"Hex","Only modified detected",5202600,5202600,"V_arrenata_quantified_raw.txt"
1847,"Varen_6869_AgSp1.1_glycine_rm1_2","Varen_6869_AgSp1.1","Varen_6869_AgSp1.1_glycine_rm1_2",24,67,108,"S","Va_Updated_RM_Final_File.fasta","Varen_6869_AgSp1.1",7,"Hex","Cannot Determine",63480000,4001200,"V_arrenata_quantified_raw.txt"
1848,"Varen_6869_AgSp1.1_glycine_rm1_2","Varen_6869_AgSp1.1","Varen_6869_AgSp1.1_glycine_rm1_2",24,68,108,"T","Va_Updated_RM_Final_File.fasta","Varen_6869_AgSp1.1",7,"Hex","0.9724672771993927",63480000,4001200,"V_arrenata_quantified_raw.txt"
2176,"Varen_6869_AgSp1.1_serine_rm3_1","Varen_6869_AgSp1.1","Varen_6869_AgSp1.1_serine_rm3_1",29,27,98,"T","Va_Updated_RM_Final_File.fasta","Varen_6869_AgSp1.1",1,"Phos","Only modified detected",10347000,6784350,"V_arrenata_quantified_raw.txt"
2176,"Varen_6869_AgSp1.1_serine_rm3_1","Varen_6869_AgSp1.1","Varen_6869_AgSp1.1_serine_rm3_1",29,27,98,"T","Va_Updated_RM_Final_File.fasta","Varen_6869_AgSp1.1",3,"Phos","Only modified detected",7258800,4829250,"V_arrenata_quantified_raw.txt"
2176,"Varen_6869_AgSp1.1_serine_rm3_1","Varen_6869_AgSp1.1","Varen_6869_AgSp1.1_serine_rm3_1",29,27,98,"T","Va_Updated_RM_Final_File.fasta","Varen_6869_AgSp1.1",5,"Phos","Only modified detected",7258800,7258800,"V_arrenata_quantified_raw.txt"
2176,"Varen_6869_AgSp1.1_serine_rm3_1","Varen_6869_AgSp1.1","Varen_6869_AgSp1.1_serine_rm3_1",29,27,98,"T","Va_Updated_RM_Final_File.fasta","Varen_6869_AgSp1.1",7,"Hex","Only modified detected",10347000,6784350,"V_arrenata_quantified_raw.txt"
2176,"Varen_6869_AgSp1.1_serine_rm3_1","Varen_6869_AgSp1.1","Varen_6869_AgSp1.1_serine_rm3_1",29,27,98,"T","Va_Updated_RM_Final_File.fasta","Varen_6869_AgSp1.1",9,"Hex","Only modified detected",7258800,4829250,"V_arrenata_quantified_raw.txt"
2179,"Varen_6869_AgSp1.1_serine_rm3_1","Varen_6869_AgSp1.1","Varen_6869_AgSp1.1_serine_rm3_1",29,30,98,"S","Va_Updated_RM_Final_File.fasta","Varen_6869_AgSp1.1",7,"Hex","Cannot Determine",10347000,6784350,"V_arrenata_quantified_raw.txt"
2179,"Varen_6869_AgSp1.1_serine_rm3_1","Varen_6869_AgSp1.1","Varen_6869_AgSp1.1_serine_rm3_1",29,30,98,"S","Va_Updated_RM_Final_File.fasta","Varen_6869_AgSp1.1",9,"Hex","Cannot Determine",7258800,4829250,"V_arrenata_quantified_raw.txt"
2179,"Varen_6869_AgSp1.1_serine_rm3_1","Varen_6869_AgSp1.1","Varen_6869_AgSp1.1_serine_rm3_1",29,30,98,"S","Va_Updated_RM_Final_File.fasta","Varen_6869_AgSp1.1",11,"Hex","Only modified detected",7258800,7258800,"V_arrenata_quantified_raw.txt"
804,"Varen_6869_AgSp1.2_rr_3","Varen_6869_AgSp1.2","Varen_6869_AgSp1.2_rr_3",41,50,94,"T","Va_Updated_RM_Final_File.fasta","Varen_6869_AgSp1.2",7,"Hex","Only modified detected",5455100,5455100,"V_arrenata_quantified_raw.txt"
804,"Varen_6869_AgSp1.2_rr_3","Varen_6869_AgSp1.2","Varen_6869_AgSp1.2_rr_3",41,50,94,"T","Va_Updated_RM_Final_File.fasta","Varen_6869_AgSp1.2",9,"Hex","Only modified detected",5080600,5080600,"V_arrenata_quantified_raw.txt"
809,"Varen_6869_AgSp1.2_rr_3","Varen_6869_AgSp1.2","Varen_6869_AgSp1.2_rr_3",41,55,94,"T","Va_Updated_RM_Final_File.fasta","Varen_6869_AgSp1.2",7,"Hex","Only modified detected",5455100,5455100,"V_arrenata_quantified_raw.txt"
809,"Varen_6869_AgSp1.2_rr_3","Varen_6869_AgSp1.2","Varen_6869_AgSp1.2_rr_3",41,55,94,"T","Va_Updated_RM_Final_File.fasta","Varen_6869_AgSp1.2",9,"Hex","Only modified detected",5080600,5080600,"V_arrenata_quantified_raw.txt"
887,"Varen_6869_AgSp1.2_rr_4","Varen_6869_AgSp1.2","Varen_6869_AgSp1.2_rr_4",42,42,94,"S","Va_Updated_RM_Final_File.fasta","Varen_6869_AgSp1.2",1,"Phos","Only modified detected",3316700,3316700,"V_arrenata_quantified_raw.txt"
897,"Varen_6869_AgSp1.2_rr_4","Varen_6869_AgSp1.2","Varen_6869_AgSp1.2_rr_4",42,52,94,"T","Va_Updated_RM_Final_File.fasta","Varen_6869_AgSp1.2",7,"Hex","Only modified detected",7621500,7621500,"V_arrenata_quantified_raw.txt"
1147,"Varen_6869_AgSp1.2_rr_8","Varen_6869_AgSp1.2","Varen_6869_AgSp1.2_rr_8",46,38,94,"S","Va_Updated_RM_Final_File.fasta","Varen_6869_AgSp1.2",1,"Phos","Only modified detected",47677000,8458200,"V_arrenata_quantified_raw.txt"
1147,"Varen_6869_AgSp1.2_rr_8","Varen_6869_AgSp1.2","Varen_6869_AgSp1.2_rr_8",46,38,94,"S","Va_Updated_RM_Final_File.fasta","Varen_6869_AgSp1.2",3,"Phos","Only modified detected",34374000,33306000,"V_arrenata_quantified_raw.txt"
1147,"Varen_6869_AgSp1.2_rr_8","Varen_6869_AgSp1.2","Varen_6869_AgSp1.2_rr_8",46,38,94,"S","Va_Updated_RM_Final_File.fasta","Varen_6869_AgSp1.2",5,"Phos","0.837163368175783",34374000,22662000,"V_arrenata_quantified_raw.txt"
1147,"Varen_6869_AgSp1.2_rr_8","Varen_6869_AgSp1.2","Varen_6869_AgSp1.2_rr_8",46,38,94,"S","Va_Updated_RM_Final_File.fasta","Varen_6869_AgSp1.2",7,"Hex","Only modified detected",47677000,8458200,"V_arrenata_quantified_raw.txt"
1147,"Varen_6869_AgSp1.2_rr_8","Varen_6869_AgSp1.2","Varen_6869_AgSp1.2_rr_8",46,38,94,"S","Va_Updated_RM_Final_File.fasta","Varen_6869_AgSp1.2",9,"Hex","Only modified detected",34374000,33306000,"V_arrenata_quantified_raw.txt"
1147,"Varen_6869_AgSp1.2_rr_8","Varen_6869_AgSp1.2","Varen_6869_AgSp1.2_rr_8",46,38,94,"S","Va_Updated_RM_Final_File.fasta","Varen_6869_AgSp1.2",11,"Hex","0.124311565810024",34374000,22662000,"V_arrenata_quantified_raw.txt"
1156,"Varen_6869_AgSp1.2_rr_8","Varen_6869_AgSp1.2","Varen_6869_AgSp1.2_rr_8",46,47,94,"S","Va_Updated_RM_Final_File.fasta","Varen_6869_AgSp1.2",11,"Hex","0.6883826814718841",34374000,22662000,"V_arrenata_quantified_raw.txt"
1159,"Varen_6869_AgSp1.2_rr_8","Varen_6869_AgSp1.2","Varen_6869_AgSp1.2_rr_8",46,50,94,"T","Va_Updated_RM_Final_File.fasta","Varen_6869_AgSp1.2",7,"Hex","Cannot Determine",47677000,8458200,"V_arrenata_quantified_raw.txt"
1159,"Varen_6869_AgSp1.2_rr_8","Varen_6869_AgSp1.2","Varen_6869_AgSp1.2_rr_8",46,50,94,"T","Va_Updated_RM_Final_File.fasta","Varen_6869_AgSp1.2",9,"Hex","0.8864792243200048",34374000,33306000,"V_arrenata_quantified_raw.txt"
1159,"Varen_6869_AgSp1.2_rr_8","Varen_6869_AgSp1.2","Varen_6869_AgSp1.2_rr_8",46,50,94,"T","Va_Updated_RM_Final_File.fasta","Varen_6869_AgSp1.2",11,"Hex","0.9354458705756019",34374000,22662000,"V_arrenata_quantified_raw.txt"
1207,"Varen_6869_AgSp1.2_rr_9","Varen_6869_AgSp1.2","Varen_6869_AgSp1.2_rr_9",47,30,94,"T","Va_Updated_RM_Final_File.fasta","Varen_6869_AgSp1.2",7,"Hex","Only modified detected",1809800,1809800,"V_arrenata_quantified_raw.txt"
1207,"Varen_6869_AgSp1.2_rr_9","Varen_6869_AgSp1.2","Varen_6869_AgSp1.2_rr_9",47,30,94,"T","Va_Updated_RM_Final_File.fasta","Varen_6869_AgSp1.2",9,"Hex","Only modified detected",1471000,1471000,"V_arrenata_quantified_raw.txt"
1207,"Varen_6869_AgSp1.2_rr_9","Varen_6869_AgSp1.2","Varen_6869_AgSp1.2_rr_9",47,30,94,"T","Va_Updated_RM_Final_File.fasta","Varen_6869_AgSp1.2",11,"Hex","Only modified detected",1471000,1471000,"V_arrenata_quantified_raw.txt"
1317,"Varen_6869_AgSp1.2_rr_10","Varen_6869_AgSp1.2","Varen_6869_AgSp1.2_rr_10",48,52,94,"T","Va_Updated_RM_Final_File.fasta","Varen_6869_AgSp1.2",9,"Hex","Cannot Determine",24831000,14365850,"V_arrenata_quantified_raw.txt"
1331,"Varen_6869_AgSp1.2_rr_10","Varen_6869_AgSp1.2","Varen_6869_AgSp1.2_rr_10",48,66,94,"S","Va_Updated_RM_Final_File.fasta","Varen_6869_AgSp1.2",7,"Hex","Only modified detected",24441000,24441000,"V_arrenata_quantified_raw.txt"
1331,"Varen_6869_AgSp1.2_rr_10","Varen_6869_AgSp1.2","Varen_6869_AgSp1.2_rr_10",48,66,94,"S","Va_Updated_RM_Final_File.fasta","Varen_6869_AgSp1.2",9,"Hex","Only modified detected",24831000,14365850,"V_arrenata_quantified_raw.txt"
1333,"Varen_6869_AgSp1.2_rr_10","Varen_6869_AgSp1.2","Varen_6869_AgSp1.2_rr_10",48,68,94,"T","Va_Updated_RM_Final_File.fasta","Varen_6869_AgSp1.2",7,"Hex","Only modified detected",24441000,24441000,"V_arrenata_quantified_raw.txt"
1333,"Varen_6869_AgSp1.2_rr_10","Varen_6869_AgSp1.2","Varen_6869_AgSp1.2_rr_10",48,68,94,"T","Va_Updated_RM_Final_File.fasta","Varen_6869_AgSp1.2",9,"Hex","Only modified detected",24831000,14365850,"V_arrenata_quantified_raw.txt"
1334,"Varen_6869_AgSp1.2_rr_10","Varen_6869_AgSp1.2","Varen_6869_AgSp1.2_rr_10",48,69,94,"T","Va_Updated_RM_Final_File.fasta","Varen_6869_AgSp1.2",7,"Hex","Only modified detected",24441000,24441000,"V_arrenata_quantified_raw.txt"
1334,"Varen_6869_AgSp1.2_rr_10","Varen_6869_AgSp1.2","Varen_6869_AgSp1.2_rr_10",48,69,94,"T","Va_Updated_RM_Final_File.fasta","Varen_6869_AgSp1.2",9,"Hex","Cannot Determine",24831000,14365850,"V_arrenata_quantified_raw.txt"
1856,"Varen_6869_AgSp1.2_tr_rm4","Varen_6869_AgSp1.2","Varen_6869_AgSp1.2_tr_rm4",58,17,56,"T","Va_Updated_RM_Final_File.fasta","Varen_6869_AgSp1.2",7,"Hex","Only modified detected",1217400,1217400,"V_arrenata_quantified_raw.txt"
1861,"Varen_6869_AgSp1.2_tr_rm4","Varen_6869_AgSp1.2","Varen_6869_AgSp1.2_tr_rm4",58,22,56,"T","Va_Updated_RM_Final_File.fasta","Varen_6869_AgSp1.2",7,"Hex","Only modified detected",1217400,1217400,"V_arrenata_quantified_raw.txt"
1921,"Varen_6869_AgSp1.2_glycine_rm1_1","Varen_6869_AgSp1.2","Varen_6869_AgSp1.2_glycine_rm1_1",59,26,99,"T","Va_Updated_RM_Final_File.fasta","Varen_6869_AgSp1.2",7,"Hex","Only modified detected",13183000,13183000,"V_arrenata_quantified_raw.txt"
1921,"Varen_6869_AgSp1.2_glycine_rm1_1","Varen_6869_AgSp1.2","Varen_6869_AgSp1.2_glycine_rm1_1",59,26,99,"T","Va_Updated_RM_Final_File.fasta","Varen_6869_AgSp1.2",9,"Hex","Only modified detected",29552000,29552000,"V_arrenata_quantified_raw.txt"
1921,"Varen_6869_AgSp1.2_glycine_rm1_1","Varen_6869_AgSp1.2","Varen_6869_AgSp1.2_glycine_rm1_1",59,26,99,"T","Va_Updated_RM_Final_File.fasta","Varen_6869_AgSp1.2",11,"Hex","Only modified detected",29552000,29552000,"V_arrenata_quantified_raw.txt"
1922,"Varen_6869_AgSp1.2_glycine_rm1_1","Varen_6869_AgSp1.2","Varen_6869_AgSp1.2_glycine_rm1_1",59,27,99,"T","Va_Updated_RM_Final_File.fasta","Varen_6869_AgSp1.2",3,"Phos","Only modified detected",29552000,29552000,"V_arrenata_quantified_raw.txt"
1922,"Varen_6869_AgSp1.2_glycine_rm1_1","Varen_6869_AgSp1.2","Varen_6869_AgSp1.2_glycine_rm1_1",59,27,99,"T","Va_Updated_RM_Final_File.fasta","Varen_6869_AgSp1.2",5,"Phos","Only modified detected",29552000,29552000,"V_arrenata_quantified_raw.txt"
1922,"Varen_6869_AgSp1.2_glycine_rm1_1","Varen_6869_AgSp1.2","Varen_6869_AgSp1.2_glycine_rm1_1",59,27,99,"T","Va_Updated_RM_Final_File.fasta","Varen_6869_AgSp1.2",7,"Hex","Only modified detected",13183000,13183000,"V_arrenata_quantified_raw.txt"
1925,"Varen_6869_AgSp1.2_glycine_rm1_1","Varen_6869_AgSp1.2","Varen_6869_AgSp1.2_glycine_rm1_1",59,30,99,"S","Va_Updated_RM_Final_File.fasta","Varen_6869_AgSp1.2",1,"Phos","Only modified detected",13183000,13183000,"V_arrenata_quantified_raw.txt"
1925,"Varen_6869_AgSp1.2_glycine_rm1_1","Varen_6869_AgSp1.2","Varen_6869_AgSp1.2_glycine_rm1_1",59,30,99,"S","Va_Updated_RM_Final_File.fasta","Varen_6869_AgSp1.2",9,"Hex","Only modified detected",29552000,29552000,"V_arrenata_quantified_raw.txt"
1925,"Varen_6869_AgSp1.2_glycine_rm1_1","Varen_6869_AgSp1.2","Varen_6869_AgSp1.2_glycine_rm1_1",59,30,99,"S","Va_Updated_RM_Final_File.fasta","Varen_6869_AgSp1.2",11,"Hex","Only modified detected",29552000,29552000,"V_arrenata_quantified_raw.txt"
2154,"Varen_6869_AgSp1.2_glycine_rm1_11","Varen_6869_AgSp1.2","Varen_6869_AgSp1.2_glycine_rm1_11",63,26,99,"T","Va_Updated_RM_Final_File.fasta","Varen_6869_AgSp1.2",3,"Phos","0.607987810504578",7.26e+08,24585000,"V_arrenata_quantified_raw.txt"
2154,"Varen_6869_AgSp1.2_glycine_rm1_11","Varen_6869_AgSp1.2","Varen_6869_AgSp1.2_glycine_rm1_11",63,26,99,"T","Va_Updated_RM_Final_File.fasta","Varen_6869_AgSp1.2",5,"Phos","0.8767029162963433",7.26e+08,25633000,"V_arrenata_quantified_raw.txt"
2154,"Varen_6869_AgSp1.2_glycine_rm1_11","Varen_6869_AgSp1.2","Varen_6869_AgSp1.2_glycine_rm1_11",63,26,99,"T","Va_Updated_RM_Final_File.fasta","Varen_6869_AgSp1.2",7,"Hex","Cannot Determine",1172900000,27803000,"V_arrenata_quantified_raw.txt"
2154,"Varen_6869_AgSp1.2_glycine_rm1_11","Varen_6869_AgSp1.2","Varen_6869_AgSp1.2_glycine_rm1_11",63,26,99,"T","Va_Updated_RM_Final_File.fasta","Varen_6869_AgSp1.2",9,"Hex","0.387258096106678",7.26e+08,24585000,"V_arrenata_quantified_raw.txt"
2154,"Varen_6869_AgSp1.2_glycine_rm1_11","Varen_6869_AgSp1.2","Varen_6869_AgSp1.2_glycine_rm1_11",63,26,99,"T","Va_Updated_RM_Final_File.fasta","Varen_6869_AgSp1.2",11,"Hex","0.9048193384299879",7.26e+08,25633000,"V_arrenata_quantified_raw.txt"
2155,"Varen_6869_AgSp1.2_glycine_rm1_11","Varen_6869_AgSp1.2","Varen_6869_AgSp1.2_glycine_rm1_11",63,27,99,"T","Va_Updated_RM_Final_File.fasta","Varen_6869_AgSp1.2",1,"Phos","0.961683142863373",1172900000,27803000,"V_arrenata_quantified_raw.txt"
2155,"Varen_6869_AgSp1.2_glycine_rm1_11","Varen_6869_AgSp1.2","Varen_6869_AgSp1.2_glycine_rm1_11",63,27,99,"T","Va_Updated_RM_Final_File.fasta","Varen_6869_AgSp1.2",3,"Phos","0.8602575501974419",7.26e+08,24585000,"V_arrenata_quantified_raw.txt"
2155,"Varen_6869_AgSp1.2_glycine_rm1_11","Varen_6869_AgSp1.2","Varen_6869_AgSp1.2_glycine_rm1_11",63,27,99,"T","Va_Updated_RM_Final_File.fasta","Varen_6869_AgSp1.2",5,"Phos","Cannot Determine",7.26e+08,25633000,"V_arrenata_quantified_raw.txt"
2155,"Varen_6869_AgSp1.2_glycine_rm1_11","Varen_6869_AgSp1.2","Varen_6869_AgSp1.2_glycine_rm1_11",63,27,99,"T","Va_Updated_RM_Final_File.fasta","Varen_6869_AgSp1.2",7,"Hex","0.784825142651191",1172900000,27803000,"V_arrenata_quantified_raw.txt"
2155,"Varen_6869_AgSp1.2_glycine_rm1_11","Varen_6869_AgSp1.2","Varen_6869_AgSp1.2_glycine_rm1_11",63,27,99,"T","Va_Updated_RM_Final_File.fasta","Varen_6869_AgSp1.2",9,"Hex","Cannot Determine",7.26e+08,24585000,"V_arrenata_quantified_raw.txt"
2155,"Varen_6869_AgSp1.2_glycine_rm1_11","Varen_6869_AgSp1.2","Varen_6869_AgSp1.2_glycine_rm1_11",63,27,99,"T","Va_Updated_RM_Final_File.fasta","Varen_6869_AgSp1.2",11,"Hex","Cannot Determine",7.26e+08,25633000,"V_arrenata_quantified_raw.txt"
2158,"Varen_6869_AgSp1.2_glycine_rm1_11","Varen_6869_AgSp1.2","Varen_6869_AgSp1.2_glycine_rm1_11",63,30,99,"S","Va_Updated_RM_Final_File.fasta","Varen_6869_AgSp1.2",1,"Phos","0.7673615002474776",1172900000,27803000,"V_arrenata_quantified_raw.txt"
2158,"Varen_6869_AgSp1.2_glycine_rm1_11","Varen_6869_AgSp1.2","Varen_6869_AgSp1.2_glycine_rm1_11",63,30,99,"S","Va_Updated_RM_Final_File.fasta","Varen_6869_AgSp1.2",3,"Phos","Only modified detected",7.26e+08,24585000,"V_arrenata_quantified_raw.txt"
2158,"Varen_6869_AgSp1.2_glycine_rm1_11","Varen_6869_AgSp1.2","Varen_6869_AgSp1.2_glycine_rm1_11",63,30,99,"S","Va_Updated_RM_Final_File.fasta","Varen_6869_AgSp1.2",5,"Phos","Only modified detected",7.26e+08,25633000,"V_arrenata_quantified_raw.txt"
2158,"Varen_6869_AgSp1.2_glycine_rm1_11","Varen_6869_AgSp1.2","Varen_6869_AgSp1.2_glycine_rm1_11",63,30,99,"S","Va_Updated_RM_Final_File.fasta","Varen_6869_AgSp1.2",7,"Hex","Cannot Determine",1172900000,27803000,"V_arrenata_quantified_raw.txt"
2158,"Varen_6869_AgSp1.2_glycine_rm1_11","Varen_6869_AgSp1.2","Varen_6869_AgSp1.2_glycine_rm1_11",63,30,99,"S","Va_Updated_RM_Final_File.fasta","Varen_6869_AgSp1.2",9,"Hex","Only modified detected",7.26e+08,24585000,"V_arrenata_quantified_raw.txt"
2158,"Varen_6869_AgSp1.2_glycine_rm1_11","Varen_6869_AgSp1.2","Varen_6869_AgSp1.2_glycine_rm1_11",63,30,99,"S","Va_Updated_RM_Final_File.fasta","Varen_6869_AgSp1.2",11,"Hex","Only modified detected",7.26e+08,25633000,"V_arrenata_quantified_raw.txt"
2492,"Varen_6869_AgSp1.2_tr_rm2_1","Varen_6869_AgSp1.2","Varen_6869_AgSp1.2_tr_rm2_1",67,22,71,"T","Va_Updated_RM_Final_File.fasta","Varen_6869_AgSp1.2",1,"Phos","Only modified detected",6754000,6754000,"V_arrenata_quantified_raw.txt"
2493,"Varen_6869_AgSp1.2_tr_rm2_1","Varen_6869_AgSp1.2","Varen_6869_AgSp1.2_tr_rm2_1",67,23,71,"T","Va_Updated_RM_Final_File.fasta","Varen_6869_AgSp1.2",7,"Hex","Only modified detected",6754000,6754000,"V_arrenata_quantified_raw.txt"
2496,"Varen_6869_AgSp1.2_tr_rm2_1","Varen_6869_AgSp1.2","Varen_6869_AgSp1.2_tr_rm2_1",67,26,71,"S","Va_Updated_RM_Final_File.fasta","Varen_6869_AgSp1.2",7,"Hex","0.3377018078923386",6754000,5535900,"V_arrenata_quantified_raw.txt"
2567,"Varen_6869_AgSp1.2_serine_rm2_1","Varen_6869_AgSp1.2","Varen_6869_AgSp1.2_serine_rm2_1",68,26,99,"S","Va_Updated_RM_Final_File.fasta","Varen_6869_AgSp1.2",7,"Hex","0.10121402180568505",32477000,18321000,"V_arrenata_quantified_raw.txt"
2567,"Varen_6869_AgSp1.2_serine_rm2_1","Varen_6869_AgSp1.2","Varen_6869_AgSp1.2_serine_rm2_1",68,26,99,"S","Va_Updated_RM_Final_File.fasta","Varen_6869_AgSp1.2",9,"Hex","0.8536130077072365",11557000,6342600,"V_arrenata_quantified_raw.txt"
2567,"Varen_6869_AgSp1.2_serine_rm2_1","Varen_6869_AgSp1.2","Varen_6869_AgSp1.2_serine_rm2_1",68,26,99,"S","Va_Updated_RM_Final_File.fasta","Varen_6869_AgSp1.2",11,"Hex","Cannot Determine",11557000,7077800,"V_arrenata_quantified_raw.txt"
2568,"Varen_6869_AgSp1.2_serine_rm2_1","Varen_6869_AgSp1.2","Varen_6869_AgSp1.2_serine_rm2_1",68,27,99,"T","Va_Updated_RM_Final_File.fasta","Varen_6869_AgSp1.2",7,"Hex","0.6504036618546831",32477000,18321000,"V_arrenata_quantified_raw.txt"
2568,"Varen_6869_AgSp1.2_serine_rm2_1","Varen_6869_AgSp1.2","Varen_6869_AgSp1.2_serine_rm2_1",68,27,99,"T","Va_Updated_RM_Final_File.fasta","Varen_6869_AgSp1.2",9,"Hex","0.44578127055161754",11557000,6342600,"V_arrenata_quantified_raw.txt"
2568,"Varen_6869_AgSp1.2_serine_rm2_1","Varen_6869_AgSp1.2","Varen_6869_AgSp1.2_serine_rm2_1",68,27,99,"T","Va_Updated_RM_Final_File.fasta","Varen_6869_AgSp1.2",11,"Hex","Cannot Determine",11557000,7077800,"V_arrenata_quantified_raw.txt"
2571,"Varen_6869_AgSp1.2_serine_rm2_1","Varen_6869_AgSp1.2","Varen_6869_AgSp1.2_serine_rm2_1",68,30,99,"S","Va_Updated_RM_Final_File.fasta","Varen_6869_AgSp1.2",1,"Phos","0.5707174495083257",32477000,18321000,"V_arrenata_quantified_raw.txt"
2571,"Varen_6869_AgSp1.2_serine_rm2_1","Varen_6869_AgSp1.2","Varen_6869_AgSp1.2_serine_rm2_1",68,30,99,"S","Va_Updated_RM_Final_File.fasta","Varen_6869_AgSp1.2",3,"Phos","0.8568838040456208",11557000,6342600,"V_arrenata_quantified_raw.txt"
2571,"Varen_6869_AgSp1.2_serine_rm2_1","Varen_6869_AgSp1.2","Varen_6869_AgSp1.2_serine_rm2_1",68,30,99,"S","Va_Updated_RM_Final_File.fasta","Varen_6869_AgSp1.2",5,"Phos","0.819737847711692",11557000,7077800,"V_arrenata_quantified_raw.txt"
2571,"Varen_6869_AgSp1.2_serine_rm2_1","Varen_6869_AgSp1.2","Varen_6869_AgSp1.2_serine_rm2_1",68,30,99,"S","Va_Updated_RM_Final_File.fasta","Varen_6869_AgSp1.2",7,"Hex","0.7229987764753264",32477000,18321000,"V_arrenata_quantified_raw.txt"
2595,"Varen_6869_AgSp1.2_serine_rm2_1","Varen_6869_AgSp1.2","Varen_6869_AgSp1.2_serine_rm2_1",68,54,99,"T","Va_Updated_RM_Final_File.fasta","Varen_6869_AgSp1.2",7,"Hex","Cannot Determine",360480000,6496400,"V_arrenata_quantified_raw.txt"
2595,"Varen_6869_AgSp1.2_serine_rm2_1","Varen_6869_AgSp1.2","Varen_6869_AgSp1.2_serine_rm2_1",68,54,99,"T","Va_Updated_RM_Final_File.fasta","Varen_6869_AgSp1.2",9,"Hex","Cannot Determine",2.58e+08,9117200,"V_arrenata_quantified_raw.txt"
2595,"Varen_6869_AgSp1.2_serine_rm2_1","Varen_6869_AgSp1.2","Varen_6869_AgSp1.2_serine_rm2_1",68,54,99,"T","Va_Updated_RM_Final_File.fasta","Varen_6869_AgSp1.2",11,"Hex","Cannot Determine",2.58e+08,9117200,"V_arrenata_quantified_raw.txt"
2597,"Varen_6869_AgSp1.2_serine_rm2_1","Varen_6869_AgSp1.2","Varen_6869_AgSp1.2_serine_rm2_1",68,56,99,"S","Va_Updated_RM_Final_File.fasta","Varen_6869_AgSp1.2",1,"Phos","Cannot Determine",360480000,6496400,"V_arrenata_quantified_raw.txt"
2597,"Varen_6869_AgSp1.2_serine_rm2_1","Varen_6869_AgSp1.2","Varen_6869_AgSp1.2_serine_rm2_1",68,56,99,"S","Va_Updated_RM_Final_File.fasta","Varen_6869_AgSp1.2",3,"Phos","0.48864170537441315",2.58e+08,9117200,"V_arrenata_quantified_raw.txt"
2597,"Varen_6869_AgSp1.2_serine_rm2_1","Varen_6869_AgSp1.2","Varen_6869_AgSp1.2_serine_rm2_1",68,56,99,"S","Va_Updated_RM_Final_File.fasta","Varen_6869_AgSp1.2",5,"Phos","0.5924384178544435",2.58e+08,9117200,"V_arrenata_quantified_raw.txt"
2597,"Varen_6869_AgSp1.2_serine_rm2_1","Varen_6869_AgSp1.2","Varen_6869_AgSp1.2_serine_rm2_1",68,56,99,"S","Va_Updated_RM_Final_File.fasta","Varen_6869_AgSp1.2",9,"Hex","Cannot Determine",2.58e+08,9117200,"V_arrenata_quantified_raw.txt"
2597,"Varen_6869_AgSp1.2_serine_rm2_1","Varen_6869_AgSp1.2","Varen_6869_AgSp1.2_serine_rm2_1",68,56,99,"S","Va_Updated_RM_Final_File.fasta","Varen_6869_AgSp1.2",11,"Hex","Cannot Determine",2.58e+08,9117200,"V_arrenata_quantified_raw.txt"
2603,"Varen_6869_AgSp1.2_serine_rm2_1","Varen_6869_AgSp1.2","Varen_6869_AgSp1.2_serine_rm2_1",68,62,99,"S","Va_Updated_RM_Final_File.fasta","Varen_6869_AgSp1.2",1,"Phos","Cannot Determine",232670000,16537000,"V_arrenata_quantified_raw.txt"
2603,"Varen_6869_AgSp1.2_serine_rm2_1","Varen_6869_AgSp1.2","Varen_6869_AgSp1.2_serine_rm2_1",68,62,99,"S","Va_Updated_RM_Final_File.fasta","Varen_6869_AgSp1.2",3,"Phos","Only modified detected",172180000,19012000,"V_arrenata_quantified_raw.txt"
2603,"Varen_6869_AgSp1.2_serine_rm2_1","Varen_6869_AgSp1.2","Varen_6869_AgSp1.2_serine_rm2_1",68,62,99,"S","Va_Updated_RM_Final_File.fasta","Varen_6869_AgSp1.2",5,"Phos","Only modified detected",172180000,19012000,"V_arrenata_quantified_raw.txt"
2608,"Varen_6869_AgSp1.2_serine_rm2_1","Varen_6869_AgSp1.2","Varen_6869_AgSp1.2_serine_rm2_1",68,67,99,"T","Va_Updated_RM_Final_File.fasta","Varen_6869_AgSp1.2",7,"Hex","Cannot Determine",232670000,16537000,"V_arrenata_quantified_raw.txt"
2608,"Varen_6869_AgSp1.2_serine_rm2_1","Varen_6869_AgSp1.2","Varen_6869_AgSp1.2_serine_rm2_1",68,67,99,"T","Va_Updated_RM_Final_File.fasta","Varen_6869_AgSp1.2",9,"Hex","Cannot Determine",172180000,19012000,"V_arrenata_quantified_raw.txt"
2608,"Varen_6869_AgSp1.2_serine_rm2_1","Varen_6869_AgSp1.2","Varen_6869_AgSp1.2_serine_rm2_1",68,67,99,"T","Va_Updated_RM_Final_File.fasta","Varen_6869_AgSp1.2",11,"Hex","Cannot Determine",172180000,19012000,"V_arrenata_quantified_raw.txt"
2609,"Varen_6869_AgSp1.2_serine_rm2_1","Varen_6869_AgSp1.2","Varen_6869_AgSp1.2_serine_rm2_1",68,68,99,"T","Va_Updated_RM_Final_File.fasta","Varen_6869_AgSp1.2",7,"Hex","Cannot Determine",232670000,16537000,"V_arrenata_quantified_raw.txt"
2609,"Varen_6869_AgSp1.2_serine_rm2_1","Varen_6869_AgSp1.2","Varen_6869_AgSp1.2_serine_rm2_1",68,68,99,"T","Va_Updated_RM_Final_File.fasta","Varen_6869_AgSp1.2",9,"Hex","Cannot Determine",172180000,19012000,"V_arrenata_quantified_raw.txt"
2609,"Varen_6869_AgSp1.2_serine_rm2_1","Varen_6869_AgSp1.2","Varen_6869_AgSp1.2_serine_rm2_1",68,68,99,"T","Va_Updated_RM_Final_File.fasta","Varen_6869_AgSp1.2",11,"Hex","Only modified detected",172180000,19012000,"V_arrenata_quantified_raw.txt"
2613,"Varen_6869_AgSp1.2_serine_rm2_1","Varen_6869_AgSp1.2","Varen_6869_AgSp1.2_serine_rm2_1",68,72,99,"S","Va_Updated_RM_Final_File.fasta","Varen_6869_AgSp1.2",7,"Hex","Only modified detected",15063000,15063000,"V_arrenata_quantified_raw.txt"
2613,"Varen_6869_AgSp1.2_serine_rm2_1","Varen_6869_AgSp1.2","Varen_6869_AgSp1.2_serine_rm2_1",68,72,99,"S","Va_Updated_RM_Final_File.fasta","Varen_6869_AgSp1.2",9,"Hex","Only modified detected",7485700,7485700,"V_arrenata_quantified_raw.txt"
2613,"Varen_6869_AgSp1.2_serine_rm2_1","Varen_6869_AgSp1.2","Varen_6869_AgSp1.2_serine_rm2_1",68,72,99,"S","Va_Updated_RM_Final_File.fasta","Varen_6869_AgSp1.2",11,"Hex","Only modified detected",7485700,7485700,"V_arrenata_quantified_raw.txt"
2626,"Varen_6869_AgSp1.2_serine_rm2_1","Varen_6869_AgSp1.2","Varen_6869_AgSp1.2_serine_rm2_1",68,85,99,"T","Va_Updated_RM_Final_File.fasta","Varen_6869_AgSp1.2",7,"Hex","Only modified detected",15063000,15063000,"V_arrenata_quantified_raw.txt"
2626,"Varen_6869_AgSp1.2_serine_rm2_1","Varen_6869_AgSp1.2","Varen_6869_AgSp1.2_serine_rm2_1",68,85,99,"T","Va_Updated_RM_Final_File.fasta","Varen_6869_AgSp1.2",9,"Hex","Only modified detected",7485700,7485700,"V_arrenata_quantified_raw.txt"
2626,"Varen_6869_AgSp1.2_serine_rm2_1","Varen_6869_AgSp1.2","Varen_6869_AgSp1.2_serine_rm2_1",68,85,99,"T","Va_Updated_RM_Final_File.fasta","Varen_6869_AgSp1.2",11,"Hex","Only modified detected",7485700,7485700,"V_arrenata_quantified_raw.txt"
2980,"Varen_6869_AgSp1.2_serine_rm3_2","Varen_6869_AgSp1.2","Varen_6869_AgSp1.2_serine_rm3_2",72,80,98,"T","Va_Updated_RM_Final_File.fasta","Varen_6869_AgSp1.2",7,"Hex","Only modified detected",6863600,6863600,"V_arrenata_quantified_raw.txt"
2980,"Varen_6869_AgSp1.2_serine_rm3_2","Varen_6869_AgSp1.2","Varen_6869_AgSp1.2_serine_rm3_2",72,80,98,"T","Va_Updated_RM_Final_File.fasta","Varen_6869_AgSp1.2",9,"Hex","Only modified detected",4466000,4466000,"V_arrenata_quantified_raw.txt"
2980,"Varen_6869_AgSp1.2_serine_rm3_2","Varen_6869_AgSp1.2","Varen_6869_AgSp1.2_serine_rm3_2",72,80,98,"T","Va_Updated_RM_Final_File.fasta","Varen_6869_AgSp1.2",11,"Hex","Only modified detected",4466000,4466000,"V_arrenata_quantified_raw.txt"
3069,"Varen_6869_AgSp1.2_serine_rm3_3","Varen_6869_AgSp1.2","Varen_6869_AgSp1.2_serine_rm3_3",73,71,98,"S","Va_Updated_RM_Final_File.fasta","Varen_6869_AgSp1.2",9,"Hex","Only modified detected",1617400,1617400,"V_arrenata_quantified_raw.txt"
3069,"Varen_6869_AgSp1.2_serine_rm3_3","Varen_6869_AgSp1.2","Varen_6869_AgSp1.2_serine_rm3_3",73,71,98,"S","Va_Updated_RM_Final_File.fasta","Varen_6869_AgSp1.2",11,"Hex","Only modified detected",1617400,1617400,"V_arrenata_quantified_raw.txt"
3078,"Varen_6869_AgSp1.2_serine_rm3_3","Varen_6869_AgSp1.2","Varen_6869_AgSp1.2_serine_rm3_3",73,80,98,"T","Va_Updated_RM_Final_File.fasta","Varen_6869_AgSp1.2",7,"Hex","Only modified detected",2031100,2031100,"V_arrenata_quantified_raw.txt"
3168,"Varen_6869_AgSp1.2_serine_rm3_4","Varen_6869_AgSp1.2","Varen_6869_AgSp1.2_serine_rm3_4",74,72,98,"S","Va_Updated_RM_Final_File.fasta","Varen_6869_AgSp1.2",9,"Hex","Only modified detected",8125900,8125900,"V_arrenata_quantified_raw.txt"
3168,"Varen_6869_AgSp1.2_serine_rm3_4","Varen_6869_AgSp1.2","Varen_6869_AgSp1.2_serine_rm3_4",74,72,98,"S","Va_Updated_RM_Final_File.fasta","Varen_6869_AgSp1.2",11,"Hex","Only modified detected",8125900,8125900,"V_arrenata_quantified_raw.txt"
3176,"Varen_6869_AgSp1.2_serine_rm3_4","Varen_6869_AgSp1.2","Varen_6869_AgSp1.2_serine_rm3_4",74,80,98,"T","Va_Updated_RM_Final_File.fasta","Varen_6869_AgSp1.2",7,"Hex","Only modified detected",10767000,10767000,"V_arrenata_quantified_raw.txt"
3181,"Varen_6869_AgSp1.2_serine_rm3_4","Varen_6869_AgSp1.2","Varen_6869_AgSp1.2_serine_rm3_4",74,85,98,"T","Va_Updated_RM_Final_File.fasta","Varen_6869_AgSp1.2",7,"Hex","Only modified detected",1786100,1786100,"V_arrenata_quantified_raw.txt"
3181,"Varen_6869_AgSp1.2_serine_rm3_4","Varen_6869_AgSp1.2","Varen_6869_AgSp1.2_serine_rm3_4",74,85,98,"T","Va_Updated_RM_Final_File.fasta","Varen_6869_AgSp1.2",9,"Hex","Only modified detected",1565100,1565100,"V_arrenata_quantified_raw.txt"
3181,"Varen_6869_AgSp1.2_serine_rm3_4","Varen_6869_AgSp1.2","Varen_6869_AgSp1.2_serine_rm3_4",74,85,98,"T","Va_Updated_RM_Final_File.fasta","Varen_6869_AgSp1.2",11,"Hex","Only modified detected",1565100,1565100,"V_arrenata_quantified_raw.txt"
3265,"Varen_6869_AgSp1.2_serine_rm3_5","Varen_6869_AgSp1.2","Varen_6869_AgSp1.2_serine_rm3_5",75,71,98,"S","Va_Updated_RM_Final_File.fasta","Varen_6869_AgSp1.2",9,"Hex","Only modified detected",6625500,6625500,"V_arrenata_quantified_raw.txt"
3265,"Varen_6869_AgSp1.2_serine_rm3_5","Varen_6869_AgSp1.2","Varen_6869_AgSp1.2_serine_rm3_5",75,71,98,"S","Va_Updated_RM_Final_File.fasta","Varen_6869_AgSp1.2",11,"Hex","Only modified detected",6625500,6625500,"V_arrenata_quantified_raw.txt"
3274,"Varen_6869_AgSp1.2_serine_rm3_5","Varen_6869_AgSp1.2","Varen_6869_AgSp1.2_serine_rm3_5",75,80,98,"T","Va_Updated_RM_Final_File.fasta","Varen_6869_AgSp1.2",7,"Hex","Only modified detected",8681300,8681300,"V_arrenata_quantified_raw.txt"
3544,"Varen_6869_AgSp1.2_serine_rm3_8","Varen_6869_AgSp1.2","Varen_6869_AgSp1.2_serine_rm3_8",78,56,98,"S","Va_Updated_RM_Final_File.fasta","Varen_6869_AgSp1.2",7,"Hex","Only modified detected",5540400,5540400,"V_arrenata_quantified_raw.txt"
3555,"Varen_6869_AgSp1.2_serine_rm3_8","Varen_6869_AgSp1.2","Varen_6869_AgSp1.2_serine_rm3_8",78,67,98,"S","Va_Updated_RM_Final_File.fasta","Varen_6869_AgSp1.2",7,"Hex","Only modified detected",5540400,5540400,"V_arrenata_quantified_raw.txt"
3850,"Varen_6869_AgSp1.2_tr_cr4","Varen_6869_AgSp1.2","Varen_6869_AgSp1.2_tr_cr4",83,22,54,"T","Va_Updated_RM_Final_File.fasta","Varen_6869_AgSp1.2",7,"Hex","Only modified detected",5595300,5595300,"V_arrenata_quantified_raw.txt"
3850,"Varen_6869_AgSp1.2_tr_cr4","Varen_6869_AgSp1.2","Varen_6869_AgSp1.2_tr_cr4",83,22,54,"T","Va_Updated_RM_Final_File.fasta","Varen_6869_AgSp1.2",9,"Hex","Only modified detected",3636900,3636900,"V_arrenata_quantified_raw.txt"
3850,"Varen_6869_AgSp1.2_tr_cr4","Varen_6869_AgSp1.2","Varen_6869_AgSp1.2_tr_cr4",83,22,54,"T","Va_Updated_RM_Final_File.fasta","Varen_6869_AgSp1.2",11,"Hex","Only modified detected",3636900,3636900,"V_arrenata_quantified_raw.txt"
3851,"Varen_6869_AgSp1.2_tr_cr4","Varen_6869_AgSp1.2","Varen_6869_AgSp1.2_tr_cr4",83,23,54,"T","Va_Updated_RM_Final_File.fasta","Varen_6869_AgSp1.2",7,"Hex","Only modified detected",5595300,5595300,"V_arrenata_quantified_raw.txt"
3851,"Varen_6869_AgSp1.2_tr_cr4","Varen_6869_AgSp1.2","Varen_6869_AgSp1.2_tr_cr4",83,23,54,"T","Va_Updated_RM_Final_File.fasta","Varen_6869_AgSp1.2",9,"Hex","Only modified detected",3636900,3636900,"V_arrenata_quantified_raw.txt"
3851,"Varen_6869_AgSp1.2_tr_cr4","Varen_6869_AgSp1.2","Varen_6869_AgSp1.2_tr_cr4",83,23,54,"T","Va_Updated_RM_Final_File.fasta","Varen_6869_AgSp1.2",11,"Hex","Only modified detected",3636900,3636900,"V_arrenata_quantified_raw.txt"
3929,"Varen_6869_AgSp1.2_cr","Varen_6869_AgSp1.2","Varen_6869_AgSp1.2_cr",85,4,381,"T","Va_Updated_RM_Final_File.fasta","Varen_6869_AgSp1.2",7,"Hex","Only modified detected",7764900,7764900,"V_arrenata_quantified_raw.txt"
3929,"Varen_6869_AgSp1.2_cr","Varen_6869_AgSp1.2","Varen_6869_AgSp1.2_cr",85,4,381,"T","Va_Updated_RM_Final_File.fasta","Varen_6869_AgSp1.2",11,"Hex","Only modified detected",5794500,5794500,"V_arrenata_quantified_raw.txt"
4391,"Varen_6869_AgSp1.2_cta","Varen_6869_AgSp1.2","Varen_6869_AgSp1.2_cta",86,85,132,"S","Va_Updated_RM_Final_File.fasta","Varen_6869_AgSp1.2",9,"Hex","Cannot Determine",47680000,21995500,"V_arrenata_quantified_raw.txt"
4391,"Varen_6869_AgSp1.2_cta","Varen_6869_AgSp1.2","Varen_6869_AgSp1.2_cta",86,85,132,"S","Va_Updated_RM_Final_File.fasta","Varen_6869_AgSp1.2",11,"Hex","0.17852908687652225",47680000,16338000,"V_arrenata_quantified_raw.txt"
4400,"Varen_6869_AgSp1.2_cta","Varen_6869_AgSp1.2","Varen_6869_AgSp1.2_cta",86,94,132,"T","Va_Updated_RM_Final_File.fasta","Varen_6869_AgSp1.2",7,"Hex","Cannot Determine",18245000,4402500,"V_arrenata_quantified_raw.txt"
4400,"Varen_6869_AgSp1.2_cta","Varen_6869_AgSp1.2","Varen_6869_AgSp1.2_cta",86,94,132,"T","Va_Updated_RM_Final_File.fasta","Varen_6869_AgSp1.2",9,"Hex","Cannot Determine",47680000,21995500,"V_arrenata_quantified_raw.txt"
4400,"Varen_6869_AgSp1.2_cta","Varen_6869_AgSp1.2","Varen_6869_AgSp1.2_cta",86,94,132,"T","Va_Updated_RM_Final_File.fasta","Varen_6869_AgSp1.2",11,"Hex","0.3154409057304352",47680000,16338000,"V_arrenata_quantified_raw.txt"
4411,"Varen_6869_AgSp1.2_cta","Varen_6869_AgSp1.2","Varen_6869_AgSp1.2_cta",86,105,132,"S","Va_Updated_RM_Final_File.fasta","Varen_6869_AgSp1.2",7,"Hex","Cannot Determine",18245000,4402500,"V_arrenata_quantified_raw.txt"
4411,"Varen_6869_AgSp1.2_cta","Varen_6869_AgSp1.2","Varen_6869_AgSp1.2_cta",86,105,132,"S","Va_Updated_RM_Final_File.fasta","Varen_6869_AgSp1.2",9,"Hex","0.8452792284286308",47680000,21995500,"V_arrenata_quantified_raw.txt"
4411,"Varen_6869_AgSp1.2_cta","Varen_6869_AgSp1.2","Varen_6869_AgSp1.2_cta",86,105,132,"S","Va_Updated_RM_Final_File.fasta","Varen_6869_AgSp1.2",11,"Hex","0.3154409057304352",47680000,16338000,"V_arrenata_quantified_raw.txt"
4412,"Varen_6869_AgSp1.2_cta","Varen_6869_AgSp1.2","Varen_6869_AgSp1.2_cta",86,106,132,"T","Va_Updated_RM_Final_File.fasta","Varen_6869_AgSp1.2",7,"Hex","Cannot Determine",18245000,4402500,"V_arrenata_quantified_raw.txt"
4412,"Varen_6869_AgSp1.2_cta","Varen_6869_AgSp1.2","Varen_6869_AgSp1.2_cta",86,106,132,"T","Va_Updated_RM_Final_File.fasta","Varen_6869_AgSp1.2",9,"Hex","0.8452792284286308",47680000,21995500,"V_arrenata_quantified_raw.txt"
4412,"Varen_6869_AgSp1.2_cta","Varen_6869_AgSp1.2","Varen_6869_AgSp1.2_cta",86,106,132,"T","Va_Updated_RM_Final_File.fasta","Varen_6869_AgSp1.2",11,"Hex","0.17852908687652225",47680000,16338000,"V_arrenata_quantified_raw.txt"
4413,"Varen_6869_AgSp1.2_cta","Varen_6869_AgSp1.2","Varen_6869_AgSp1.2_cta",86,107,132,"T","Va_Updated_RM_Final_File.fasta","Varen_6869_AgSp1.2",9,"Hex","0.8452792284286308",47680000,21995500,"V_arrenata_quantified_raw.txt"
4413,"Varen_6869_AgSp1.2_cta","Varen_6869_AgSp1.2","Varen_6869_AgSp1.2_cta",86,107,132,"T","Va_Updated_RM_Final_File.fasta","Varen_6869_AgSp1.2",11,"Hex","0.17852908687652225",47680000,16338000,"V_arrenata_quantified_raw.txt"
4416,"Varen_6869_AgSp1.2_cta","Varen_6869_AgSp1.2","Varen_6869_AgSp1.2_cta",86,110,132,"S","Va_Updated_RM_Final_File.fasta","Varen_6869_AgSp1.2",7,"Hex","0.43511836523103203",18245000,4402500,"V_arrenata_quantified_raw.txt"
4416,"Varen_6869_AgSp1.2_cta","Varen_6869_AgSp1.2","Varen_6869_AgSp1.2_cta",86,110,132,"S","Va_Updated_RM_Final_File.fasta","Varen_6869_AgSp1.2",9,"Hex","0.26205806326149983",47680000,21995500,"V_arrenata_quantified_raw.txt"
4416,"Varen_6869_AgSp1.2_cta","Varen_6869_AgSp1.2","Varen_6869_AgSp1.2_cta",86,110,132,"S","Va_Updated_RM_Final_File.fasta","Varen_6869_AgSp1.2",11,"Hex","0.45235272458434816",47680000,16338000,"V_arrenata_quantified_raw.txt"
